version,1
info,team,Bangladesh
info,team,West Indies
info,gender,male
info,season,2007/08
info,date,2007/09/13
info,competition,ICC World Twenty20
info,match_number,5
info,venue,New Wanderers Stadium
info,city,Johannesburg
info,neutralvenue,true
info,toss_winner,Bangladesh
info,toss_decision,field
info,player_of_match,Mohammad Ashraful
info,umpire,MR Benson
info,umpire,NJ Llong
info,reserve_umpire,KH Hurter
info,tv_umpire,DJ Harper
info,match_referee,BC Broad
info,winner,Bangladesh
info,winner_wickets,6
ball,1,0.1,West Indies,CH Gayle,DS Smith,Syed Rasel,0,0,"",""
ball,1,0.2,West Indies,CH Gayle,DS Smith,Syed Rasel,0,0,"",""
ball,1,0.3,West Indies,CH Gayle,DS Smith,Syed Rasel,0,0,caught,CH Gayle
ball,1,0.4,West Indies,S Chanderpaul,DS Smith,Syed Rasel,0,0,"",""
ball,1,0.5,West Indies,S Chanderpaul,DS Smith,Syed Rasel,0,0,"",""
ball,1,0.6,West Indies,S Chanderpaul,DS Smith,Syed Rasel,0,0,"",""
ball,1,1.1,West Indies,DS Smith,S Chanderpaul,Abdur Razzak,1,0,"",""
ball,1,1.2,West Indies,S Chanderpaul,DS Smith,Abdur Razzak,4,0,"",""
ball,1,1.3,West Indies,S Chanderpaul,DS Smith,Abdur Razzak,0,0,"",""
ball,1,1.4,West Indies,S Chanderpaul,DS Smith,Abdur Razzak,6,0,"",""
ball,1,1.5,West Indies,S Chanderpaul,DS Smith,Abdur Razzak,1,0,"",""
ball,1,1.6,West Indies,DS Smith,S Chanderpaul,Abdur Razzak,0,0,"",""
ball,1,2.1,West Indies,S Chanderpaul,DS Smith,Syed Rasel,1,0,"",""
ball,1,2.2,West Indies,DS Smith,S Chanderpaul,Syed Rasel,0,0,"",""
ball,1,2.3,West Indies,DS Smith,S Chanderpaul,Syed Rasel,1,0,"",""
ball,1,2.4,West Indies,S Chanderpaul,DS Smith,Syed Rasel,0,0,"",""
ball,1,2.5,West Indies,S Chanderpaul,DS Smith,Syed Rasel,1,0,"",""
ball,1,2.6,West Indies,DS Smith,S Chanderpaul,Syed Rasel,1,0,"",""
ball,1,3.1,West Indies,DS Smith,S Chanderpaul,Mashrafe Mortaza,0,1,"",""
ball,1,3.2,West Indies,DS Smith,S Chanderpaul,Mashrafe Mortaza,0,1,"",""
ball,1,3.3,West Indies,DS Smith,S Chanderpaul,Mashrafe Mortaza,0,1,"",""
ball,1,3.4,West Indies,DS Smith,S Chanderpaul,Mashrafe Mortaza,0,0,"",""
ball,1,3.5,West Indies,DS Smith,S Chanderpaul,Mashrafe Mortaza,4,0,"",""
ball,1,3.6,West Indies,DS Smith,S Chanderpaul,Mashrafe Mortaza,1,0,"",""
ball,1,3.7,West Indies,S Chanderpaul,DS Smith,Mashrafe Mortaza,0,0,"",""
ball,1,3.8,West Indies,S Chanderpaul,DS Smith,Mashrafe Mortaza,0,0,"",""
ball,1,3.9,West Indies,S Chanderpaul,DS Smith,Mashrafe Mortaza,0,0,"",""
ball,1,4.1,West Indies,DS Smith,S Chanderpaul,Syed Rasel,0,0,"",""
ball,1,4.2,West Indies,DS Smith,S Chanderpaul,Syed Rasel,0,0,"",""
ball,1,4.3,West Indies,DS Smith,S Chanderpaul,Syed Rasel,0,0,"",""
ball,1,4.4,West Indies,DS Smith,S Chanderpaul,Syed Rasel,0,0,"",""
ball,1,4.5,West Indies,DS Smith,S Chanderpaul,Syed Rasel,0,0,"",""
ball,1,4.6,West Indies,DS Smith,S Chanderpaul,Syed Rasel,1,0,"",""
ball,1,5.1,West Indies,DS Smith,S Chanderpaul,Mashrafe Mortaza,4,0,"",""
ball,1,5.2,West Indies,DS Smith,S Chanderpaul,Mashrafe Mortaza,0,0,"",""
ball,1,5.3,West Indies,DS Smith,S Chanderpaul,Mashrafe Mortaza,0,0,"",""
ball,1,5.4,West Indies,DS Smith,S Chanderpaul,Mashrafe Mortaza,4,0,"",""
ball,1,5.5,West Indies,DS Smith,S Chanderpaul,Mashrafe Mortaza,0,0,"",""
ball,1,5.6,West Indies,DS Smith,S Chanderpaul,Mashrafe Mortaza,0,0,"",""
ball,1,6.1,West Indies,S Chanderpaul,DS Smith,Syed Rasel,0,0,"",""
ball,1,6.2,West Indies,S Chanderpaul,DS Smith,Syed Rasel,0,0,"",""
ball,1,6.3,West Indies,S Chanderpaul,DS Smith,Syed Rasel,1,0,"",""
ball,1,6.4,West Indies,DS Smith,S Chanderpaul,Syed Rasel,2,0,"",""
ball,1,6.5,West Indies,DS Smith,S Chanderpaul,Syed Rasel,1,0,"",""
ball,1,6.6,West Indies,S Chanderpaul,DS Smith,Syed Rasel,1,0,"",""
ball,1,7.1,West Indies,S Chanderpaul,DS Smith,Farhad Reza,0,0,"",""
ball,1,7.2,West Indies,S Chanderpaul,DS Smith,Farhad Reza,6,0,"",""
ball,1,7.3,West Indies,S Chanderpaul,DS Smith,Farhad Reza,1,0,"",""
ball,1,7.4,West Indies,DS Smith,S Chanderpaul,Farhad Reza,2,0,"",""
ball,1,7.5,West Indies,DS Smith,S Chanderpaul,Farhad Reza,2,0,"",""
ball,1,7.6,West Indies,DS Smith,S Chanderpaul,Farhad Reza,4,0,"",""
ball,1,8.1,West Indies,S Chanderpaul,DS Smith,Shakib Al Hasan,1,0,"",""
ball,1,8.2,West Indies,DS Smith,S Chanderpaul,Shakib Al Hasan,0,0,"",""
ball,1,8.3,West Indies,DS Smith,S Chanderpaul,Shakib Al Hasan,0,5,"",""
ball,1,8.4,West Indies,DS Smith,S Chanderpaul,Shakib Al Hasan,0,0,"",""
ball,1,8.5,West Indies,DS Smith,S Chanderpaul,Shakib Al Hasan,0,0,"",""
ball,1,8.6,West Indies,DS Smith,S Chanderpaul,Shakib Al Hasan,1,0,"",""
ball,1,8.7,West Indies,S Chanderpaul,DS Smith,Shakib Al Hasan,1,0,"",""
ball,1,9.1,West Indies,S Chanderpaul,DS Smith,Farhad Reza,0,1,"",""
ball,1,9.2,West Indies,DS Smith,S Chanderpaul,Farhad Reza,1,0,"",""
ball,1,9.3,West Indies,S Chanderpaul,DS Smith,Farhad Reza,1,0,"",""
ball,1,9.4,West Indies,DS Smith,S Chanderpaul,Farhad Reza,0,0,"",""
ball,1,9.5,West Indies,DS Smith,S Chanderpaul,Farhad Reza,4,0,"",""
ball,1,9.6,West Indies,DS Smith,S Chanderpaul,Farhad Reza,1,0,"",""
ball,1,10.1,West Indies,DS Smith,S Chanderpaul,Shakib Al Hasan,1,0,"",""
ball,1,10.2,West Indies,S Chanderpaul,DS Smith,Shakib Al Hasan,4,0,"",""
ball,1,10.3,West Indies,S Chanderpaul,DS Smith,Shakib Al Hasan,1,0,"",""
ball,1,10.4,West Indies,DS Smith,S Chanderpaul,Shakib Al Hasan,2,0,"",""
ball,1,10.5,West Indies,DS Smith,S Chanderpaul,Shakib Al Hasan,4,0,"",""
ball,1,10.6,West Indies,DS Smith,S Chanderpaul,Shakib Al Hasan,0,0,"",""
ball,1,11.1,West Indies,S Chanderpaul,DS Smith,Abdur Razzak,4,0,"",""
ball,1,11.2,West Indies,S Chanderpaul,DS Smith,Abdur Razzak,1,0,"",""
ball,1,11.3,West Indies,DS Smith,S Chanderpaul,Abdur Razzak,0,0,"",""
ball,1,11.4,West Indies,DS Smith,S Chanderpaul,Abdur Razzak,1,0,"",""
ball,1,11.5,West Indies,S Chanderpaul,DS Smith,Abdur Razzak,1,0,"",""
ball,1,11.6,West Indies,DS Smith,S Chanderpaul,Abdur Razzak,1,0,"",""
ball,1,12.1,West Indies,DS Smith,S Chanderpaul,Mohammad Ashraful,0,0,"",""
ball,1,12.2,West Indies,DS Smith,S Chanderpaul,Mohammad Ashraful,2,0,"",""
ball,1,12.3,West Indies,DS Smith,S Chanderpaul,Mohammad Ashraful,0,0,"",""
ball,1,12.4,West Indies,DS Smith,S Chanderpaul,Mohammad Ashraful,1,0,"",""
ball,1,12.5,West Indies,S Chanderpaul,DS Smith,Mohammad Ashraful,1,0,"",""
ball,1,12.6,West Indies,DS Smith,S Chanderpaul,Mohammad Ashraful,1,0,"",""
ball,1,13.1,West Indies,DS Smith,S Chanderpaul,Abdur Razzak,0,0,"",""
ball,1,13.2,West Indies,DS Smith,S Chanderpaul,Abdur Razzak,0,0,"",""
ball,1,13.3,West Indies,DS Smith,S Chanderpaul,Abdur Razzak,1,0,"",""
ball,1,13.4,West Indies,S Chanderpaul,DS Smith,Abdur Razzak,0,0,caught,S Chanderpaul
ball,1,13.5,West Indies,MN Samuels,DS Smith,Abdur Razzak,0,0,"",""
ball,1,13.6,West Indies,MN Samuels,DS Smith,Abdur Razzak,1,0,"",""
ball,1,14.1,West Indies,MN Samuels,DS Smith,Mohammad Ashraful,1,0,"",""
ball,1,14.2,West Indies,DS Smith,MN Samuels,Mohammad Ashraful,1,0,"",""
ball,1,14.3,West Indies,MN Samuels,DS Smith,Mohammad Ashraful,0,0,"",""
ball,1,14.4,West Indies,MN Samuels,DS Smith,Mohammad Ashraful,1,0,"",""
ball,1,14.5,West Indies,DS Smith,MN Samuels,Mohammad Ashraful,1,0,"",""
ball,1,14.6,West Indies,MN Samuels,DS Smith,Mohammad Ashraful,2,0,"",""
ball,1,15.1,West Indies,DS Smith,MN Samuels,Abdur Razzak,0,1,"",""
ball,1,15.2,West Indies,MN Samuels,DS Smith,Abdur Razzak,1,0,"",""
ball,1,15.3,West Indies,DS Smith,MN Samuels,Abdur Razzak,0,0,bowled,DS Smith
ball,1,15.4,West Indies,RR Sarwan,MN Samuels,Abdur Razzak,0,0,"",""
ball,1,15.5,West Indies,RR Sarwan,MN Samuels,Abdur Razzak,1,0,"",""
ball,1,15.6,West Indies,MN Samuels,RR Sarwan,Abdur Razzak,1,0,"",""
ball,1,16.1,West Indies,MN Samuels,RR Sarwan,Mohammad Ashraful,6,0,"",""
ball,1,16.2,West Indies,MN Samuels,RR Sarwan,Mohammad Ashraful,4,0,"",""
ball,1,16.3,West Indies,MN Samuels,RR Sarwan,Mohammad Ashraful,6,0,"",""
ball,1,16.4,West Indies,MN Samuels,RR Sarwan,Mohammad Ashraful,4,0,"",""
ball,1,16.5,West Indies,MN Samuels,RR Sarwan,Mohammad Ashraful,0,0,"",""
ball,1,16.6,West Indies,MN Samuels,RR Sarwan,Mohammad Ashraful,0,0,caught,MN Samuels
ball,1,17.1,West Indies,RR Sarwan,D Ramdin,Shakib Al Hasan,2,0,"",""
ball,1,17.2,West Indies,RR Sarwan,D Ramdin,Shakib Al Hasan,1,0,"",""
ball,1,17.3,West Indies,D Ramdin,RR Sarwan,Shakib Al Hasan,0,0,"",""
ball,1,17.4,West Indies,D Ramdin,RR Sarwan,Shakib Al Hasan,2,0,"",""
ball,1,17.5,West Indies,D Ramdin,RR Sarwan,Shakib Al Hasan,0,0,caught,D Ramdin
ball,1,17.6,West Indies,RR Sarwan,DR Smith,Shakib Al Hasan,0,0,"",""
ball,1,18.1,West Indies,DR Smith,RR Sarwan,Mohammad Ashraful,1,0,"",""
ball,1,18.2,West Indies,RR Sarwan,DR Smith,Mohammad Ashraful,1,0,"",""
ball,1,18.3,West Indies,DR Smith,RR Sarwan,Mohammad Ashraful,6,0,"",""
ball,1,18.4,West Indies,DR Smith,RR Sarwan,Mohammad Ashraful,6,0,"",""
ball,1,18.5,West Indies,DR Smith,RR Sarwan,Mohammad Ashraful,6,0,"",""
ball,1,18.6,West Indies,DR Smith,RR Sarwan,Mohammad Ashraful,4,0,"",""
ball,1,19.1,West Indies,RR Sarwan,DR Smith,Shakib Al Hasan,0,0,stumped,RR Sarwan
ball,1,19.2,West Indies,DJ Bravo,DR Smith,Shakib Al Hasan,2,0,"",""
ball,1,19.3,West Indies,DJ Bravo,DR Smith,Shakib Al Hasan,0,0,stumped,DJ Bravo
ball,1,19.4,West Indies,DBL Powell,DR Smith,Shakib Al Hasan,1,0,"",""
ball,1,19.5,West Indies,DR Smith,DBL Powell,Shakib Al Hasan,6,0,"",""
ball,1,19.6,West Indies,DR Smith,DBL Powell,Shakib Al Hasan,0,0,bowled,DR Smith
ball,2,0.1,Bangladesh,Tamim Iqbal,Nazimuddin,DBL Powell,0,0,"",""
ball,2,0.2,Bangladesh,Tamim Iqbal,Nazimuddin,DBL Powell,1,0,"",""
ball,2,0.3,Bangladesh,Nazimuddin,Tamim Iqbal,DBL Powell,0,0,"",""
ball,2,0.4,Bangladesh,Nazimuddin,Tamim Iqbal,DBL Powell,0,0,"",""
ball,2,0.5,Bangladesh,Nazimuddin,Tamim Iqbal,DBL Powell,1,0,"",""
ball,2,0.6,Bangladesh,Tamim Iqbal,Nazimuddin,DBL Powell,0,0,"",""
ball,2,1.1,Bangladesh,Nazimuddin,Tamim Iqbal,R Rampaul,0,0,caught,Nazimuddin
ball,2,1.2,Bangladesh,Tamim Iqbal,Aftab Ahmed,R Rampaul,0,0,"",""
ball,2,1.3,Bangladesh,Tamim Iqbal,Aftab Ahmed,R Rampaul,0,0,"",""
ball,2,1.4,Bangladesh,Tamim Iqbal,Aftab Ahmed,R Rampaul,0,1,"",""
ball,2,1.5,Bangladesh,Tamim Iqbal,Aftab Ahmed,R Rampaul,1,0,"",""
ball,2,1.6,Bangladesh,Aftab Ahmed,Tamim Iqbal,R Rampaul,0,0,"",""
ball,2,1.7,Bangladesh,Aftab Ahmed,Tamim Iqbal,R Rampaul,0,0,"",""
ball,2,2.1,Bangladesh,Tamim Iqbal,Aftab Ahmed,DBL Powell,4,0,"",""
ball,2,2.2,Bangladesh,Tamim Iqbal,Aftab Ahmed,DBL Powell,0,0,"",""
ball,2,2.3,Bangladesh,Tamim Iqbal,Aftab Ahmed,DBL Powell,4,0,"",""
ball,2,2.4,Bangladesh,Tamim Iqbal,Aftab Ahmed,DBL Powell,0,0,"",""
ball,2,2.5,Bangladesh,Tamim Iqbal,Aftab Ahmed,DBL Powell,0,0,"",""
ball,2,2.6,Bangladesh,Tamim Iqbal,Aftab Ahmed,DBL Powell,0,0,"",""
ball,2,3.1,Bangladesh,Aftab Ahmed,Tamim Iqbal,R Rampaul,0,0,"",""
ball,2,3.2,Bangladesh,Aftab Ahmed,Tamim Iqbal,R Rampaul,6,0,"",""
ball,2,3.3,Bangladesh,Aftab Ahmed,Tamim Iqbal,R Rampaul,4,0,"",""
ball,2,3.4,Bangladesh,Aftab Ahmed,Tamim Iqbal,R Rampaul,0,5,"",""
ball,2,3.5,Bangladesh,Aftab Ahmed,Tamim Iqbal,R Rampaul,0,0,"",""
ball,2,3.6,Bangladesh,Aftab Ahmed,Tamim Iqbal,R Rampaul,1,0,"",""
ball,2,3.7,Bangladesh,Tamim Iqbal,Aftab Ahmed,R Rampaul,0,0,caught,Tamim Iqbal
ball,2,4.1,Bangladesh,Mohammad Ashraful,Aftab Ahmed,DBL Powell,4,0,"",""
ball,2,4.2,Bangladesh,Mohammad Ashraful,Aftab Ahmed,DBL Powell,4,0,"",""
ball,2,4.3,Bangladesh,Mohammad Ashraful,Aftab Ahmed,DBL Powell,4,0,"",""
ball,2,4.4,Bangladesh,Mohammad Ashraful,Aftab Ahmed,DBL Powell,2,0,"",""
ball,2,4.5,Bangladesh,Mohammad Ashraful,Aftab Ahmed,DBL Powell,0,0,"",""
ball,2,4.6,Bangladesh,Mohammad Ashraful,Aftab Ahmed,DBL Powell,4,0,"",""
ball,2,5.1,Bangladesh,Aftab Ahmed,Mohammad Ashraful,R Rampaul,1,0,"",""
ball,2,5.2,Bangladesh,Mohammad Ashraful,Aftab Ahmed,R Rampaul,6,0,"",""
ball,2,5.3,Bangladesh,Mohammad Ashraful,Aftab Ahmed,R Rampaul,4,0,"",""
ball,2,5.4,Bangladesh,Mohammad Ashraful,Aftab Ahmed,R Rampaul,1,0,"",""
ball,2,5.5,Bangladesh,Aftab Ahmed,Mohammad Ashraful,R Rampaul,0,1,"",""
ball,2,5.6,Bangladesh,Mohammad Ashraful,Aftab Ahmed,R Rampaul,2,0,"",""
ball,2,6.1,Bangladesh,Aftab Ahmed,Mohammad Ashraful,CH Gayle,1,0,"",""
ball,2,6.2,Bangladesh,Mohammad Ashraful,Aftab Ahmed,CH Gayle,1,0,"",""
ball,2,6.3,Bangladesh,Aftab Ahmed,Mohammad Ashraful,CH Gayle,1,0,"",""
ball,2,6.4,Bangladesh,Mohammad Ashraful,Aftab Ahmed,CH Gayle,0,0,"",""
ball,2,6.5,Bangladesh,Mohammad Ashraful,Aftab Ahmed,CH Gayle,1,0,"",""
ball,2,6.6,Bangladesh,Aftab Ahmed,Mohammad Ashraful,CH Gayle,1,0,"",""
ball,2,7.1,Bangladesh,Aftab Ahmed,Mohammad Ashraful,FH Edwards,4,0,"",""
ball,2,7.2,Bangladesh,Aftab Ahmed,Mohammad Ashraful,FH Edwards,4,0,"",""
ball,2,7.3,Bangladesh,Aftab Ahmed,Mohammad Ashraful,FH Edwards,0,0,"",""
ball,2,7.4,Bangladesh,Aftab Ahmed,Mohammad Ashraful,FH Edwards,0,0,"",""
ball,2,7.5,Bangladesh,Aftab Ahmed,Mohammad Ashraful,FH Edwards,2,0,"",""
ball,2,7.6,Bangladesh,Aftab Ahmed,Mohammad Ashraful,FH Edwards,1,0,"",""
ball,2,8.1,Bangladesh,Aftab Ahmed,Mohammad Ashraful,CH Gayle,1,0,"",""
ball,2,8.2,Bangladesh,Mohammad Ashraful,Aftab Ahmed,CH Gayle,1,0,"",""
ball,2,8.3,Bangladesh,Aftab Ahmed,Mohammad Ashraful,CH Gayle,0,0,"",""
ball,2,8.4,Bangladesh,Aftab Ahmed,Mohammad Ashraful,CH Gayle,1,0,"",""
ball,2,8.5,Bangladesh,Mohammad Ashraful,Aftab Ahmed,CH Gayle,1,0,"",""
ball,2,8.6,Bangladesh,Aftab Ahmed,Mohammad Ashraful,CH Gayle,1,0,"",""
ball,2,9.1,Bangladesh,Aftab Ahmed,Mohammad Ashraful,DJ Bravo,0,0,"",""
ball,2,9.2,Bangladesh,Aftab Ahmed,Mohammad Ashraful,DJ Bravo,2,0,"",""
ball,2,9.3,Bangladesh,Aftab Ahmed,Mohammad Ashraful,DJ Bravo,0,1,"",""
ball,2,9.4,Bangladesh,Aftab Ahmed,Mohammad Ashraful,DJ Bravo,1,0,"",""
ball,2,9.5,Bangladesh,Mohammad Ashraful,Aftab Ahmed,DJ Bravo,4,0,"",""
ball,2,9.6,Bangladesh,Mohammad Ashraful,Aftab Ahmed,DJ Bravo,4,0,"",""
ball,2,9.7,Bangladesh,Mohammad Ashraful,Aftab Ahmed,DJ Bravo,6,0,"",""
ball,2,10.1,Bangladesh,Aftab Ahmed,Mohammad Ashraful,CH Gayle,4,0,"",""
ball,2,10.2,Bangladesh,Aftab Ahmed,Mohammad Ashraful,CH Gayle,0,0,"",""
ball,2,10.3,Bangladesh,Aftab Ahmed,Mohammad Ashraful,CH Gayle,2,0,"",""
ball,2,10.4,Bangladesh,Aftab Ahmed,Mohammad Ashraful,CH Gayle,0,0,"",""
ball,2,10.5,Bangladesh,Aftab Ahmed,Mohammad Ashraful,CH Gayle,1,0,"",""
ball,2,10.6,Bangladesh,Mohammad Ashraful,Aftab Ahmed,CH Gayle,0,0,"",""
ball,2,11.1,Bangladesh,Aftab Ahmed,Mohammad Ashraful,FH Edwards,0,0,"",""
ball,2,11.2,Bangladesh,Aftab Ahmed,Mohammad Ashraful,FH Edwards,0,2,"",""
ball,2,11.3,Bangladesh,Mohammad Ashraful,Aftab Ahmed,FH Edwards,6,0,"",""
ball,2,11.4,Bangladesh,Mohammad Ashraful,Aftab Ahmed,FH Edwards,1,0,"",""
ball,2,11.5,Bangladesh,Aftab Ahmed,Mohammad Ashraful,FH Edwards,0,2,"",""
ball,2,11.6,Bangladesh,Aftab Ahmed,Mohammad Ashraful,FH Edwards,0,0,"",""
ball,2,11.7,Bangladesh,Aftab Ahmed,Mohammad Ashraful,FH Edwards,4,0,"",""
ball,2,12.1,Bangladesh,Mohammad Ashraful,Aftab Ahmed,CH Gayle,1,0,"",""
ball,2,12.2,Bangladesh,Aftab Ahmed,Mohammad Ashraful,CH Gayle,1,0,"",""
ball,2,12.3,Bangladesh,Mohammad Ashraful,Aftab Ahmed,CH Gayle,1,0,"",""
ball,2,12.4,Bangladesh,Aftab Ahmed,Mohammad Ashraful,CH Gayle,1,0,"",""
ball,2,12.5,Bangladesh,Mohammad Ashraful,Aftab Ahmed,CH Gayle,1,0,"",""
ball,2,12.6,Bangladesh,Aftab Ahmed,Mohammad Ashraful,CH Gayle,0,0,"",""
ball,2,13.1,Bangladesh,Mohammad Ashraful,Aftab Ahmed,FH Edwards,1,0,"",""
ball,2,13.2,Bangladesh,Aftab Ahmed,Mohammad Ashraful,FH Edwards,0,0,"",""
ball,2,13.3,Bangladesh,Aftab Ahmed,Mohammad Ashraful,FH Edwards,4,0,"",""
ball,2,13.4,Bangladesh,Aftab Ahmed,Mohammad Ashraful,FH Edwards,0,1,"",""
ball,2,13.5,Bangladesh,Aftab Ahmed,Mohammad Ashraful,FH Edwards,1,0,"",""
ball,2,13.6,Bangladesh,Mohammad Ashraful,Aftab Ahmed,FH Edwards,1,0,"",""
ball,2,13.7,Bangladesh,Aftab Ahmed,Mohammad Ashraful,FH Edwards,1,0,"",""
ball,2,14.1,Bangladesh,Aftab Ahmed,Mohammad Ashraful,RR Sarwan,1,0,"",""
ball,2,14.2,Bangladesh,Mohammad Ashraful,Aftab Ahmed,RR Sarwan,0,0,caught,Mohammad Ashraful
ball,2,14.3,Bangladesh,Shakib Al Hasan,Aftab Ahmed,RR Sarwan,2,0,"",""
ball,2,14.4,Bangladesh,Shakib Al Hasan,Aftab Ahmed,RR Sarwan,0,0,"",""
ball,2,14.5,Bangladesh,Shakib Al Hasan,Aftab Ahmed,RR Sarwan,2,0,"",""
ball,2,14.6,Bangladesh,Shakib Al Hasan,Aftab Ahmed,RR Sarwan,0,0,"",""
ball,2,15.1,Bangladesh,Aftab Ahmed,Shakib Al Hasan,DJ Bravo,1,0,"",""
ball,2,15.2,Bangladesh,Shakib Al Hasan,Aftab Ahmed,DJ Bravo,4,0,"",""
ball,2,15.3,Bangladesh,Shakib Al Hasan,Aftab Ahmed,DJ Bravo,2,0,"",""
ball,2,15.4,Bangladesh,Shakib Al Hasan,Aftab Ahmed,DJ Bravo,1,0,"",""
ball,2,15.5,Bangladesh,Aftab Ahmed,Shakib Al Hasan,DJ Bravo,4,0,"",""
ball,2,15.6,Bangladesh,Aftab Ahmed,Shakib Al Hasan,DJ Bravo,4,0,"",""
ball,2,16.1,Bangladesh,Shakib Al Hasan,Aftab Ahmed,RR Sarwan,2,0,"",""
ball,2,16.2,Bangladesh,Shakib Al Hasan,Aftab Ahmed,RR Sarwan,0,0,caught,Shakib Al Hasan
ball,2,16.3,Bangladesh,Alok Kapali,Aftab Ahmed,RR Sarwan,0,0,"",""
ball,2,16.4,Bangladesh,Alok Kapali,Aftab Ahmed,RR Sarwan,0,0,"",""
ball,2,16.5,Bangladesh,Alok Kapali,Aftab Ahmed,RR Sarwan,3,0,"",""
ball,2,16.6,Bangladesh,Aftab Ahmed,Alok Kapali,RR Sarwan,0,0,"",""
ball,2,17.1,Bangladesh,Alok Kapali,Aftab Ahmed,R Rampaul,1,0,"",""
ball,2,17.2,Bangladesh,Aftab Ahmed,Alok Kapali,R Rampaul,0,0,"",""
ball,2,17.3,Bangladesh,Aftab Ahmed,Alok Kapali,R Rampaul,1,0,"",""
ball,2,17.4,Bangladesh,Alok Kapali,Aftab Ahmed,R Rampaul,0,0,"",""
ball,2,17.5,Bangladesh,Alok Kapali,Aftab Ahmed,R Rampaul,0,0,"",""
ball,2,17.6,Bangladesh,Alok Kapali,Aftab Ahmed,R Rampaul,1,0,"",""
