version,1
info,team,South Africa
info,team,England
info,gender,male
info,season,2007/08
info,date,2007/09/16
info,competition,ICC World Twenty20
info,match_number,15
info,venue,Newlands
info,city,Cape Town
info,toss_winner,England
info,toss_decision,field
info,player_of_match,JA Morkel
info,umpire,Asad Rauf
info,umpire,AL Hill
info,reserve_umpire,M Erasmus
info,tv_umpire,IL Howell
info,match_referee,RS Madugalle
info,winner,South Africa
info,winner_runs,19
ball,1,0.1,South Africa,GC Smith,JP Duminy,JM Anderson,1,0,"",""
ball,1,0.2,South Africa,JP Duminy,GC Smith,JM Anderson,0,0,"",""
ball,1,0.3,South Africa,JP Duminy,GC Smith,JM Anderson,0,0,"",""
ball,1,0.4,South Africa,JP Duminy,GC Smith,JM Anderson,0,1,"",""
ball,1,0.5,South Africa,JP Duminy,GC Smith,JM Anderson,0,1,"",""
ball,1,0.6,South Africa,JP Duminy,GC Smith,JM Anderson,0,1,"",""
ball,1,0.7,South Africa,GC Smith,JP Duminy,JM Anderson,4,0,"",""
ball,1,0.8,South Africa,GC Smith,JP Duminy,JM Anderson,0,0,"",""
ball,1,1.1,South Africa,JP Duminy,GC Smith,SCJ Broad,0,0,caught,JP Duminy
ball,1,1.2,South Africa,AB de Villiers,GC Smith,SCJ Broad,0,0,"",""
ball,1,1.3,South Africa,AB de Villiers,GC Smith,SCJ Broad,0,0,"",""
ball,1,1.4,South Africa,AB de Villiers,GC Smith,SCJ Broad,4,0,"",""
ball,1,1.5,South Africa,AB de Villiers,GC Smith,SCJ Broad,4,0,"",""
ball,1,1.6,South Africa,AB de Villiers,GC Smith,SCJ Broad,2,0,"",""
ball,1,2.1,South Africa,GC Smith,AB de Villiers,A Flintoff,0,0,"",""
ball,1,2.2,South Africa,GC Smith,AB de Villiers,A Flintoff,4,0,"",""
ball,1,2.3,South Africa,GC Smith,AB de Villiers,A Flintoff,1,0,"",""
ball,1,2.4,South Africa,AB de Villiers,GC Smith,A Flintoff,0,0,"",""
ball,1,2.5,South Africa,AB de Villiers,GC Smith,A Flintoff,0,0,"",""
ball,1,2.6,South Africa,AB de Villiers,GC Smith,A Flintoff,0,0,"",""
ball,1,3.1,South Africa,GC Smith,AB de Villiers,JM Anderson,0,0,"",""
ball,1,3.2,South Africa,GC Smith,AB de Villiers,JM Anderson,4,0,"",""
ball,1,3.3,South Africa,GC Smith,AB de Villiers,JM Anderson,0,0,"",""
ball,1,3.4,South Africa,GC Smith,AB de Villiers,JM Anderson,0,0,"",""
ball,1,3.5,South Africa,GC Smith,AB de Villiers,JM Anderson,4,0,"",""
ball,1,3.6,South Africa,GC Smith,AB de Villiers,JM Anderson,1,0,"",""
ball,1,4.1,South Africa,GC Smith,AB de Villiers,SCJ Broad,0,1,"",""
ball,1,4.2,South Africa,GC Smith,AB de Villiers,SCJ Broad,0,0,caught,GC Smith
ball,1,4.3,South Africa,AB de Villiers,JM Kemp,SCJ Broad,0,0,"",""
ball,1,4.4,South Africa,AB de Villiers,JM Kemp,SCJ Broad,4,0,"",""
ball,1,4.5,South Africa,AB de Villiers,JM Kemp,SCJ Broad,0,0,"",""
ball,1,4.6,South Africa,AB de Villiers,JM Kemp,SCJ Broad,4,0,"",""
ball,1,4.7,South Africa,AB de Villiers,JM Kemp,SCJ Broad,0,1,"",""
ball,1,5.1,South Africa,AB de Villiers,JM Kemp,A Flintoff,0,0,caught,AB de Villiers
ball,1,5.2,South Africa,MV Boucher,JM Kemp,A Flintoff,1,0,"",""
ball,1,5.3,South Africa,JM Kemp,MV Boucher,A Flintoff,0,0,"",""
ball,1,5.4,South Africa,JM Kemp,MV Boucher,A Flintoff,0,0,"",""
ball,1,5.5,South Africa,JM Kemp,MV Boucher,A Flintoff,0,0,"",""
ball,1,5.6,South Africa,JM Kemp,MV Boucher,A Flintoff,0,0,"",""
ball,1,6.1,South Africa,MV Boucher,JM Kemp,SCJ Broad,0,0,"",""
ball,1,6.2,South Africa,MV Boucher,JM Kemp,SCJ Broad,0,0,"",""
ball,1,6.3,South Africa,MV Boucher,JM Kemp,SCJ Broad,4,0,"",""
ball,1,6.4,South Africa,MV Boucher,JM Kemp,SCJ Broad,1,0,"",""
ball,1,6.5,South Africa,JM Kemp,MV Boucher,SCJ Broad,1,0,"",""
ball,1,6.6,South Africa,MV Boucher,JM Kemp,SCJ Broad,0,0,"",""
ball,1,7.1,South Africa,JM Kemp,MV Boucher,AD Mascarenhas,0,0,"",""
ball,1,7.2,South Africa,JM Kemp,MV Boucher,AD Mascarenhas,3,0,"",""
ball,1,7.3,South Africa,MV Boucher,JM Kemp,AD Mascarenhas,1,0,"",""
ball,1,7.4,South Africa,JM Kemp,MV Boucher,AD Mascarenhas,0,0,"",""
ball,1,7.5,South Africa,JM Kemp,MV Boucher,AD Mascarenhas,0,0,"",""
ball,1,7.6,South Africa,JM Kemp,MV Boucher,AD Mascarenhas,1,0,"",""
ball,1,8.1,South Africa,JM Kemp,MV Boucher,CP Schofield,1,0,"",""
ball,1,8.2,South Africa,MV Boucher,JM Kemp,CP Schofield,0,0,"",""
ball,1,8.3,South Africa,MV Boucher,JM Kemp,CP Schofield,0,0,"",""
ball,1,8.4,South Africa,MV Boucher,JM Kemp,CP Schofield,0,1,"",""
ball,1,8.5,South Africa,MV Boucher,JM Kemp,CP Schofield,0,0,"",""
ball,1,8.6,South Africa,MV Boucher,JM Kemp,CP Schofield,0,0,"",""
ball,1,8.7,South Africa,MV Boucher,JM Kemp,CP Schofield,0,0,"",""
ball,1,9.1,South Africa,JM Kemp,MV Boucher,JN Snape,1,0,"",""
ball,1,9.2,South Africa,MV Boucher,JM Kemp,JN Snape,1,0,"",""
ball,1,9.3,South Africa,JM Kemp,MV Boucher,JN Snape,1,0,"",""
ball,1,9.4,South Africa,MV Boucher,JM Kemp,JN Snape,2,0,"",""
ball,1,9.5,South Africa,MV Boucher,JM Kemp,JN Snape,1,0,"",""
ball,1,9.6,South Africa,JM Kemp,MV Boucher,JN Snape,6,0,"",""
ball,1,10.1,South Africa,MV Boucher,JM Kemp,CP Schofield,4,0,"",""
ball,1,10.2,South Africa,MV Boucher,JM Kemp,CP Schofield,1,0,"",""
ball,1,10.3,South Africa,JM Kemp,MV Boucher,CP Schofield,1,0,"",""
ball,1,10.4,South Africa,MV Boucher,JM Kemp,CP Schofield,1,0,"",""
ball,1,10.5,South Africa,JM Kemp,MV Boucher,CP Schofield,1,0,"",""
ball,1,10.6,South Africa,MV Boucher,JM Kemp,CP Schofield,1,0,"",""
ball,1,11.1,South Africa,MV Boucher,JM Kemp,AD Mascarenhas,4,0,"",""
ball,1,11.2,South Africa,MV Boucher,JM Kemp,AD Mascarenhas,1,0,"",""
ball,1,11.3,South Africa,JM Kemp,MV Boucher,AD Mascarenhas,1,0,"",""
ball,1,11.4,South Africa,MV Boucher,JM Kemp,AD Mascarenhas,0,0,"",""
ball,1,11.5,South Africa,MV Boucher,JM Kemp,AD Mascarenhas,2,0,"",""
ball,1,11.6,South Africa,MV Boucher,JM Kemp,AD Mascarenhas,1,0,"",""
ball,1,12.1,South Africa,MV Boucher,JM Kemp,JM Anderson,1,0,"",""
ball,1,12.2,South Africa,JM Kemp,MV Boucher,JM Anderson,0,0,"",""
ball,1,12.3,South Africa,JM Kemp,MV Boucher,JM Anderson,1,0,"",""
ball,1,12.4,South Africa,MV Boucher,JM Kemp,JM Anderson,0,0,"",""
ball,1,12.5,South Africa,MV Boucher,JM Kemp,JM Anderson,1,0,"",""
ball,1,12.6,South Africa,JM Kemp,MV Boucher,JM Anderson,0,0,"",""
ball,1,13.1,South Africa,MV Boucher,JM Kemp,CP Schofield,1,0,"",""
ball,1,13.2,South Africa,JM Kemp,MV Boucher,CP Schofield,1,0,"",""
ball,1,13.3,South Africa,MV Boucher,JM Kemp,CP Schofield,0,0,caught,MV Boucher
ball,1,13.4,South Africa,JM Kemp,SM Pollock,CP Schofield,0,0,"",""
ball,1,13.5,South Africa,JM Kemp,SM Pollock,CP Schofield,0,0,"",""
ball,1,13.6,South Africa,JM Kemp,SM Pollock,CP Schofield,0,0,"",""
ball,1,14.1,South Africa,SM Pollock,JM Kemp,JM Anderson,0,0,caught,SM Pollock
ball,1,14.2,South Africa,JM Kemp,JA Morkel,JM Anderson,1,0,"",""
ball,1,14.3,South Africa,JA Morkel,JM Kemp,JM Anderson,0,0,"",""
ball,1,14.4,South Africa,JA Morkel,JM Kemp,JM Anderson,0,0,"",""
ball,1,14.5,South Africa,JA Morkel,JM Kemp,JM Anderson,1,0,"",""
ball,1,14.6,South Africa,JM Kemp,JA Morkel,JM Anderson,1,0,"",""
ball,1,15.1,South Africa,JM Kemp,JA Morkel,AD Mascarenhas,0,0,caught,JM Kemp
ball,1,15.2,South Africa,JA Morkel,VD Philander,AD Mascarenhas,1,0,"",""
ball,1,15.3,South Africa,VD Philander,JA Morkel,AD Mascarenhas,1,0,"",""
ball,1,15.4,South Africa,JA Morkel,VD Philander,AD Mascarenhas,6,0,"",""
ball,1,15.5,South Africa,JA Morkel,VD Philander,AD Mascarenhas,1,0,"",""
ball,1,15.6,South Africa,VD Philander,JA Morkel,AD Mascarenhas,1,0,"",""
ball,1,16.1,South Africa,VD Philander,JA Morkel,A Flintoff,0,1,"",""
ball,1,16.2,South Africa,VD Philander,JA Morkel,A Flintoff,1,0,"",""
ball,1,16.3,South Africa,JA Morkel,VD Philander,A Flintoff,0,0,"",""
ball,1,16.4,South Africa,JA Morkel,VD Philander,A Flintoff,1,0,"",""
ball,1,16.5,South Africa,VD Philander,JA Morkel,A Flintoff,1,0,"",""
ball,1,16.6,South Africa,JA Morkel,VD Philander,A Flintoff,4,0,"",""
ball,1,16.7,South Africa,JA Morkel,VD Philander,A Flintoff,0,0,"",""
ball,1,17.1,South Africa,VD Philander,JA Morkel,CP Schofield,1,0,"",""
ball,1,17.2,South Africa,JA Morkel,VD Philander,CP Schofield,1,0,"",""
ball,1,17.3,South Africa,VD Philander,JA Morkel,CP Schofield,1,0,"",""
ball,1,17.4,South Africa,JA Morkel,VD Philander,CP Schofield,6,0,"",""
ball,1,17.5,South Africa,JA Morkel,VD Philander,CP Schofield,6,0,"",""
ball,1,17.6,South Africa,JA Morkel,VD Philander,CP Schofield,6,0,"",""
ball,1,18.1,South Africa,VD Philander,JA Morkel,SCJ Broad,0,0,bowled,VD Philander
ball,1,18.2,South Africa,JJ van der Wath,JA Morkel,SCJ Broad,1,0,"",""
ball,1,18.3,South Africa,JA Morkel,JJ van der Wath,SCJ Broad,1,0,"",""
ball,1,18.4,South Africa,JJ van der Wath,JA Morkel,SCJ Broad,0,2,"",""
ball,1,18.5,South Africa,JA Morkel,JJ van der Wath,SCJ Broad,4,0,"",""
ball,1,18.6,South Africa,JA Morkel,JJ van der Wath,SCJ Broad,0,0,"",""
ball,1,18.7,South Africa,JA Morkel,JJ van der Wath,SCJ Broad,4,0,"",""
ball,1,19.1,South Africa,JJ van der Wath,JA Morkel,A Flintoff,1,0,"",""
ball,1,19.2,South Africa,JA Morkel,JJ van der Wath,A Flintoff,1,0,"",""
ball,1,19.3,South Africa,JJ van der Wath,JA Morkel,A Flintoff,4,0,"",""
ball,1,19.4,South Africa,JJ van der Wath,JA Morkel,A Flintoff,2,0,"",""
ball,1,19.5,South Africa,JJ van der Wath,JA Morkel,A Flintoff,1,0,"",""
ball,1,19.6,South Africa,JA Morkel,JJ van der Wath,A Flintoff,0,0,caught,JA Morkel
ball,2,0.1,England,LJ Wright,MJ Prior,SM Pollock,0,0,"",""
ball,2,0.2,England,LJ Wright,MJ Prior,SM Pollock,0,0,"",""
ball,2,0.3,England,LJ Wright,MJ Prior,SM Pollock,0,0,"",""
ball,2,0.4,England,LJ Wright,MJ Prior,SM Pollock,0,0,caught,LJ Wright
ball,2,0.5,England,KP Pietersen,MJ Prior,SM Pollock,0,0,"",""
ball,2,0.6,England,KP Pietersen,MJ Prior,SM Pollock,0,0,"",""
ball,2,1.1,England,MJ Prior,KP Pietersen,M Ntini,1,0,"",""
ball,2,1.2,England,KP Pietersen,MJ Prior,M Ntini,4,0,"",""
ball,2,1.3,England,KP Pietersen,MJ Prior,M Ntini,0,0,"",""
ball,2,1.4,England,KP Pietersen,MJ Prior,M Ntini,0,0,"",""
ball,2,1.5,England,KP Pietersen,MJ Prior,M Ntini,1,0,"",""
ball,2,1.6,England,MJ Prior,KP Pietersen,M Ntini,1,0,"",""
ball,2,2.1,England,MJ Prior,KP Pietersen,SM Pollock,1,0,"",""
ball,2,2.2,England,KP Pietersen,MJ Prior,SM Pollock,4,0,"",""
ball,2,2.3,England,KP Pietersen,MJ Prior,SM Pollock,0,0,"",""
ball,2,2.4,England,KP Pietersen,MJ Prior,SM Pollock,1,0,"",""
ball,2,2.5,England,MJ Prior,KP Pietersen,SM Pollock,0,0,"",""
ball,2,2.6,England,MJ Prior,KP Pietersen,SM Pollock,1,0,"",""
ball,2,3.1,England,MJ Prior,KP Pietersen,M Ntini,0,0,"",""
ball,2,3.2,England,MJ Prior,KP Pietersen,M Ntini,1,0,"",""
ball,2,3.3,England,KP Pietersen,MJ Prior,M Ntini,1,0,"",""
ball,2,3.4,England,MJ Prior,KP Pietersen,M Ntini,3,0,"",""
ball,2,3.5,England,KP Pietersen,MJ Prior,M Ntini,0,0,"",""
ball,2,3.6,England,KP Pietersen,MJ Prior,M Ntini,4,0,"",""
ball,2,4.1,England,MJ Prior,KP Pietersen,SM Pollock,1,0,"",""
ball,2,4.2,England,KP Pietersen,MJ Prior,SM Pollock,0,0,"",""
ball,2,4.3,England,KP Pietersen,MJ Prior,SM Pollock,0,0,run out,KP Pietersen
ball,2,4.4,England,MJ Prior,PD Collingwood,SM Pollock,3,0,"",""
ball,2,4.5,England,PD Collingwood,MJ Prior,SM Pollock,0,0,caught,PD Collingwood
ball,2,4.6,England,OA Shah,MJ Prior,SM Pollock,0,1,"",""
ball,2,5.1,England,OA Shah,MJ Prior,M Ntini,0,1,"",""
ball,2,5.2,England,OA Shah,MJ Prior,M Ntini,0,0,"",""
ball,2,5.3,England,OA Shah,MJ Prior,M Ntini,0,0,"",""
ball,2,5.4,England,OA Shah,MJ Prior,M Ntini,1,0,"",""
ball,2,5.5,England,MJ Prior,OA Shah,M Ntini,1,0,"",""
ball,2,5.6,England,OA Shah,MJ Prior,M Ntini,0,0,"",""
ball,2,5.7,England,OA Shah,MJ Prior,M Ntini,0,0,"",""
ball,2,6.1,England,MJ Prior,OA Shah,SM Pollock,0,0,"",""
ball,2,6.2,England,MJ Prior,OA Shah,SM Pollock,0,0,"",""
ball,2,6.3,England,MJ Prior,OA Shah,SM Pollock,1,0,"",""
ball,2,6.4,England,OA Shah,MJ Prior,SM Pollock,1,0,"",""
ball,2,6.5,England,MJ Prior,OA Shah,SM Pollock,1,0,"",""
ball,2,6.6,England,OA Shah,MJ Prior,SM Pollock,3,0,"",""
ball,2,7.1,England,OA Shah,MJ Prior,M Morkel,0,0,"",""
ball,2,7.2,England,OA Shah,MJ Prior,M Morkel,0,0,"",""
ball,2,7.3,England,OA Shah,MJ Prior,M Morkel,1,0,"",""
ball,2,7.4,England,MJ Prior,OA Shah,M Morkel,0,0,"",""
ball,2,7.5,England,MJ Prior,OA Shah,M Morkel,4,0,"",""
ball,2,7.6,England,MJ Prior,OA Shah,M Morkel,0,0,"",""
ball,2,8.1,England,OA Shah,MJ Prior,JJ van der Wath,1,0,"",""
ball,2,8.2,England,MJ Prior,OA Shah,JJ van der Wath,0,0,"",""
ball,2,8.3,England,MJ Prior,OA Shah,JJ van der Wath,3,0,"",""
ball,2,8.4,England,OA Shah,MJ Prior,JJ van der Wath,1,0,"",""
ball,2,8.5,England,MJ Prior,OA Shah,JJ van der Wath,6,0,"",""
ball,2,8.6,England,MJ Prior,OA Shah,JJ van der Wath,0,0,"",""
ball,2,9.1,England,OA Shah,MJ Prior,M Morkel,2,0,"",""
ball,2,9.2,England,OA Shah,MJ Prior,M Morkel,0,0,"",""
ball,2,9.3,England,OA Shah,MJ Prior,M Morkel,0,2,"",""
ball,2,9.4,England,OA Shah,MJ Prior,M Morkel,1,0,"",""
ball,2,9.5,England,MJ Prior,OA Shah,M Morkel,0,0,"",""
ball,2,9.6,England,MJ Prior,OA Shah,M Morkel,1,0,"",""
ball,2,10.1,England,MJ Prior,OA Shah,JJ van der Wath,0,0,"",""
ball,2,10.2,England,MJ Prior,OA Shah,JJ van der Wath,1,0,"",""
ball,2,10.3,England,OA Shah,MJ Prior,JJ van der Wath,1,0,"",""
ball,2,10.4,England,MJ Prior,OA Shah,JJ van der Wath,0,0,"",""
ball,2,10.5,England,MJ Prior,OA Shah,JJ van der Wath,1,0,"",""
ball,2,10.6,England,OA Shah,MJ Prior,JJ van der Wath,1,0,"",""
ball,2,11.1,England,OA Shah,MJ Prior,VD Philander,2,0,"",""
ball,2,11.2,England,OA Shah,MJ Prior,VD Philander,2,0,"",""
ball,2,11.3,England,OA Shah,MJ Prior,VD Philander,6,0,"",""
ball,2,11.4,England,OA Shah,MJ Prior,VD Philander,0,0,"",""
ball,2,11.5,England,OA Shah,MJ Prior,VD Philander,0,0,"",""
ball,2,11.6,England,OA Shah,MJ Prior,VD Philander,6,0,"",""
ball,2,12.1,England,MJ Prior,OA Shah,JA Morkel,0,0,"",""
ball,2,12.2,England,MJ Prior,OA Shah,JA Morkel,1,0,"",""
ball,2,12.3,England,OA Shah,MJ Prior,JA Morkel,1,0,"",""
ball,2,12.4,England,MJ Prior,OA Shah,JA Morkel,0,1,"",""
ball,2,12.5,England,MJ Prior,OA Shah,JA Morkel,0,0,caught,MJ Prior
ball,2,12.6,England,OA Shah,A Flintoff,JA Morkel,1,0,"",""
ball,2,12.7,England,A Flintoff,OA Shah,JA Morkel,0,0,"",""
ball,2,13.1,England,OA Shah,A Flintoff,M Ntini,1,0,"",""
ball,2,13.2,England,A Flintoff,OA Shah,M Ntini,4,0,"",""
ball,2,13.3,England,A Flintoff,OA Shah,M Ntini,4,0,"",""
ball,2,13.4,England,A Flintoff,OA Shah,M Ntini,0,0,"",""
ball,2,13.5,England,A Flintoff,OA Shah,M Ntini,1,0,"",""
ball,2,13.6,England,OA Shah,A Flintoff,M Ntini,0,0,"",""
ball,2,14.1,England,A Flintoff,OA Shah,JA Morkel,1,0,"",""
ball,2,14.2,England,OA Shah,A Flintoff,JA Morkel,4,0,"",""
ball,2,14.3,England,OA Shah,A Flintoff,JA Morkel,0,0,bowled,OA Shah
ball,2,14.4,England,JN Snape,A Flintoff,JA Morkel,1,0,"",""
ball,2,14.5,England,A Flintoff,JN Snape,JA Morkel,1,0,"",""
ball,2,14.6,England,JN Snape,A Flintoff,JA Morkel,1,0,"",""
ball,2,15.1,England,JN Snape,A Flintoff,VD Philander,1,0,"",""
ball,2,15.2,England,A Flintoff,JN Snape,VD Philander,1,0,"",""
ball,2,15.3,England,JN Snape,A Flintoff,VD Philander,0,0,"",""
ball,2,15.4,England,JN Snape,A Flintoff,VD Philander,2,0,"",""
ball,2,15.5,England,JN Snape,A Flintoff,VD Philander,1,0,"",""
ball,2,15.6,England,A Flintoff,JN Snape,VD Philander,1,0,"",""
ball,2,16.1,England,A Flintoff,JN Snape,JJ van der Wath,1,0,"",""
ball,2,16.2,England,JN Snape,A Flintoff,JJ van der Wath,0,0,"",""
ball,2,16.3,England,JN Snape,A Flintoff,JJ van der Wath,1,0,"",""
ball,2,16.4,England,A Flintoff,JN Snape,JJ van der Wath,2,0,"",""
ball,2,16.5,England,A Flintoff,JN Snape,JJ van der Wath,0,0,"",""
ball,2,16.6,England,A Flintoff,JN Snape,JJ van der Wath,0,1,"",""
ball,2,17.1,England,A Flintoff,JN Snape,M Morkel,0,1,"",""
ball,2,17.2,England,JN Snape,A Flintoff,M Morkel,0,0,"",""
ball,2,17.3,England,JN Snape,A Flintoff,M Morkel,0,0,"",""
ball,2,17.4,England,JN Snape,A Flintoff,M Morkel,0,0,caught,JN Snape
ball,2,17.5,England,A Flintoff,AD Mascarenhas,M Morkel,1,0,"",""
ball,2,17.6,England,AD Mascarenhas,A Flintoff,M Morkel,1,0,"",""
ball,2,18.1,England,AD Mascarenhas,A Flintoff,JJ van der Wath,4,0,"",""
ball,2,18.2,England,AD Mascarenhas,A Flintoff,JJ van der Wath,1,0,"",""
ball,2,18.3,England,A Flintoff,AD Mascarenhas,JJ van der Wath,0,0,bowled,A Flintoff
ball,2,18.4,England,CP Schofield,AD Mascarenhas,JJ van der Wath,4,0,"",""
ball,2,18.5,England,CP Schofield,AD Mascarenhas,JJ van der Wath,1,0,"",""
ball,2,18.6,England,AD Mascarenhas,CP Schofield,JJ van der Wath,1,0,"",""
ball,2,19.1,England,AD Mascarenhas,CP Schofield,M Morkel,2,0,"",""
ball,2,19.2,England,AD Mascarenhas,CP Schofield,M Morkel,4,0,"",""
ball,2,19.3,England,AD Mascarenhas,CP Schofield,M Morkel,0,0,"",""
ball,2,19.4,England,AD Mascarenhas,CP Schofield,M Morkel,1,0,"",""
ball,2,19.5,England,CP Schofield,AD Mascarenhas,M Morkel,1,0,"",""
ball,2,19.6,England,AD Mascarenhas,CP Schofield,M Morkel,1,0,"",""
