version,1
info,team,Pakistan
info,team,Sri Lanka
info,gender,male
info,season,2009
info,date,2009/06/21
info,competition,ICC World Twenty20
info,venue,Lord's
info,city,London
info,neutralvenue,true
info,toss_winner,Sri Lanka
info,toss_decision,bat
info,player_of_match,Shahid Afridi
info,umpire,DJ Harper
info,umpire,SJA Taufel
info,reserve_umpire,BF Bowden
info,tv_umpire,SJ Davis
info,match_referee,BC Broad
info,winner,Pakistan
info,winner_wickets,8
ball,1,0.1,Sri Lanka,TM Dilshan,ST Jayasuriya,Mohammad Amir,0,0,"",""
ball,1,0.2,Sri Lanka,TM Dilshan,ST Jayasuriya,Mohammad Amir,0,0,"",""
ball,1,0.3,Sri Lanka,TM Dilshan,ST Jayasuriya,Mohammad Amir,0,0,"",""
ball,1,0.4,Sri Lanka,TM Dilshan,ST Jayasuriya,Mohammad Amir,0,0,"",""
ball,1,0.5,Sri Lanka,TM Dilshan,ST Jayasuriya,Mohammad Amir,0,0,caught,TM Dilshan
ball,1,0.6,Sri Lanka,ST Jayasuriya,J Mubarak,Mohammad Amir,0,0,"",""
ball,1,1.1,Sri Lanka,J Mubarak,ST Jayasuriya,Abdul Razzaq,0,1,"",""
ball,1,1.2,Sri Lanka,ST Jayasuriya,J Mubarak,Abdul Razzaq,1,0,"",""
ball,1,1.3,Sri Lanka,J Mubarak,ST Jayasuriya,Abdul Razzaq,0,0,caught,J Mubarak
ball,1,1.4,Sri Lanka,ST Jayasuriya,KC Sangakkara,Abdul Razzaq,0,0,"",""
ball,1,1.5,Sri Lanka,ST Jayasuriya,KC Sangakkara,Abdul Razzaq,2,0,"",""
ball,1,1.6,Sri Lanka,ST Jayasuriya,KC Sangakkara,Abdul Razzaq,4,0,"",""
ball,1,2.1,Sri Lanka,KC Sangakkara,ST Jayasuriya,Mohammad Amir,0,0,"",""
ball,1,2.2,Sri Lanka,KC Sangakkara,ST Jayasuriya,Mohammad Amir,0,0,"",""
ball,1,2.3,Sri Lanka,KC Sangakkara,ST Jayasuriya,Mohammad Amir,4,0,"",""
ball,1,2.4,Sri Lanka,KC Sangakkara,ST Jayasuriya,Mohammad Amir,4,0,"",""
ball,1,2.5,Sri Lanka,KC Sangakkara,ST Jayasuriya,Mohammad Amir,0,0,"",""
ball,1,2.6,Sri Lanka,KC Sangakkara,ST Jayasuriya,Mohammad Amir,0,0,"",""
ball,1,3.1,Sri Lanka,ST Jayasuriya,KC Sangakkara,Abdul Razzaq,6,0,"",""
ball,1,3.2,Sri Lanka,ST Jayasuriya,KC Sangakkara,Abdul Razzaq,4,0,"",""
ball,1,3.3,Sri Lanka,ST Jayasuriya,KC Sangakkara,Abdul Razzaq,0,0,"",""
ball,1,3.4,Sri Lanka,ST Jayasuriya,KC Sangakkara,Abdul Razzaq,0,0,"",""
ball,1,3.5,Sri Lanka,ST Jayasuriya,KC Sangakkara,Abdul Razzaq,0,0,bowled,ST Jayasuriya
ball,1,3.6,Sri Lanka,DPMD Jayawardene,KC Sangakkara,Abdul Razzaq,0,0,"",""
ball,1,4.1,Sri Lanka,KC Sangakkara,DPMD Jayawardene,Mohammad Amir,2,0,"",""
ball,1,4.2,Sri Lanka,KC Sangakkara,DPMD Jayawardene,Mohammad Amir,1,0,"",""
ball,1,4.3,Sri Lanka,DPMD Jayawardene,KC Sangakkara,Mohammad Amir,1,0,"",""
ball,1,4.4,Sri Lanka,KC Sangakkara,DPMD Jayawardene,Mohammad Amir,0,0,"",""
ball,1,4.5,Sri Lanka,KC Sangakkara,DPMD Jayawardene,Mohammad Amir,0,0,"",""
ball,1,4.6,Sri Lanka,KC Sangakkara,DPMD Jayawardene,Mohammad Amir,1,0,"",""
ball,1,5.1,Sri Lanka,KC Sangakkara,DPMD Jayawardene,Abdul Razzaq,1,0,"",""
ball,1,5.2,Sri Lanka,DPMD Jayawardene,KC Sangakkara,Abdul Razzaq,0,0,"",""
ball,1,5.3,Sri Lanka,DPMD Jayawardene,KC Sangakkara,Abdul Razzaq,0,0,caught,DPMD Jayawardene
ball,1,5.4,Sri Lanka,LPC Silva,KC Sangakkara,Abdul Razzaq,0,0,"",""
ball,1,5.5,Sri Lanka,LPC Silva,KC Sangakkara,Abdul Razzaq,1,0,"",""
ball,1,5.6,Sri Lanka,KC Sangakkara,LPC Silva,Abdul Razzaq,1,0,"",""
ball,1,6.1,Sri Lanka,KC Sangakkara,LPC Silva,Shahid Afridi,1,0,"",""
ball,1,6.2,Sri Lanka,LPC Silva,KC Sangakkara,Shahid Afridi,1,0,"",""
ball,1,6.3,Sri Lanka,KC Sangakkara,LPC Silva,Shahid Afridi,1,0,"",""
ball,1,6.4,Sri Lanka,LPC Silva,KC Sangakkara,Shahid Afridi,1,0,"",""
ball,1,6.5,Sri Lanka,KC Sangakkara,LPC Silva,Shahid Afridi,1,0,"",""
ball,1,6.6,Sri Lanka,LPC Silva,KC Sangakkara,Shahid Afridi,0,0,"",""
ball,1,7.1,Sri Lanka,KC Sangakkara,LPC Silva,Saeed Ajmal,1,0,"",""
ball,1,7.2,Sri Lanka,LPC Silva,KC Sangakkara,Saeed Ajmal,0,0,"",""
ball,1,7.3,Sri Lanka,LPC Silva,KC Sangakkara,Saeed Ajmal,0,0,"",""
ball,1,7.4,Sri Lanka,LPC Silva,KC Sangakkara,Saeed Ajmal,0,0,"",""
ball,1,7.5,Sri Lanka,LPC Silva,KC Sangakkara,Saeed Ajmal,4,0,"",""
ball,1,7.6,Sri Lanka,LPC Silva,KC Sangakkara,Saeed Ajmal,0,0,"",""
ball,1,8.1,Sri Lanka,KC Sangakkara,LPC Silva,Shahid Afridi,0,0,"",""
ball,1,8.2,Sri Lanka,KC Sangakkara,LPC Silva,Shahid Afridi,0,0,"",""
ball,1,8.3,Sri Lanka,KC Sangakkara,LPC Silva,Shahid Afridi,1,0,"",""
ball,1,8.4,Sri Lanka,LPC Silva,KC Sangakkara,Shahid Afridi,0,0,"",""
ball,1,8.5,Sri Lanka,LPC Silva,KC Sangakkara,Shahid Afridi,0,0,"",""
ball,1,8.6,Sri Lanka,LPC Silva,KC Sangakkara,Shahid Afridi,1,0,"",""
ball,1,9.1,Sri Lanka,LPC Silva,KC Sangakkara,Shoaib Malik,1,0,"",""
ball,1,9.2,Sri Lanka,KC Sangakkara,LPC Silva,Shoaib Malik,1,0,"",""
ball,1,9.3,Sri Lanka,LPC Silva,KC Sangakkara,Shoaib Malik,4,0,"",""
ball,1,9.4,Sri Lanka,LPC Silva,KC Sangakkara,Shoaib Malik,1,0,"",""
ball,1,9.5,Sri Lanka,KC Sangakkara,LPC Silva,Shoaib Malik,0,0,"",""
ball,1,9.6,Sri Lanka,KC Sangakkara,LPC Silva,Shoaib Malik,1,0,"",""
ball,1,10.1,Sri Lanka,KC Sangakkara,LPC Silva,Shahid Afridi,0,0,"",""
ball,1,10.2,Sri Lanka,KC Sangakkara,LPC Silva,Shahid Afridi,1,0,"",""
ball,1,10.3,Sri Lanka,LPC Silva,KC Sangakkara,Shahid Afridi,0,1,"",""
ball,1,10.4,Sri Lanka,KC Sangakkara,LPC Silva,Shahid Afridi,4,0,"",""
ball,1,10.5,Sri Lanka,KC Sangakkara,LPC Silva,Shahid Afridi,4,0,"",""
ball,1,10.6,Sri Lanka,KC Sangakkara,LPC Silva,Shahid Afridi,1,0,"",""
ball,1,11.1,Sri Lanka,KC Sangakkara,LPC Silva,Umar Gul,1,0,"",""
ball,1,11.2,Sri Lanka,LPC Silva,KC Sangakkara,Umar Gul,0,1,"",""
ball,1,11.3,Sri Lanka,LPC Silva,KC Sangakkara,Umar Gul,0,0,"",""
ball,1,11.4,Sri Lanka,LPC Silva,KC Sangakkara,Umar Gul,0,0,caught,LPC Silva
ball,1,11.5,Sri Lanka,I Udana,KC Sangakkara,Umar Gul,0,0,"",""
ball,1,11.6,Sri Lanka,I Udana,KC Sangakkara,Umar Gul,0,0,"",""
ball,1,11.7,Sri Lanka,I Udana,KC Sangakkara,Umar Gul,0,0,"",""
ball,1,12.1,Sri Lanka,KC Sangakkara,I Udana,Shahid Afridi,0,0,"",""
ball,1,12.2,Sri Lanka,KC Sangakkara,I Udana,Shahid Afridi,1,0,"",""
ball,1,12.3,Sri Lanka,I Udana,KC Sangakkara,Shahid Afridi,1,0,"",""
ball,1,12.4,Sri Lanka,KC Sangakkara,I Udana,Shahid Afridi,0,0,"",""
ball,1,12.5,Sri Lanka,KC Sangakkara,I Udana,Shahid Afridi,1,0,"",""
ball,1,12.6,Sri Lanka,I Udana,KC Sangakkara,Shahid Afridi,0,0,bowled,I Udana
ball,1,13.1,Sri Lanka,KC Sangakkara,AD Mathews,Saeed Ajmal,0,0,"",""
ball,1,13.2,Sri Lanka,KC Sangakkara,AD Mathews,Saeed Ajmal,1,0,"",""
ball,1,13.3,Sri Lanka,AD Mathews,KC Sangakkara,Saeed Ajmal,0,0,"",""
ball,1,13.4,Sri Lanka,AD Mathews,KC Sangakkara,Saeed Ajmal,1,0,"",""
ball,1,13.5,Sri Lanka,KC Sangakkara,AD Mathews,Saeed Ajmal,1,0,"",""
ball,1,13.6,Sri Lanka,AD Mathews,KC Sangakkara,Saeed Ajmal,1,0,"",""
ball,1,14.1,Sri Lanka,AD Mathews,KC Sangakkara,Umar Gul,0,1,"",""
ball,1,14.2,Sri Lanka,AD Mathews,KC Sangakkara,Umar Gul,1,0,"",""
ball,1,14.3,Sri Lanka,KC Sangakkara,AD Mathews,Umar Gul,1,0,"",""
ball,1,14.4,Sri Lanka,AD Mathews,KC Sangakkara,Umar Gul,0,0,"",""
ball,1,14.5,Sri Lanka,AD Mathews,KC Sangakkara,Umar Gul,1,0,"",""
ball,1,14.6,Sri Lanka,KC Sangakkara,AD Mathews,Umar Gul,1,0,"",""
ball,1,14.7,Sri Lanka,AD Mathews,KC Sangakkara,Umar Gul,0,0,"",""
ball,1,15.1,Sri Lanka,KC Sangakkara,AD Mathews,Saeed Ajmal,1,0,"",""
ball,1,15.2,Sri Lanka,AD Mathews,KC Sangakkara,Saeed Ajmal,1,0,"",""
ball,1,15.3,Sri Lanka,KC Sangakkara,AD Mathews,Saeed Ajmal,2,0,"",""
ball,1,15.4,Sri Lanka,KC Sangakkara,AD Mathews,Saeed Ajmal,2,0,"",""
ball,1,15.5,Sri Lanka,KC Sangakkara,AD Mathews,Saeed Ajmal,2,0,"",""
ball,1,15.6,Sri Lanka,KC Sangakkara,AD Mathews,Saeed Ajmal,1,0,"",""
ball,1,16.1,Sri Lanka,KC Sangakkara,AD Mathews,Umar Gul,4,0,"",""
ball,1,16.2,Sri Lanka,KC Sangakkara,AD Mathews,Umar Gul,0,1,"",""
ball,1,16.3,Sri Lanka,AD Mathews,KC Sangakkara,Umar Gul,2,0,"",""
ball,1,16.4,Sri Lanka,AD Mathews,KC Sangakkara,Umar Gul,1,0,"",""
ball,1,16.5,Sri Lanka,KC Sangakkara,AD Mathews,Umar Gul,1,1,"",""
ball,1,16.6,Sri Lanka,AD Mathews,KC Sangakkara,Umar Gul,1,0,"",""
ball,1,16.7,Sri Lanka,KC Sangakkara,AD Mathews,Umar Gul,4,0,"",""
ball,1,17.1,Sri Lanka,AD Mathews,KC Sangakkara,Saeed Ajmal,0,0,"",""
ball,1,17.2,Sri Lanka,AD Mathews,KC Sangakkara,Saeed Ajmal,0,0,"",""
ball,1,17.3,Sri Lanka,AD Mathews,KC Sangakkara,Saeed Ajmal,1,0,"",""
ball,1,17.4,Sri Lanka,KC Sangakkara,AD Mathews,Saeed Ajmal,4,0,"",""
ball,1,17.5,Sri Lanka,KC Sangakkara,AD Mathews,Saeed Ajmal,1,0,"",""
ball,1,17.6,Sri Lanka,AD Mathews,KC Sangakkara,Saeed Ajmal,4,0,"",""
ball,1,18.1,Sri Lanka,KC Sangakkara,AD Mathews,Umar Gul,1,0,"",""
ball,1,18.2,Sri Lanka,AD Mathews,KC Sangakkara,Umar Gul,4,0,"",""
ball,1,18.3,Sri Lanka,AD Mathews,KC Sangakkara,Umar Gul,1,0,"",""
ball,1,18.4,Sri Lanka,KC Sangakkara,AD Mathews,Umar Gul,1,0,"",""
ball,1,18.5,Sri Lanka,AD Mathews,KC Sangakkara,Umar Gul,0,0,"",""
ball,1,18.6,Sri Lanka,AD Mathews,KC Sangakkara,Umar Gul,1,0,"",""
ball,1,19.1,Sri Lanka,AD Mathews,KC Sangakkara,Mohammad Amir,2,0,"",""
ball,1,19.2,Sri Lanka,AD Mathews,KC Sangakkara,Mohammad Amir,4,0,"",""
ball,1,19.3,Sri Lanka,AD Mathews,KC Sangakkara,Mohammad Amir,6,0,"",""
ball,1,19.4,Sri Lanka,AD Mathews,KC Sangakkara,Mohammad Amir,2,0,"",""
ball,1,19.5,Sri Lanka,AD Mathews,KC Sangakkara,Mohammad Amir,1,0,"",""
ball,1,19.6,Sri Lanka,KC Sangakkara,AD Mathews,Mohammad Amir,2,0,"",""
ball,2,0.1,Pakistan,Kamran Akmal,Shahzaib Hasan,AD Mathews,0,0,"",""
ball,2,0.2,Pakistan,Kamran Akmal,Shahzaib Hasan,AD Mathews,0,0,"",""
ball,2,0.3,Pakistan,Kamran Akmal,Shahzaib Hasan,AD Mathews,4,0,"",""
ball,2,0.4,Pakistan,Kamran Akmal,Shahzaib Hasan,AD Mathews,2,0,"",""
ball,2,0.5,Pakistan,Kamran Akmal,Shahzaib Hasan,AD Mathews,0,0,"",""
ball,2,0.6,Pakistan,Kamran Akmal,Shahzaib Hasan,AD Mathews,2,0,"",""
ball,2,1.1,Pakistan,Shahzaib Hasan,Kamran Akmal,I Udana,0,1,"",""
ball,2,1.2,Pakistan,Shahzaib Hasan,Kamran Akmal,I Udana,0,0,"",""
ball,2,1.3,Pakistan,Shahzaib Hasan,Kamran Akmal,I Udana,0,0,"",""
ball,2,1.4,Pakistan,Shahzaib Hasan,Kamran Akmal,I Udana,1,0,"",""
ball,2,1.5,Pakistan,Kamran Akmal,Shahzaib Hasan,I Udana,1,0,"",""
ball,2,1.6,Pakistan,Shahzaib Hasan,Kamran Akmal,I Udana,0,0,"",""
ball,2,1.7,Pakistan,Shahzaib Hasan,Kamran Akmal,I Udana,0,0,"",""
ball,2,2.1,Pakistan,Kamran Akmal,Shahzaib Hasan,SL Malinga,0,0,"",""
ball,2,2.2,Pakistan,Kamran Akmal,Shahzaib Hasan,SL Malinga,0,0,"",""
ball,2,2.3,Pakistan,Kamran Akmal,Shahzaib Hasan,SL Malinga,0,0,"",""
ball,2,2.4,Pakistan,Kamran Akmal,Shahzaib Hasan,SL Malinga,1,0,"",""
ball,2,2.5,Pakistan,Shahzaib Hasan,Kamran Akmal,SL Malinga,0,0,"",""
ball,2,2.6,Pakistan,Shahzaib Hasan,Kamran Akmal,SL Malinga,0,0,"",""
ball,2,3.1,Pakistan,Kamran Akmal,Shahzaib Hasan,I Udana,2,0,"",""
ball,2,3.2,Pakistan,Kamran Akmal,Shahzaib Hasan,I Udana,1,0,"",""
ball,2,3.3,Pakistan,Shahzaib Hasan,Kamran Akmal,I Udana,2,0,"",""
ball,2,3.4,Pakistan,Shahzaib Hasan,Kamran Akmal,I Udana,4,0,"",""
ball,2,3.5,Pakistan,Shahzaib Hasan,Kamran Akmal,I Udana,1,0,"",""
ball,2,3.6,Pakistan,Kamran Akmal,Shahzaib Hasan,I Udana,4,0,"",""
ball,2,4.1,Pakistan,Shahzaib Hasan,Kamran Akmal,M Muralitharan,0,0,"",""
ball,2,4.2,Pakistan,Shahzaib Hasan,Kamran Akmal,M Muralitharan,1,0,"",""
ball,2,4.3,Pakistan,Kamran Akmal,Shahzaib Hasan,M Muralitharan,0,0,"",""
ball,2,4.4,Pakistan,Kamran Akmal,Shahzaib Hasan,M Muralitharan,2,0,"",""
ball,2,4.5,Pakistan,Kamran Akmal,Shahzaib Hasan,M Muralitharan,0,0,"",""
ball,2,4.6,Pakistan,Kamran Akmal,Shahzaib Hasan,M Muralitharan,1,0,"",""
ball,2,5.1,Pakistan,Kamran Akmal,Shahzaib Hasan,BAW Mendis,0,0,"",""
ball,2,5.2,Pakistan,Kamran Akmal,Shahzaib Hasan,BAW Mendis,0,0,"",""
ball,2,5.3,Pakistan,Kamran Akmal,Shahzaib Hasan,BAW Mendis,6,0,"",""
ball,2,5.4,Pakistan,Kamran Akmal,Shahzaib Hasan,BAW Mendis,2,0,"",""
ball,2,5.5,Pakistan,Kamran Akmal,Shahzaib Hasan,BAW Mendis,0,0,"",""
ball,2,5.6,Pakistan,Kamran Akmal,Shahzaib Hasan,BAW Mendis,1,0,"",""
ball,2,6.1,Pakistan,Kamran Akmal,Shahzaib Hasan,AD Mathews,1,0,"",""
ball,2,6.2,Pakistan,Shahzaib Hasan,Kamran Akmal,AD Mathews,0,0,"",""
ball,2,6.3,Pakistan,Shahzaib Hasan,Kamran Akmal,AD Mathews,1,0,"",""
ball,2,6.4,Pakistan,Kamran Akmal,Shahzaib Hasan,AD Mathews,6,0,"",""
ball,2,6.5,Pakistan,Kamran Akmal,Shahzaib Hasan,AD Mathews,1,0,"",""
ball,2,6.6,Pakistan,Shahzaib Hasan,Kamran Akmal,AD Mathews,0,0,"",""
ball,2,7.1,Pakistan,Kamran Akmal,Shahzaib Hasan,ST Jayasuriya,0,0,stumped,Kamran Akmal
ball,2,7.2,Pakistan,Shahid Afridi,Shahzaib Hasan,ST Jayasuriya,1,0,"",""
ball,2,7.3,Pakistan,Shahzaib Hasan,Shahid Afridi,ST Jayasuriya,0,1,"",""
ball,2,7.4,Pakistan,Shahid Afridi,Shahzaib Hasan,ST Jayasuriya,1,0,"",""
ball,2,7.5,Pakistan,Shahzaib Hasan,Shahid Afridi,ST Jayasuriya,0,0,"",""
ball,2,7.6,Pakistan,Shahzaib Hasan,Shahid Afridi,ST Jayasuriya,0,0,"",""
ball,2,8.1,Pakistan,Shahid Afridi,Shahzaib Hasan,BAW Mendis,1,0,"",""
ball,2,8.2,Pakistan,Shahzaib Hasan,Shahid Afridi,BAW Mendis,0,0,"",""
ball,2,8.3,Pakistan,Shahzaib Hasan,Shahid Afridi,BAW Mendis,4,0,"",""
ball,2,8.4,Pakistan,Shahzaib Hasan,Shahid Afridi,BAW Mendis,4,0,"",""
ball,2,8.5,Pakistan,Shahzaib Hasan,Shahid Afridi,BAW Mendis,1,0,"",""
ball,2,8.6,Pakistan,Shahid Afridi,Shahzaib Hasan,BAW Mendis,2,0,"",""
ball,2,9.1,Pakistan,Shahzaib Hasan,Shahid Afridi,M Muralitharan,0,0,caught,Shahzaib Hasan
ball,2,9.2,Pakistan,Shahid Afridi,Shoaib Malik,M Muralitharan,0,0,"",""
ball,2,9.3,Pakistan,Shahid Afridi,Shoaib Malik,M Muralitharan,0,0,"",""
ball,2,9.4,Pakistan,Shahid Afridi,Shoaib Malik,M Muralitharan,1,0,"",""
ball,2,9.5,Pakistan,Shoaib Malik,Shahid Afridi,M Muralitharan,1,0,"",""
ball,2,9.6,Pakistan,Shahid Afridi,Shoaib Malik,M Muralitharan,0,0,"",""
ball,2,10.1,Pakistan,Shoaib Malik,Shahid Afridi,SL Malinga,1,0,"",""
ball,2,10.2,Pakistan,Shahid Afridi,Shoaib Malik,SL Malinga,1,0,"",""
ball,2,10.3,Pakistan,Shoaib Malik,Shahid Afridi,SL Malinga,1,0,"",""
ball,2,10.4,Pakistan,Shahid Afridi,Shoaib Malik,SL Malinga,0,0,"",""
ball,2,10.5,Pakistan,Shahid Afridi,Shoaib Malik,SL Malinga,0,0,"",""
ball,2,10.6,Pakistan,Shahid Afridi,Shoaib Malik,SL Malinga,1,0,"",""
ball,2,11.1,Pakistan,Shahid Afridi,Shoaib Malik,ST Jayasuriya,1,0,"",""
ball,2,11.2,Pakistan,Shoaib Malik,Shahid Afridi,ST Jayasuriya,1,0,"",""
ball,2,11.3,Pakistan,Shahid Afridi,Shoaib Malik,ST Jayasuriya,1,0,"",""
ball,2,11.4,Pakistan,Shoaib Malik,Shahid Afridi,ST Jayasuriya,1,0,"",""
ball,2,11.5,Pakistan,Shahid Afridi,Shoaib Malik,ST Jayasuriya,1,0,"",""
ball,2,11.6,Pakistan,Shoaib Malik,Shahid Afridi,ST Jayasuriya,1,0,"",""
ball,2,12.1,Pakistan,Shoaib Malik,Shahid Afridi,I Udana,1,0,"",""
ball,2,12.2,Pakistan,Shahid Afridi,Shoaib Malik,I Udana,2,0,"",""
ball,2,12.3,Pakistan,Shahid Afridi,Shoaib Malik,I Udana,2,0,"",""
ball,2,12.4,Pakistan,Shahid Afridi,Shoaib Malik,I Udana,1,0,"",""
ball,2,12.5,Pakistan,Shoaib Malik,Shahid Afridi,I Udana,1,0,"",""
ball,2,12.6,Pakistan,Shahid Afridi,Shoaib Malik,I Udana,1,0,"",""
ball,2,13.1,Pakistan,Shahid Afridi,Shoaib Malik,M Muralitharan,6,0,"",""
ball,2,13.2,Pakistan,Shahid Afridi,Shoaib Malik,M Muralitharan,4,0,"",""
ball,2,13.3,Pakistan,Shahid Afridi,Shoaib Malik,M Muralitharan,1,0,"",""
ball,2,13.4,Pakistan,Shoaib Malik,Shahid Afridi,M Muralitharan,2,0,"",""
ball,2,13.5,Pakistan,Shoaib Malik,Shahid Afridi,M Muralitharan,0,0,"",""
ball,2,13.6,Pakistan,Shoaib Malik,Shahid Afridi,M Muralitharan,1,0,"",""
ball,2,14.1,Pakistan,Shoaib Malik,Shahid Afridi,BAW Mendis,0,0,"",""
ball,2,14.2,Pakistan,Shoaib Malik,Shahid Afridi,BAW Mendis,1,0,"",""
ball,2,14.3,Pakistan,Shahid Afridi,Shoaib Malik,BAW Mendis,1,0,"",""
ball,2,14.4,Pakistan,Shoaib Malik,Shahid Afridi,BAW Mendis,1,0,"",""
ball,2,14.5,Pakistan,Shahid Afridi,Shoaib Malik,BAW Mendis,1,0,"",""
ball,2,14.6,Pakistan,Shoaib Malik,Shahid Afridi,BAW Mendis,2,0,"",""
ball,2,15.1,Pakistan,Shahid Afridi,Shoaib Malik,SL Malinga,1,0,"",""
ball,2,15.2,Pakistan,Shoaib Malik,Shahid Afridi,SL Malinga,0,0,"",""
ball,2,15.3,Pakistan,Shoaib Malik,Shahid Afridi,SL Malinga,1,0,"",""
ball,2,15.4,Pakistan,Shahid Afridi,Shoaib Malik,SL Malinga,0,0,"",""
ball,2,15.5,Pakistan,Shahid Afridi,Shoaib Malik,SL Malinga,0,0,"",""
ball,2,15.6,Pakistan,Shahid Afridi,Shoaib Malik,SL Malinga,1,0,"",""
ball,2,16.1,Pakistan,Shahid Afridi,Shoaib Malik,BAW Mendis,1,0,"",""
ball,2,16.2,Pakistan,Shoaib Malik,Shahid Afridi,BAW Mendis,1,0,"",""
ball,2,16.3,Pakistan,Shahid Afridi,Shoaib Malik,BAW Mendis,1,0,"",""
ball,2,16.4,Pakistan,Shoaib Malik,Shahid Afridi,BAW Mendis,1,0,"",""
ball,2,16.5,Pakistan,Shahid Afridi,Shoaib Malik,BAW Mendis,2,0,"",""
ball,2,16.6,Pakistan,Shahid Afridi,Shoaib Malik,BAW Mendis,1,0,"",""
ball,2,17.1,Pakistan,Shahid Afridi,Shoaib Malik,I Udana,2,0,"",""
ball,2,17.2,Pakistan,Shahid Afridi,Shoaib Malik,I Udana,1,0,"",""
ball,2,17.3,Pakistan,Shoaib Malik,Shahid Afridi,I Udana,0,1,"",""
ball,2,17.4,Pakistan,Shoaib Malik,Shahid Afridi,I Udana,1,0,"",""
ball,2,17.5,Pakistan,Shahid Afridi,Shoaib Malik,I Udana,2,0,"",""
ball,2,17.6,Pakistan,Shahid Afridi,Shoaib Malik,I Udana,6,0,"",""
ball,2,17.7,Pakistan,Shahid Afridi,Shoaib Malik,I Udana,4,1,"",""
ball,2,17.8,Pakistan,Shahid Afridi,Shoaib Malik,I Udana,1,0,"",""
ball,2,18.1,Pakistan,Shahid Afridi,Shoaib Malik,SL Malinga,1,0,"",""
ball,2,18.2,Pakistan,Shoaib Malik,Shahid Afridi,SL Malinga,4,0,"",""
ball,2,18.3,Pakistan,Shoaib Malik,Shahid Afridi,SL Malinga,1,0,"",""
ball,2,18.4,Pakistan,Shahid Afridi,Shoaib Malik,SL Malinga,0,1,"",""
