version,1
info,team,Australia
info,team,Sri Lanka
info,gender,male
info,season,2010
info,date,2010/05/09
info,competition,ICC World Twenty20
info,match_number,20
info,venue,"Kensington Oval, Bridgetown"
info,city,Barbados
info,neutralvenue,true
info,toss_winner,Australia
info,toss_decision,bat
info,player_of_match,CL White
info,umpire,IJ Gould
info,umpire,RE Koertzen
info,reserve_umpire,SJ Davis
info,tv_umpire,BR Doctrove
info,match_referee,JJ Crowe
info,winner,Australia
info,winner_runs,81
ball,1,0.1,Australia,SR Watson,DA Warner,AD Mathews,0,0,"",""
ball,1,0.2,Australia,SR Watson,DA Warner,AD Mathews,1,0,"",""
ball,1,0.3,Australia,DA Warner,SR Watson,AD Mathews,1,0,"",""
ball,1,0.4,Australia,SR Watson,DA Warner,AD Mathews,0,0,"",""
ball,1,0.5,Australia,SR Watson,DA Warner,AD Mathews,0,0,bowled,SR Watson
ball,1,0.6,Australia,BJ Haddin,DA Warner,AD Mathews,0,0,"",""
ball,1,1.1,Australia,DA Warner,BJ Haddin,UWMBCA Welegedara,0,1,"",""
ball,1,1.2,Australia,DA Warner,BJ Haddin,UWMBCA Welegedara,1,0,"",""
ball,1,1.3,Australia,BJ Haddin,DA Warner,UWMBCA Welegedara,0,0,"",""
ball,1,1.4,Australia,BJ Haddin,DA Warner,UWMBCA Welegedara,2,1,"",""
ball,1,1.5,Australia,BJ Haddin,DA Warner,UWMBCA Welegedara,4,0,"",""
ball,1,1.6,Australia,BJ Haddin,DA Warner,UWMBCA Welegedara,4,0,"",""
ball,1,1.7,Australia,BJ Haddin,DA Warner,UWMBCA Welegedara,0,0,"",""
ball,1,1.8,Australia,BJ Haddin,DA Warner,UWMBCA Welegedara,1,0,"",""
ball,1,2.1,Australia,BJ Haddin,DA Warner,AD Mathews,4,0,"",""
ball,1,2.2,Australia,BJ Haddin,DA Warner,AD Mathews,0,0,"",""
ball,1,2.3,Australia,BJ Haddin,DA Warner,AD Mathews,0,0,caught,BJ Haddin
ball,1,2.4,Australia,DA Warner,MJ Clarke,AD Mathews,0,0,"",""
ball,1,2.5,Australia,DA Warner,MJ Clarke,AD Mathews,0,0,"",""
ball,1,2.6,Australia,DA Warner,MJ Clarke,AD Mathews,0,1,"",""
ball,1,3.1,Australia,DA Warner,MJ Clarke,UWMBCA Welegedara,4,0,"",""
ball,1,3.2,Australia,DA Warner,MJ Clarke,UWMBCA Welegedara,2,0,"",""
ball,1,3.3,Australia,DA Warner,MJ Clarke,UWMBCA Welegedara,0,1,"",""
ball,1,3.4,Australia,MJ Clarke,DA Warner,UWMBCA Welegedara,0,0,"",""
ball,1,3.5,Australia,MJ Clarke,DA Warner,UWMBCA Welegedara,1,0,"",""
ball,1,3.6,Australia,DA Warner,MJ Clarke,UWMBCA Welegedara,1,0,"",""
ball,1,4.1,Australia,DA Warner,MJ Clarke,S Randiv,0,0,"",""
ball,1,4.2,Australia,DA Warner,MJ Clarke,S Randiv,0,0,"",""
ball,1,4.3,Australia,DA Warner,MJ Clarke,S Randiv,0,0,caught,DA Warner
ball,1,4.4,Australia,DJ Hussey,MJ Clarke,S Randiv,0,0,stumped,DJ Hussey
ball,1,4.5,Australia,CL White,MJ Clarke,S Randiv,0,0,"",""
ball,1,4.6,Australia,CL White,MJ Clarke,S Randiv,1,0,"",""
ball,1,5.1,Australia,CL White,MJ Clarke,SL Malinga,0,0,"",""
ball,1,5.2,Australia,CL White,MJ Clarke,SL Malinga,1,0,"",""
ball,1,5.3,Australia,MJ Clarke,CL White,SL Malinga,0,0,"",""
ball,1,5.4,Australia,MJ Clarke,CL White,SL Malinga,0,0,"",""
ball,1,5.5,Australia,MJ Clarke,CL White,SL Malinga,0,0,"",""
ball,1,5.6,Australia,MJ Clarke,CL White,SL Malinga,1,0,"",""
ball,1,6.1,Australia,MJ Clarke,CL White,S Randiv,1,0,"",""
ball,1,6.2,Australia,CL White,MJ Clarke,S Randiv,4,0,"",""
ball,1,6.3,Australia,CL White,MJ Clarke,S Randiv,1,0,"",""
ball,1,6.4,Australia,MJ Clarke,CL White,S Randiv,3,0,"",""
ball,1,6.5,Australia,CL White,MJ Clarke,S Randiv,1,0,"",""
ball,1,6.6,Australia,MJ Clarke,CL White,S Randiv,1,0,"",""
ball,1,7.1,Australia,MJ Clarke,CL White,BAW Mendis,1,0,"",""
ball,1,7.2,Australia,CL White,MJ Clarke,BAW Mendis,0,0,"",""
ball,1,7.3,Australia,CL White,MJ Clarke,BAW Mendis,0,0,"",""
ball,1,7.4,Australia,CL White,MJ Clarke,BAW Mendis,6,0,"",""
ball,1,7.5,Australia,CL White,MJ Clarke,BAW Mendis,1,0,"",""
ball,1,7.6,Australia,MJ Clarke,CL White,BAW Mendis,2,0,"",""
ball,1,8.1,Australia,CL White,MJ Clarke,S Randiv,0,0,"",""
ball,1,8.2,Australia,CL White,MJ Clarke,S Randiv,0,0,"",""
ball,1,8.3,Australia,CL White,MJ Clarke,S Randiv,0,0,"",""
ball,1,8.4,Australia,CL White,MJ Clarke,S Randiv,1,0,"",""
ball,1,8.5,Australia,MJ Clarke,CL White,S Randiv,1,0,"",""
ball,1,8.6,Australia,CL White,MJ Clarke,S Randiv,4,0,"",""
ball,1,9.1,Australia,MJ Clarke,CL White,BAW Mendis,1,0,"",""
ball,1,9.2,Australia,CL White,MJ Clarke,BAW Mendis,1,0,"",""
ball,1,9.3,Australia,MJ Clarke,CL White,BAW Mendis,0,0,"",""
ball,1,9.4,Australia,MJ Clarke,CL White,BAW Mendis,0,0,"",""
ball,1,9.5,Australia,MJ Clarke,CL White,BAW Mendis,1,0,"",""
ball,1,9.6,Australia,CL White,MJ Clarke,BAW Mendis,2,0,"",""
ball,1,10.1,Australia,MJ Clarke,CL White,S Randiv,0,0,"",""
ball,1,10.2,Australia,MJ Clarke,CL White,S Randiv,1,0,"",""
ball,1,10.3,Australia,CL White,MJ Clarke,S Randiv,0,0,"",""
ball,1,10.4,Australia,CL White,MJ Clarke,S Randiv,1,0,"",""
ball,1,10.5,Australia,MJ Clarke,CL White,S Randiv,0,0,"",""
ball,1,10.6,Australia,MJ Clarke,CL White,S Randiv,0,0,bowled,MJ Clarke
ball,1,11.1,Australia,CL White,MEK Hussey,AD Mathews,2,0,"",""
ball,1,11.2,Australia,CL White,MEK Hussey,AD Mathews,4,0,"",""
ball,1,11.3,Australia,CL White,MEK Hussey,AD Mathews,1,0,"",""
ball,1,11.4,Australia,MEK Hussey,CL White,AD Mathews,0,0,"",""
ball,1,11.5,Australia,MEK Hussey,CL White,AD Mathews,1,0,"",""
ball,1,11.6,Australia,CL White,MEK Hussey,AD Mathews,1,0,"",""
ball,1,12.1,Australia,CL White,MEK Hussey,UWMBCA Welegedara,1,0,"",""
ball,1,12.2,Australia,MEK Hussey,CL White,UWMBCA Welegedara,0,0,"",""
ball,1,12.3,Australia,MEK Hussey,CL White,UWMBCA Welegedara,0,0,"",""
ball,1,12.4,Australia,MEK Hussey,CL White,UWMBCA Welegedara,0,0,"",""
ball,1,12.5,Australia,MEK Hussey,CL White,UWMBCA Welegedara,0,0,"",""
ball,1,12.6,Australia,MEK Hussey,CL White,UWMBCA Welegedara,1,0,"",""
ball,1,13.1,Australia,MEK Hussey,CL White,AD Mathews,1,0,"",""
ball,1,13.2,Australia,CL White,MEK Hussey,AD Mathews,1,0,"",""
ball,1,13.3,Australia,MEK Hussey,CL White,AD Mathews,1,0,"",""
ball,1,13.4,Australia,CL White,MEK Hussey,AD Mathews,4,0,"",""
ball,1,13.5,Australia,CL White,MEK Hussey,AD Mathews,1,0,"",""
ball,1,13.6,Australia,MEK Hussey,CL White,AD Mathews,1,0,"",""
ball,1,14.1,Australia,MEK Hussey,CL White,BAW Mendis,0,0,"",""
ball,1,14.2,Australia,MEK Hussey,CL White,BAW Mendis,1,0,"",""
ball,1,14.3,Australia,CL White,MEK Hussey,BAW Mendis,4,0,"",""
ball,1,14.4,Australia,CL White,MEK Hussey,BAW Mendis,6,0,"",""
ball,1,14.5,Australia,CL White,MEK Hussey,BAW Mendis,0,0,"",""
ball,1,14.6,Australia,CL White,MEK Hussey,BAW Mendis,1,0,"",""
ball,1,15.1,Australia,CL White,MEK Hussey,SL Malinga,4,0,"",""
ball,1,15.2,Australia,CL White,MEK Hussey,SL Malinga,1,0,"",""
ball,1,15.3,Australia,MEK Hussey,CL White,SL Malinga,1,0,"",""
ball,1,15.4,Australia,CL White,MEK Hussey,SL Malinga,0,0,"",""
ball,1,15.5,Australia,CL White,MEK Hussey,SL Malinga,0,0,"",""
ball,1,15.6,Australia,CL White,MEK Hussey,SL Malinga,1,0,"",""
ball,1,16.1,Australia,CL White,MEK Hussey,UWMBCA Welegedara,1,0,"",""
ball,1,16.2,Australia,MEK Hussey,CL White,UWMBCA Welegedara,1,0,"",""
ball,1,16.3,Australia,CL White,MEK Hussey,UWMBCA Welegedara,1,0,"",""
ball,1,16.4,Australia,MEK Hussey,CL White,UWMBCA Welegedara,1,0,"",""
ball,1,16.5,Australia,CL White,MEK Hussey,UWMBCA Welegedara,6,0,"",""
ball,1,16.6,Australia,CL White,MEK Hussey,UWMBCA Welegedara,6,0,"",""
ball,1,17.1,Australia,MEK Hussey,CL White,SL Malinga,4,0,"",""
ball,1,17.2,Australia,MEK Hussey,CL White,SL Malinga,2,0,"",""
ball,1,17.3,Australia,MEK Hussey,CL White,SL Malinga,4,0,"",""
ball,1,17.4,Australia,MEK Hussey,CL White,SL Malinga,1,0,"",""
ball,1,17.5,Australia,CL White,MEK Hussey,SL Malinga,1,0,"",""
ball,1,17.6,Australia,MEK Hussey,CL White,SL Malinga,4,0,"",""
ball,1,18.1,Australia,CL White,MEK Hussey,BAW Mendis,6,0,"",""
ball,1,18.2,Australia,CL White,MEK Hussey,BAW Mendis,0,0,"",""
ball,1,18.3,Australia,CL White,MEK Hussey,BAW Mendis,0,1,"",""
ball,1,18.4,Australia,CL White,MEK Hussey,BAW Mendis,0,0,"",""
ball,1,18.5,Australia,CL White,MEK Hussey,BAW Mendis,6,0,"",""
ball,1,18.6,Australia,CL White,MEK Hussey,BAW Mendis,1,0,"",""
ball,1,18.7,Australia,MEK Hussey,CL White,BAW Mendis,1,0,"",""
ball,1,19.1,Australia,MEK Hussey,CL White,SL Malinga,6,0,"",""
ball,1,19.2,Australia,MEK Hussey,CL White,SL Malinga,4,0,"",""
ball,1,19.3,Australia,MEK Hussey,CL White,SL Malinga,2,0,"",""
ball,1,19.4,Australia,MEK Hussey,CL White,SL Malinga,1,0,"",""
ball,1,19.5,Australia,CL White,MEK Hussey,SL Malinga,1,0,"",""
ball,1,19.6,Australia,MEK Hussey,CL White,SL Malinga,1,0,"",""
ball,2,0.1,Sri Lanka,DPMD Jayawardene,ST Jayasuriya,DP Nannes,1,0,"",""
ball,2,0.2,Sri Lanka,ST Jayasuriya,DPMD Jayawardene,DP Nannes,2,0,"",""
ball,2,0.3,Sri Lanka,ST Jayasuriya,DPMD Jayawardene,DP Nannes,0,0,"",""
ball,2,0.4,Sri Lanka,ST Jayasuriya,DPMD Jayawardene,DP Nannes,0,1,"",""
ball,2,0.5,Sri Lanka,DPMD Jayawardene,ST Jayasuriya,DP Nannes,1,0,"",""
ball,2,0.6,Sri Lanka,ST Jayasuriya,DPMD Jayawardene,DP Nannes,1,0,"",""
ball,2,1.1,Sri Lanka,ST Jayasuriya,DPMD Jayawardene,SW Tait,0,1,"",""
ball,2,1.2,Sri Lanka,ST Jayasuriya,DPMD Jayawardene,SW Tait,0,0,"",""
ball,2,1.3,Sri Lanka,ST Jayasuriya,DPMD Jayawardene,SW Tait,0,0,"",""
ball,2,1.4,Sri Lanka,ST Jayasuriya,DPMD Jayawardene,SW Tait,1,0,"",""
ball,2,1.5,Sri Lanka,DPMD Jayawardene,ST Jayasuriya,SW Tait,0,1,"",""
ball,2,1.6,Sri Lanka,DPMD Jayawardene,ST Jayasuriya,SW Tait,1,0,"",""
ball,2,1.7,Sri Lanka,ST Jayasuriya,DPMD Jayawardene,SW Tait,0,0,"",""
ball,2,1.8,Sri Lanka,ST Jayasuriya,DPMD Jayawardene,SW Tait,0,0,"",""
ball,2,2.1,Sri Lanka,DPMD Jayawardene,ST Jayasuriya,DP Nannes,0,0,"",""
ball,2,2.2,Sri Lanka,DPMD Jayawardene,ST Jayasuriya,DP Nannes,6,0,"",""
ball,2,2.3,Sri Lanka,DPMD Jayawardene,ST Jayasuriya,DP Nannes,0,0,caught,DPMD Jayawardene
ball,2,2.4,Sri Lanka,ST Jayasuriya,KC Sangakkara,DP Nannes,0,0,"",""
ball,2,2.5,Sri Lanka,ST Jayasuriya,KC Sangakkara,DP Nannes,0,0,"",""
ball,2,2.6,Sri Lanka,ST Jayasuriya,KC Sangakkara,DP Nannes,0,0,"",""
ball,2,3.1,Sri Lanka,KC Sangakkara,ST Jayasuriya,SW Tait,2,0,"",""
ball,2,3.2,Sri Lanka,KC Sangakkara,ST Jayasuriya,SW Tait,0,0,"",""
ball,2,3.3,Sri Lanka,KC Sangakkara,ST Jayasuriya,SW Tait,0,0,caught,KC Sangakkara
ball,2,3.4,Sri Lanka,TM Dilshan,ST Jayasuriya,SW Tait,4,0,"",""
ball,2,3.5,Sri Lanka,TM Dilshan,ST Jayasuriya,SW Tait,0,0,"",""
ball,2,3.6,Sri Lanka,TM Dilshan,ST Jayasuriya,SW Tait,0,0,"",""
ball,2,4.1,Sri Lanka,ST Jayasuriya,TM Dilshan,DP Nannes,1,0,"",""
ball,2,4.2,Sri Lanka,TM Dilshan,ST Jayasuriya,DP Nannes,2,0,"",""
ball,2,4.3,Sri Lanka,TM Dilshan,ST Jayasuriya,DP Nannes,0,0,"",""
ball,2,4.4,Sri Lanka,TM Dilshan,ST Jayasuriya,DP Nannes,1,0,"",""
ball,2,4.5,Sri Lanka,ST Jayasuriya,TM Dilshan,DP Nannes,0,0,lbw,ST Jayasuriya
ball,2,4.6,Sri Lanka,AD Mathews,TM Dilshan,DP Nannes,4,0,"",""
ball,2,5.1,Sri Lanka,TM Dilshan,AD Mathews,SR Watson,4,0,"",""
ball,2,5.2,Sri Lanka,TM Dilshan,AD Mathews,SR Watson,6,0,"",""
ball,2,5.3,Sri Lanka,TM Dilshan,AD Mathews,SR Watson,0,0,"",""
ball,2,5.4,Sri Lanka,TM Dilshan,AD Mathews,SR Watson,1,0,"",""
ball,2,5.5,Sri Lanka,AD Mathews,TM Dilshan,SR Watson,4,0,"",""
ball,2,5.6,Sri Lanka,AD Mathews,TM Dilshan,SR Watson,0,0,"",""
ball,2,6.1,Sri Lanka,TM Dilshan,AD Mathews,MG Johnson,2,0,"",""
ball,2,6.2,Sri Lanka,TM Dilshan,AD Mathews,MG Johnson,0,1,"",""
ball,2,6.3,Sri Lanka,TM Dilshan,AD Mathews,MG Johnson,0,0,caught,TM Dilshan
ball,2,6.4,Sri Lanka,LD Chandimal,AD Mathews,MG Johnson,0,0,"",""
ball,2,6.5,Sri Lanka,LD Chandimal,AD Mathews,MG Johnson,0,0,"",""
ball,2,6.6,Sri Lanka,LD Chandimal,AD Mathews,MG Johnson,1,0,"",""
ball,2,6.7,Sri Lanka,AD Mathews,LD Chandimal,MG Johnson,0,0,caught,AD Mathews
ball,2,7.1,Sri Lanka,LD Chandimal,CK Kapugedera,SPD Smith,1,0,"",""
ball,2,7.2,Sri Lanka,CK Kapugedera,LD Chandimal,SPD Smith,0,1,"",""
ball,2,7.3,Sri Lanka,CK Kapugedera,LD Chandimal,SPD Smith,1,0,"",""
ball,2,7.4,Sri Lanka,LD Chandimal,CK Kapugedera,SPD Smith,1,0,"",""
ball,2,7.5,Sri Lanka,CK Kapugedera,LD Chandimal,SPD Smith,0,0,"",""
ball,2,7.6,Sri Lanka,CK Kapugedera,LD Chandimal,SPD Smith,0,0,"",""
ball,2,7.7,Sri Lanka,CK Kapugedera,LD Chandimal,SPD Smith,1,0,"",""
ball,2,8.1,Sri Lanka,CK Kapugedera,LD Chandimal,MG Johnson,1,0,"",""
ball,2,8.2,Sri Lanka,LD Chandimal,CK Kapugedera,MG Johnson,2,0,"",""
ball,2,8.3,Sri Lanka,LD Chandimal,CK Kapugedera,MG Johnson,1,0,"",""
ball,2,8.4,Sri Lanka,CK Kapugedera,LD Chandimal,MG Johnson,0,0,"",""
ball,2,8.5,Sri Lanka,CK Kapugedera,LD Chandimal,MG Johnson,4,0,"",""
ball,2,8.6,Sri Lanka,CK Kapugedera,LD Chandimal,MG Johnson,1,0,"",""
ball,2,9.1,Sri Lanka,CK Kapugedera,LD Chandimal,SPD Smith,0,1,"",""
ball,2,9.2,Sri Lanka,LD Chandimal,CK Kapugedera,SPD Smith,1,0,"",""
ball,2,9.3,Sri Lanka,CK Kapugedera,LD Chandimal,SPD Smith,1,0,"",""
ball,2,9.4,Sri Lanka,LD Chandimal,CK Kapugedera,SPD Smith,0,0,"",""
ball,2,9.5,Sri Lanka,LD Chandimal,CK Kapugedera,SPD Smith,0,0,"",""
ball,2,9.6,Sri Lanka,LD Chandimal,CK Kapugedera,SPD Smith,1,0,"",""
ball,2,10.1,Sri Lanka,LD Chandimal,CK Kapugedera,SR Watson,0,0,"",""
ball,2,10.2,Sri Lanka,LD Chandimal,CK Kapugedera,SR Watson,1,0,"",""
ball,2,10.3,Sri Lanka,CK Kapugedera,LD Chandimal,SR Watson,1,0,"",""
ball,2,10.4,Sri Lanka,LD Chandimal,CK Kapugedera,SR Watson,1,0,"",""
ball,2,10.5,Sri Lanka,CK Kapugedera,LD Chandimal,SR Watson,1,0,"",""
ball,2,10.6,Sri Lanka,LD Chandimal,CK Kapugedera,SR Watson,0,0,"",""
ball,2,11.1,Sri Lanka,CK Kapugedera,LD Chandimal,SPD Smith,1,0,"",""
ball,2,11.2,Sri Lanka,LD Chandimal,CK Kapugedera,SPD Smith,1,0,"",""
ball,2,11.3,Sri Lanka,CK Kapugedera,LD Chandimal,SPD Smith,0,0,"",""
ball,2,11.4,Sri Lanka,CK Kapugedera,LD Chandimal,SPD Smith,0,0,bowled,CK Kapugedera
ball,2,11.5,Sri Lanka,S Randiv,LD Chandimal,SPD Smith,1,0,"",""
ball,2,11.6,Sri Lanka,LD Chandimal,S Randiv,SPD Smith,1,0,"",""
ball,2,12.1,Sri Lanka,LD Chandimal,S Randiv,SR Watson,2,0,"",""
ball,2,12.2,Sri Lanka,LD Chandimal,S Randiv,SR Watson,4,0,"",""
ball,2,12.3,Sri Lanka,LD Chandimal,S Randiv,SR Watson,0,0,"",""
ball,2,12.4,Sri Lanka,LD Chandimal,S Randiv,SR Watson,1,0,"",""
ball,2,12.5,Sri Lanka,S Randiv,LD Chandimal,SR Watson,1,0,run out,S Randiv
ball,2,12.6,Sri Lanka,SL Malinga,LD Chandimal,SR Watson,0,0,"",""
ball,2,13.1,Sri Lanka,LD Chandimal,SL Malinga,SPD Smith,0,0,"",""
ball,2,13.2,Sri Lanka,LD Chandimal,SL Malinga,SPD Smith,0,0,"",""
ball,2,13.3,Sri Lanka,LD Chandimal,SL Malinga,SPD Smith,0,0,stumped,LD Chandimal
ball,2,13.4,Sri Lanka,BAW Mendis,SL Malinga,SPD Smith,0,0,"",""
ball,2,13.5,Sri Lanka,BAW Mendis,SL Malinga,SPD Smith,0,0,"",""
ball,2,13.6,Sri Lanka,BAW Mendis,SL Malinga,SPD Smith,0,0,"",""
ball,2,14.1,Sri Lanka,SL Malinga,BAW Mendis,MG Johnson,0,0,"",""
ball,2,14.2,Sri Lanka,SL Malinga,BAW Mendis,MG Johnson,0,0,"",""
ball,2,14.3,Sri Lanka,SL Malinga,BAW Mendis,MG Johnson,0,0,"",""
ball,2,14.4,Sri Lanka,SL Malinga,BAW Mendis,MG Johnson,0,0,"",""
ball,2,14.5,Sri Lanka,SL Malinga,BAW Mendis,MG Johnson,1,0,"",""
ball,2,14.6,Sri Lanka,BAW Mendis,SL Malinga,MG Johnson,0,0,"",""
ball,2,15.1,Sri Lanka,SL Malinga,BAW Mendis,MJ Clarke,0,0,"",""
ball,2,15.2,Sri Lanka,SL Malinga,BAW Mendis,MJ Clarke,0,0,caught,SL Malinga
ball,2,15.3,Sri Lanka,BAW Mendis,UWMBCA Welegedara,MJ Clarke,0,0,"",""
ball,2,15.4,Sri Lanka,BAW Mendis,UWMBCA Welegedara,MJ Clarke,1,0,"",""
ball,2,15.5,Sri Lanka,UWMBCA Welegedara,BAW Mendis,MJ Clarke,0,0,"",""
ball,2,15.6,Sri Lanka,UWMBCA Welegedara,BAW Mendis,MJ Clarke,1,0,"",""
ball,2,16.1,Sri Lanka,UWMBCA Welegedara,BAW Mendis,MG Johnson,1,0,"",""
ball,2,16.2,Sri Lanka,BAW Mendis,UWMBCA Welegedara,MG Johnson,0,0,bowled,BAW Mendis
