version,1
info,team,West Indies
info,team,England
info,gender,male
info,season,2010
info,date,2010/05/03
info,competition,ICC World Twenty20
info,match_number,8
info,venue,Providence Stadium
info,city,Guyana
info,toss_winner,West Indies
info,toss_decision,field
info,player_of_match,DJG Sammy
info,umpire,AL Hill
info,umpire,RE Koertzen
info,reserve_umpire,Asad Rauf
info,tv_umpire,BF Bowden
info,match_referee,AG Hurst
info,winner,West Indies
info,winner_wickets,8
info,method,D/L
ball,1,0.1,England,MJ Lumb,C Kieswetter,SJ Benn,0,0,"",""
ball,1,0.2,England,MJ Lumb,C Kieswetter,SJ Benn,0,0,"",""
ball,1,0.3,England,MJ Lumb,C Kieswetter,SJ Benn,2,0,"",""
ball,1,0.4,England,MJ Lumb,C Kieswetter,SJ Benn,2,0,"",""
ball,1,0.5,England,MJ Lumb,C Kieswetter,SJ Benn,0,0,"",""
ball,1,0.6,England,MJ Lumb,C Kieswetter,SJ Benn,1,0,"",""
ball,1,1.1,England,MJ Lumb,C Kieswetter,R Rampaul,0,1,"",""
ball,1,1.2,England,MJ Lumb,C Kieswetter,R Rampaul,4,0,"",""
ball,1,1.3,England,MJ Lumb,C Kieswetter,R Rampaul,0,1,"",""
ball,1,1.4,England,MJ Lumb,C Kieswetter,R Rampaul,4,0,"",""
ball,1,1.5,England,MJ Lumb,C Kieswetter,R Rampaul,2,1,"",""
ball,1,1.6,England,MJ Lumb,C Kieswetter,R Rampaul,0,0,"",""
ball,1,1.7,England,MJ Lumb,C Kieswetter,R Rampaul,0,0,"",""
ball,1,1.8,England,MJ Lumb,C Kieswetter,R Rampaul,2,0,"",""
ball,1,1.9,England,MJ Lumb,C Kieswetter,R Rampaul,1,0,"",""
ball,1,2.1,England,MJ Lumb,C Kieswetter,SJ Benn,4,0,"",""
ball,1,2.2,England,MJ Lumb,C Kieswetter,SJ Benn,4,0,"",""
ball,1,2.3,England,MJ Lumb,C Kieswetter,SJ Benn,1,0,"",""
ball,1,2.4,England,C Kieswetter,MJ Lumb,SJ Benn,0,0,"",""
ball,1,2.5,England,C Kieswetter,MJ Lumb,SJ Benn,0,0,"",""
ball,1,2.6,England,C Kieswetter,MJ Lumb,SJ Benn,0,0,"",""
ball,1,3.1,England,MJ Lumb,C Kieswetter,CH Gayle,1,0,"",""
ball,1,3.2,England,C Kieswetter,MJ Lumb,CH Gayle,4,0,"",""
ball,1,3.3,England,C Kieswetter,MJ Lumb,CH Gayle,1,0,"",""
ball,1,3.4,England,MJ Lumb,C Kieswetter,CH Gayle,0,0,bowled,MJ Lumb
ball,1,3.5,England,KP Pietersen,C Kieswetter,CH Gayle,4,0,"",""
ball,1,3.6,England,KP Pietersen,C Kieswetter,CH Gayle,1,0,"",""
ball,1,4.1,England,KP Pietersen,C Kieswetter,NO Miller,0,0,"",""
ball,1,4.2,England,KP Pietersen,C Kieswetter,NO Miller,2,0,"",""
ball,1,4.3,England,KP Pietersen,C Kieswetter,NO Miller,1,0,"",""
ball,1,4.4,England,C Kieswetter,KP Pietersen,NO Miller,6,0,"",""
ball,1,4.5,England,C Kieswetter,KP Pietersen,NO Miller,1,0,"",""
ball,1,4.6,England,KP Pietersen,C Kieswetter,NO Miller,0,0,"",""
ball,1,5.1,England,C Kieswetter,KP Pietersen,R Rampaul,0,0,"",""
ball,1,5.2,England,C Kieswetter,KP Pietersen,R Rampaul,6,0,"",""
ball,1,5.3,England,C Kieswetter,KP Pietersen,R Rampaul,1,0,"",""
ball,1,5.4,England,KP Pietersen,C Kieswetter,R Rampaul,1,0,"",""
ball,1,5.5,England,C Kieswetter,KP Pietersen,R Rampaul,1,0,"",""
ball,1,5.6,England,KP Pietersen,C Kieswetter,R Rampaul,0,0,"",""
ball,1,6.1,England,C Kieswetter,KP Pietersen,NO Miller,0,0,"",""
ball,1,6.2,England,C Kieswetter,KP Pietersen,NO Miller,6,0,"",""
ball,1,6.3,England,C Kieswetter,KP Pietersen,NO Miller,0,0,lbw,C Kieswetter
ball,1,6.4,England,PD Collingwood,KP Pietersen,NO Miller,0,0,"",""
ball,1,6.5,England,PD Collingwood,KP Pietersen,NO Miller,3,0,"",""
ball,1,6.6,England,KP Pietersen,PD Collingwood,NO Miller,2,0,"",""
ball,1,7.1,England,PD Collingwood,KP Pietersen,DJG Sammy,1,0,"",""
ball,1,7.2,England,KP Pietersen,PD Collingwood,DJG Sammy,1,0,"",""
ball,1,7.3,England,PD Collingwood,KP Pietersen,DJG Sammy,1,0,"",""
ball,1,7.4,England,KP Pietersen,PD Collingwood,DJG Sammy,0,0,"",""
ball,1,7.5,England,KP Pietersen,PD Collingwood,DJG Sammy,0,0,"",""
ball,1,7.6,England,KP Pietersen,PD Collingwood,DJG Sammy,1,0,"",""
ball,1,8.1,England,KP Pietersen,PD Collingwood,NO Miller,0,0,"",""
ball,1,8.2,England,KP Pietersen,PD Collingwood,NO Miller,1,0,"",""
ball,1,8.3,England,PD Collingwood,KP Pietersen,NO Miller,1,0,"",""
ball,1,8.4,England,KP Pietersen,PD Collingwood,NO Miller,2,0,"",""
ball,1,8.5,England,KP Pietersen,PD Collingwood,NO Miller,1,0,"",""
ball,1,8.6,England,PD Collingwood,KP Pietersen,NO Miller,0,0,"",""
ball,1,9.1,England,KP Pietersen,PD Collingwood,DJG Sammy,1,0,"",""
ball,1,9.2,England,PD Collingwood,KP Pietersen,DJG Sammy,0,0,"",""
ball,1,9.3,England,PD Collingwood,KP Pietersen,DJG Sammy,0,0,bowled,PD Collingwood
ball,1,9.4,England,EJG Morgan,KP Pietersen,DJG Sammy,1,0,"",""
ball,1,9.5,England,KP Pietersen,EJG Morgan,DJG Sammy,6,0,"",""
ball,1,9.6,England,KP Pietersen,EJG Morgan,DJG Sammy,0,0,caught,KP Pietersen
ball,1,10.1,England,EJG Morgan,LJ Wright,NO Miller,1,0,"",""
ball,1,10.2,England,LJ Wright,EJG Morgan,NO Miller,0,0,"",""
ball,1,10.3,England,LJ Wright,EJG Morgan,NO Miller,0,0,"",""
ball,1,10.4,England,LJ Wright,EJG Morgan,NO Miller,0,0,"",""
ball,1,10.5,England,LJ Wright,EJG Morgan,NO Miller,1,0,"",""
ball,1,10.6,England,EJG Morgan,LJ Wright,NO Miller,1,0,"",""
ball,1,11.1,England,EJG Morgan,LJ Wright,DJG Sammy,2,0,"",""
ball,1,11.2,England,EJG Morgan,LJ Wright,DJG Sammy,0,1,"",""
ball,1,11.3,England,EJG Morgan,LJ Wright,DJG Sammy,0,0,"",""
ball,1,11.4,England,EJG Morgan,LJ Wright,DJG Sammy,1,0,"",""
ball,1,11.5,England,LJ Wright,EJG Morgan,DJG Sammy,0,0,"",""
ball,1,11.6,England,LJ Wright,EJG Morgan,DJG Sammy,1,0,"",""
ball,1,11.7,England,EJG Morgan,LJ Wright,DJG Sammy,1,0,"",""
ball,1,12.1,England,EJG Morgan,LJ Wright,DJ Bravo,0,0,"",""
ball,1,12.2,England,EJG Morgan,LJ Wright,DJ Bravo,6,0,"",""
ball,1,12.3,England,EJG Morgan,LJ Wright,DJ Bravo,0,0,"",""
ball,1,12.4,England,EJG Morgan,LJ Wright,DJ Bravo,1,0,"",""
ball,1,12.5,England,LJ Wright,EJG Morgan,DJ Bravo,0,0,"",""
ball,1,12.6,England,LJ Wright,EJG Morgan,DJ Bravo,1,0,"",""
ball,1,13.1,England,LJ Wright,EJG Morgan,DJG Sammy,1,0,"",""
ball,1,13.2,England,EJG Morgan,LJ Wright,DJG Sammy,1,0,"",""
ball,1,13.3,England,LJ Wright,EJG Morgan,DJG Sammy,1,0,"",""
ball,1,13.4,England,EJG Morgan,LJ Wright,DJG Sammy,0,0,"",""
ball,1,13.5,England,EJG Morgan,LJ Wright,DJG Sammy,0,0,"",""
ball,1,13.6,England,EJG Morgan,LJ Wright,DJG Sammy,1,0,"",""
ball,1,14.1,England,EJG Morgan,LJ Wright,DJ Bravo,0,0,"",""
ball,1,14.2,England,EJG Morgan,LJ Wright,DJ Bravo,1,0,"",""
ball,1,14.3,England,LJ Wright,EJG Morgan,DJ Bravo,1,0,"",""
ball,1,14.4,England,EJG Morgan,LJ Wright,DJ Bravo,2,0,"",""
ball,1,14.5,England,EJG Morgan,LJ Wright,DJ Bravo,1,0,"",""
ball,1,14.6,England,LJ Wright,EJG Morgan,DJ Bravo,1,0,"",""
ball,1,15.1,England,LJ Wright,EJG Morgan,KA Pollard,6,0,"",""
ball,1,15.2,England,LJ Wright,EJG Morgan,KA Pollard,1,0,"",""
ball,1,15.3,England,EJG Morgan,LJ Wright,KA Pollard,2,0,"",""
ball,1,15.4,England,EJG Morgan,LJ Wright,KA Pollard,1,0,"",""
ball,1,15.5,England,LJ Wright,EJG Morgan,KA Pollard,6,0,"",""
ball,1,15.6,England,LJ Wright,EJG Morgan,KA Pollard,0,0,"",""
ball,1,16.1,England,EJG Morgan,LJ Wright,DJ Bravo,0,0,"",""
ball,1,16.2,England,EJG Morgan,LJ Wright,DJ Bravo,4,0,"",""
ball,1,16.3,England,EJG Morgan,LJ Wright,DJ Bravo,0,1,"",""
ball,1,16.4,England,LJ Wright,EJG Morgan,DJ Bravo,1,0,"",""
ball,1,16.5,England,EJG Morgan,LJ Wright,DJ Bravo,2,0,"",""
ball,1,16.6,England,EJG Morgan,LJ Wright,DJ Bravo,6,0,"",""
ball,1,17.1,England,LJ Wright,EJG Morgan,R Rampaul,6,0,"",""
ball,1,17.2,England,LJ Wright,EJG Morgan,R Rampaul,6,0,"",""
ball,1,17.3,England,LJ Wright,EJG Morgan,R Rampaul,1,1,"",""
ball,1,17.4,England,EJG Morgan,LJ Wright,R Rampaul,6,0,"",""
ball,1,17.5,England,EJG Morgan,LJ Wright,R Rampaul,4,0,"",""
ball,1,17.6,England,EJG Morgan,LJ Wright,R Rampaul,2,0,"",""
ball,1,17.7,England,EJG Morgan,LJ Wright,R Rampaul,1,0,"",""
ball,1,18.1,England,EJG Morgan,LJ Wright,SJ Benn,0,1,"",""
ball,1,18.2,England,LJ Wright,EJG Morgan,SJ Benn,1,0,"",""
ball,1,18.3,England,EJG Morgan,LJ Wright,SJ Benn,2,0,"",""
ball,1,18.4,England,EJG Morgan,LJ Wright,SJ Benn,4,0,"",""
ball,1,18.5,England,EJG Morgan,LJ Wright,SJ Benn,1,0,"",""
ball,1,18.6,England,LJ Wright,EJG Morgan,SJ Benn,1,0,"",""
ball,1,19.1,England,LJ Wright,EJG Morgan,DJ Bravo,1,0,"",""
ball,1,19.2,England,EJG Morgan,LJ Wright,DJ Bravo,0,0,caught,EJG Morgan
ball,1,19.3,England,LJ Wright,TT Bresnan,DJ Bravo,2,0,"",""
ball,1,19.4,England,LJ Wright,TT Bresnan,DJ Bravo,0,0,"",""
ball,1,19.5,England,LJ Wright,TT Bresnan,DJ Bravo,4,0,"",""
ball,1,19.6,England,LJ Wright,TT Bresnan,DJ Bravo,2,0,"",""
ball,2,0.1,West Indies,CH Gayle,S Chanderpaul,RJ Sidebottom,0,0,"",""
ball,2,0.2,West Indies,CH Gayle,S Chanderpaul,RJ Sidebottom,0,0,"",""
ball,2,0.3,West Indies,CH Gayle,S Chanderpaul,RJ Sidebottom,4,0,"",""
ball,2,0.4,West Indies,CH Gayle,S Chanderpaul,RJ Sidebottom,4,0,"",""
ball,2,0.5,West Indies,CH Gayle,S Chanderpaul,RJ Sidebottom,0,1,"",""
ball,2,0.6,West Indies,CH Gayle,S Chanderpaul,RJ Sidebottom,0,0,"",""
ball,2,0.7,West Indies,CH Gayle,S Chanderpaul,RJ Sidebottom,6,0,"",""
ball,2,1.1,West Indies,S Chanderpaul,CH Gayle,GP Swann,1,0,"",""
ball,2,1.2,West Indies,CH Gayle,S Chanderpaul,GP Swann,1,0,"",""
ball,2,1.3,West Indies,S Chanderpaul,CH Gayle,GP Swann,1,0,"",""
ball,2,1.4,West Indies,CH Gayle,S Chanderpaul,GP Swann,0,2,"",""
ball,2,1.5,West Indies,S Chanderpaul,CH Gayle,GP Swann,0,0,"",""
ball,2,1.6,West Indies,S Chanderpaul,CH Gayle,GP Swann,0,0,"",""
ball,2,1.7,West Indies,S Chanderpaul,CH Gayle,GP Swann,6,0,"",""
ball,2,2.1,West Indies,CH Gayle,S Chanderpaul,TT Bresnan,0,1,"",""
ball,2,2.2,West Indies,CH Gayle,S Chanderpaul,TT Bresnan,1,0,"",""
ball,2,2.3,West Indies,S Chanderpaul,CH Gayle,TT Bresnan,2,0,"",""
ball,2,2.4,West Indies,S Chanderpaul,CH Gayle,TT Bresnan,0,0,"",""
ball,2,2.5,West Indies,S Chanderpaul,CH Gayle,TT Bresnan,0,0,"",""
ball,2,2.6,West Indies,S Chanderpaul,CH Gayle,TT Bresnan,0,1,"",""
ball,2,2.7,West Indies,S Chanderpaul,CH Gayle,TT Bresnan,1,0,"",""
ball,2,2.8,West Indies,CH Gayle,S Chanderpaul,TT Bresnan,1,0,"",""
ball,2,3.1,West Indies,CH Gayle,S Chanderpaul,GP Swann,2,0,"",""
ball,2,3.2,West Indies,CH Gayle,S Chanderpaul,GP Swann,6,0,"",""
ball,2,3.3,West Indies,CH Gayle,S Chanderpaul,GP Swann,0,0,caught,CH Gayle
ball,2,3.4,West Indies,KA Pollard,S Chanderpaul,GP Swann,0,1,stumped,KA Pollard
ball,2,3.5,West Indies,ADS Fletcher,S Chanderpaul,GP Swann,0,0,"",""
ball,2,3.6,West Indies,ADS Fletcher,S Chanderpaul,GP Swann,1,0,"",""
ball,2,3.7,West Indies,S Chanderpaul,ADS Fletcher,GP Swann,0,2,"",""
ball,2,3.8,West Indies,ADS Fletcher,S Chanderpaul,GP Swann,1,0,"",""
ball,2,4.1,West Indies,ADS Fletcher,S Chanderpaul,MH Yardy,1,0,"",""
ball,2,4.2,West Indies,S Chanderpaul,ADS Fletcher,MH Yardy,1,0,"",""
ball,2,4.3,West Indies,ADS Fletcher,S Chanderpaul,MH Yardy,1,0,"",""
ball,2,4.4,West Indies,S Chanderpaul,ADS Fletcher,MH Yardy,1,0,"",""
ball,2,4.5,West Indies,ADS Fletcher,S Chanderpaul,MH Yardy,1,0,"",""
ball,2,4.6,West Indies,S Chanderpaul,ADS Fletcher,MH Yardy,1,0,"",""
ball,2,5.1,West Indies,S Chanderpaul,ADS Fletcher,SCJ Broad,1,0,"",""
ball,2,5.2,West Indies,ADS Fletcher,S Chanderpaul,SCJ Broad,2,0,"",""
ball,2,5.3,West Indies,ADS Fletcher,S Chanderpaul,SCJ Broad,0,0,"",""
ball,2,5.4,West Indies,ADS Fletcher,S Chanderpaul,SCJ Broad,4,0,"",""
ball,2,5.5,West Indies,ADS Fletcher,S Chanderpaul,SCJ Broad,1,0,"",""
