version,1
info,team,India
info,team,Sri Lanka
info,gender,male
info,season,2009/10
info,date,2009/12/09
info,series,Sri Lanka in India T20I Series
info,match_number,1
info,venue,"Vidarbha Cricket Association Stadium, Jamtha"
info,city,Nagpur
info,toss_winner,India
info,toss_decision,field
info,player_of_match,KC Sangakkara
info,umpire,AM Saheba
info,umpire,SK Tarapore
info,reserve_umpire,SN Bandekar
info,tv_umpire,SS Hazare
info,match_referee,JJ Crowe
info,winner,Sri Lanka
info,winner_runs,29
ball,1,0.1,Sri Lanka,TM Dilshan,ST Jayasuriya,A Nehra,1,0,"",""
ball,1,0.2,Sri Lanka,ST Jayasuriya,TM Dilshan,A Nehra,1,0,"",""
ball,1,0.3,Sri Lanka,TM Dilshan,ST Jayasuriya,A Nehra,0,1,"",""
ball,1,0.4,Sri Lanka,ST Jayasuriya,TM Dilshan,A Nehra,1,0,"",""
ball,1,0.5,Sri Lanka,TM Dilshan,ST Jayasuriya,A Nehra,4,0,"",""
ball,1,0.6,Sri Lanka,TM Dilshan,ST Jayasuriya,A Nehra,1,0,"",""
ball,1,1.1,Sri Lanka,TM Dilshan,ST Jayasuriya,I Sharma,0,0,"",""
ball,1,1.2,Sri Lanka,TM Dilshan,ST Jayasuriya,I Sharma,0,0,"",""
ball,1,1.3,Sri Lanka,TM Dilshan,ST Jayasuriya,I Sharma,1,0,"",""
ball,1,1.4,Sri Lanka,ST Jayasuriya,TM Dilshan,I Sharma,0,0,"",""
ball,1,1.5,Sri Lanka,ST Jayasuriya,TM Dilshan,I Sharma,0,0,"",""
ball,1,1.6,Sri Lanka,ST Jayasuriya,TM Dilshan,I Sharma,0,0,"",""
ball,1,2.1,Sri Lanka,TM Dilshan,ST Jayasuriya,A Nehra,0,0,"",""
ball,1,2.2,Sri Lanka,TM Dilshan,ST Jayasuriya,A Nehra,1,0,"",""
ball,1,2.3,Sri Lanka,ST Jayasuriya,TM Dilshan,A Nehra,0,0,"",""
ball,1,2.4,Sri Lanka,ST Jayasuriya,TM Dilshan,A Nehra,1,0,"",""
ball,1,2.5,Sri Lanka,TM Dilshan,ST Jayasuriya,A Nehra,1,0,"",""
ball,1,2.6,Sri Lanka,ST Jayasuriya,TM Dilshan,A Nehra,1,0,"",""
ball,1,3.1,Sri Lanka,ST Jayasuriya,TM Dilshan,I Sharma,0,0,"",""
ball,1,3.2,Sri Lanka,ST Jayasuriya,TM Dilshan,I Sharma,0,0,"",""
ball,1,3.3,Sri Lanka,ST Jayasuriya,TM Dilshan,I Sharma,1,0,"",""
ball,1,3.4,Sri Lanka,TM Dilshan,ST Jayasuriya,I Sharma,0,0,"",""
ball,1,3.5,Sri Lanka,TM Dilshan,ST Jayasuriya,I Sharma,0,1,"",""
ball,1,3.6,Sri Lanka,ST Jayasuriya,TM Dilshan,I Sharma,1,0,"",""
ball,1,4.1,Sri Lanka,ST Jayasuriya,TM Dilshan,A Nehra,0,1,"",""
ball,1,4.2,Sri Lanka,ST Jayasuriya,TM Dilshan,A Nehra,4,0,"",""
ball,1,4.3,Sri Lanka,ST Jayasuriya,TM Dilshan,A Nehra,4,0,"",""
ball,1,4.4,Sri Lanka,ST Jayasuriya,TM Dilshan,A Nehra,0,0,"",""
ball,1,4.5,Sri Lanka,ST Jayasuriya,TM Dilshan,A Nehra,4,0,"",""
ball,1,4.6,Sri Lanka,ST Jayasuriya,TM Dilshan,A Nehra,0,1,"",""
ball,1,4.7,Sri Lanka,ST Jayasuriya,TM Dilshan,A Nehra,4,0,"",""
ball,1,4.8,Sri Lanka,ST Jayasuriya,TM Dilshan,A Nehra,4,0,"",""
ball,1,5.1,Sri Lanka,TM Dilshan,ST Jayasuriya,I Sharma,0,0,"",""
ball,1,5.2,Sri Lanka,TM Dilshan,ST Jayasuriya,I Sharma,4,0,"",""
ball,1,5.3,Sri Lanka,TM Dilshan,ST Jayasuriya,I Sharma,0,0,"",""
ball,1,5.4,Sri Lanka,TM Dilshan,ST Jayasuriya,I Sharma,0,0,"",""
ball,1,5.5,Sri Lanka,TM Dilshan,ST Jayasuriya,I Sharma,0,0,"",""
ball,1,5.6,Sri Lanka,TM Dilshan,ST Jayasuriya,I Sharma,0,0,"",""
ball,1,6.1,Sri Lanka,ST Jayasuriya,TM Dilshan,AB Dinda,0,0,"",""
ball,1,6.2,Sri Lanka,ST Jayasuriya,TM Dilshan,AB Dinda,0,0,caught,ST Jayasuriya
ball,1,6.3,Sri Lanka,TM Dilshan,KC Sangakkara,AB Dinda,4,0,"",""
ball,1,6.4,Sri Lanka,TM Dilshan,KC Sangakkara,AB Dinda,4,0,"",""
ball,1,6.5,Sri Lanka,TM Dilshan,KC Sangakkara,AB Dinda,0,0,"",""
ball,1,6.6,Sri Lanka,TM Dilshan,KC Sangakkara,AB Dinda,1,0,"",""
ball,1,7.1,Sri Lanka,TM Dilshan,KC Sangakkara,YK Pathan,1,0,"",""
ball,1,7.2,Sri Lanka,KC Sangakkara,TM Dilshan,YK Pathan,1,0,"",""
ball,1,7.3,Sri Lanka,TM Dilshan,KC Sangakkara,YK Pathan,4,0,"",""
ball,1,7.4,Sri Lanka,TM Dilshan,KC Sangakkara,YK Pathan,1,0,"",""
ball,1,7.5,Sri Lanka,KC Sangakkara,TM Dilshan,YK Pathan,1,0,"",""
ball,1,7.6,Sri Lanka,TM Dilshan,KC Sangakkara,YK Pathan,0,0,"",""
ball,1,8.1,Sri Lanka,KC Sangakkara,TM Dilshan,PP Ojha,4,0,"",""
ball,1,8.2,Sri Lanka,KC Sangakkara,TM Dilshan,PP Ojha,4,0,"",""
ball,1,8.3,Sri Lanka,KC Sangakkara,TM Dilshan,PP Ojha,6,0,"",""
ball,1,8.4,Sri Lanka,KC Sangakkara,TM Dilshan,PP Ojha,1,0,"",""
ball,1,8.5,Sri Lanka,TM Dilshan,KC Sangakkara,PP Ojha,1,0,"",""
ball,1,8.6,Sri Lanka,KC Sangakkara,TM Dilshan,PP Ojha,1,0,"",""
ball,1,9.1,Sri Lanka,KC Sangakkara,TM Dilshan,YK Pathan,1,0,"",""
ball,1,9.2,Sri Lanka,TM Dilshan,KC Sangakkara,YK Pathan,1,0,"",""
ball,1,9.3,Sri Lanka,KC Sangakkara,TM Dilshan,YK Pathan,4,0,"",""
ball,1,9.4,Sri Lanka,KC Sangakkara,TM Dilshan,YK Pathan,1,0,"",""
ball,1,9.5,Sri Lanka,TM Dilshan,KC Sangakkara,YK Pathan,1,0,"",""
ball,1,9.6,Sri Lanka,KC Sangakkara,TM Dilshan,YK Pathan,4,0,"",""
ball,1,10.1,Sri Lanka,TM Dilshan,KC Sangakkara,RG Sharma,1,0,"",""
ball,1,10.2,Sri Lanka,KC Sangakkara,TM Dilshan,RG Sharma,1,0,"",""
ball,1,10.3,Sri Lanka,TM Dilshan,KC Sangakkara,RG Sharma,1,0,"",""
ball,1,10.4,Sri Lanka,KC Sangakkara,TM Dilshan,RG Sharma,0,1,"",""
ball,1,10.5,Sri Lanka,TM Dilshan,KC Sangakkara,RG Sharma,1,0,"",""
ball,1,10.6,Sri Lanka,KC Sangakkara,TM Dilshan,RG Sharma,1,0,"",""
ball,1,11.1,Sri Lanka,KC Sangakkara,TM Dilshan,AB Dinda,2,0,"",""
ball,1,11.2,Sri Lanka,KC Sangakkara,TM Dilshan,AB Dinda,4,0,"",""
ball,1,11.3,Sri Lanka,KC Sangakkara,TM Dilshan,AB Dinda,4,0,"",""
ball,1,11.4,Sri Lanka,KC Sangakkara,TM Dilshan,AB Dinda,2,0,"",""
ball,1,11.5,Sri Lanka,KC Sangakkara,TM Dilshan,AB Dinda,2,0,"",""
ball,1,11.6,Sri Lanka,KC Sangakkara,TM Dilshan,AB Dinda,1,0,"",""
ball,1,12.1,Sri Lanka,KC Sangakkara,TM Dilshan,RG Sharma,6,0,"",""
ball,1,12.2,Sri Lanka,KC Sangakkara,TM Dilshan,RG Sharma,1,0,"",""
ball,1,12.3,Sri Lanka,TM Dilshan,KC Sangakkara,RG Sharma,0,0,bowled,TM Dilshan
ball,1,12.4,Sri Lanka,DPMD Jayawardene,KC Sangakkara,RG Sharma,2,0,"",""
ball,1,12.5,Sri Lanka,DPMD Jayawardene,KC Sangakkara,RG Sharma,0,0,"",""
ball,1,12.6,Sri Lanka,DPMD Jayawardene,KC Sangakkara,RG Sharma,1,0,"",""
ball,1,13.1,Sri Lanka,DPMD Jayawardene,KC Sangakkara,YK Pathan,4,0,"",""
ball,1,13.2,Sri Lanka,DPMD Jayawardene,KC Sangakkara,YK Pathan,2,0,"",""
ball,1,13.3,Sri Lanka,DPMD Jayawardene,KC Sangakkara,YK Pathan,0,0,bowled,DPMD Jayawardene
ball,1,13.4,Sri Lanka,CK Kapugedera,KC Sangakkara,YK Pathan,4,0,"",""
ball,1,13.5,Sri Lanka,CK Kapugedera,KC Sangakkara,YK Pathan,2,0,"",""
ball,1,13.6,Sri Lanka,CK Kapugedera,KC Sangakkara,YK Pathan,2,0,"",""
ball,1,14.1,Sri Lanka,KC Sangakkara,CK Kapugedera,RG Sharma,0,1,"",""
ball,1,14.2,Sri Lanka,CK Kapugedera,KC Sangakkara,RG Sharma,1,0,"",""
ball,1,14.3,Sri Lanka,KC Sangakkara,CK Kapugedera,RG Sharma,1,0,"",""
ball,1,14.4,Sri Lanka,CK Kapugedera,KC Sangakkara,RG Sharma,4,0,"",""
ball,1,14.5,Sri Lanka,CK Kapugedera,KC Sangakkara,RG Sharma,0,0,"",""
ball,1,14.6,Sri Lanka,CK Kapugedera,KC Sangakkara,RG Sharma,1,0,"",""
ball,1,15.1,Sri Lanka,CK Kapugedera,KC Sangakkara,PP Ojha,0,0,"",""
ball,1,15.2,Sri Lanka,CK Kapugedera,KC Sangakkara,PP Ojha,0,0,"",""
ball,1,15.3,Sri Lanka,CK Kapugedera,KC Sangakkara,PP Ojha,1,0,"",""
ball,1,15.4,Sri Lanka,KC Sangakkara,CK Kapugedera,PP Ojha,1,0,"",""
ball,1,15.5,Sri Lanka,CK Kapugedera,KC Sangakkara,PP Ojha,6,0,"",""
ball,1,15.6,Sri Lanka,CK Kapugedera,KC Sangakkara,PP Ojha,2,0,"",""
ball,1,16.1,Sri Lanka,KC Sangakkara,CK Kapugedera,I Sharma,0,0,"",""
ball,1,16.2,Sri Lanka,KC Sangakkara,CK Kapugedera,I Sharma,4,0,"",""
ball,1,16.3,Sri Lanka,KC Sangakkara,CK Kapugedera,I Sharma,4,0,"",""
ball,1,16.4,Sri Lanka,KC Sangakkara,CK Kapugedera,I Sharma,1,0,"",""
ball,1,16.5,Sri Lanka,CK Kapugedera,KC Sangakkara,I Sharma,4,0,"",""
ball,1,16.6,Sri Lanka,CK Kapugedera,KC Sangakkara,I Sharma,2,0,"",""
ball,1,17.1,Sri Lanka,KC Sangakkara,CK Kapugedera,AB Dinda,4,0,"",""
ball,1,17.2,Sri Lanka,KC Sangakkara,CK Kapugedera,AB Dinda,0,0,"",""
ball,1,17.3,Sri Lanka,KC Sangakkara,CK Kapugedera,AB Dinda,0,0,"",""
ball,1,17.4,Sri Lanka,KC Sangakkara,CK Kapugedera,AB Dinda,4,0,"",""
ball,1,17.5,Sri Lanka,KC Sangakkara,CK Kapugedera,AB Dinda,2,0,"",""
ball,1,17.6,Sri Lanka,KC Sangakkara,CK Kapugedera,AB Dinda,0,0,"",""
ball,1,18.1,Sri Lanka,CK Kapugedera,KC Sangakkara,A Nehra,4,0,"",""
ball,1,18.2,Sri Lanka,CK Kapugedera,KC Sangakkara,A Nehra,4,0,"",""
ball,1,18.3,Sri Lanka,CK Kapugedera,KC Sangakkara,A Nehra,4,0,"",""
ball,1,18.4,Sri Lanka,CK Kapugedera,KC Sangakkara,A Nehra,4,0,"",""
ball,1,18.5,Sri Lanka,CK Kapugedera,KC Sangakkara,A Nehra,2,0,"",""
ball,1,18.6,Sri Lanka,CK Kapugedera,KC Sangakkara,A Nehra,0,0,bowled,CK Kapugedera
ball,1,19.1,Sri Lanka,KC Sangakkara,AD Mathews,YK Pathan,4,0,"",""
ball,1,19.2,Sri Lanka,KC Sangakkara,AD Mathews,YK Pathan,1,0,"",""
ball,1,19.3,Sri Lanka,AD Mathews,KC Sangakkara,YK Pathan,2,0,"",""
ball,1,19.4,Sri Lanka,AD Mathews,KC Sangakkara,YK Pathan,6,0,"",""
ball,1,19.5,Sri Lanka,AD Mathews,KC Sangakkara,YK Pathan,6,0,"",""
ball,1,19.6,Sri Lanka,AD Mathews,KC Sangakkara,YK Pathan,1,0,run out,KC Sangakkara
ball,2,0.1,India,G Gambhir,V Sehwag,KMDN Kulasekara,1,0,"",""
ball,2,0.2,India,V Sehwag,G Gambhir,KMDN Kulasekara,4,0,"",""
ball,2,0.3,India,V Sehwag,G Gambhir,KMDN Kulasekara,0,0,"",""
ball,2,0.4,India,V Sehwag,G Gambhir,KMDN Kulasekara,0,0,"",""
ball,2,0.5,India,V Sehwag,G Gambhir,KMDN Kulasekara,2,0,"",""
ball,2,0.6,India,V Sehwag,G Gambhir,KMDN Kulasekara,1,0,"",""
ball,2,1.1,India,V Sehwag,G Gambhir,CRD Fernando,0,1,"",""
ball,2,1.2,India,V Sehwag,G Gambhir,CRD Fernando,2,0,"",""
ball,2,1.3,India,V Sehwag,G Gambhir,CRD Fernando,4,0,"",""
ball,2,1.4,India,V Sehwag,G Gambhir,CRD Fernando,0,0,"",""
ball,2,1.5,India,V Sehwag,G Gambhir,CRD Fernando,1,0,"",""
ball,2,1.6,India,G Gambhir,V Sehwag,CRD Fernando,0,0,"",""
ball,2,1.7,India,G Gambhir,V Sehwag,CRD Fernando,4,0,"",""
ball,2,2.1,India,V Sehwag,G Gambhir,KMDN Kulasekara,6,0,"",""
ball,2,2.2,India,V Sehwag,G Gambhir,KMDN Kulasekara,2,0,"",""
ball,2,2.3,India,V Sehwag,G Gambhir,KMDN Kulasekara,4,0,"",""
ball,2,2.4,India,V Sehwag,G Gambhir,KMDN Kulasekara,0,0,"",""
ball,2,2.5,India,V Sehwag,G Gambhir,KMDN Kulasekara,0,0,caught,V Sehwag
ball,2,2.6,India,MS Dhoni,G Gambhir,KMDN Kulasekara,0,0,"",""
ball,2,3.1,India,G Gambhir,MS Dhoni,CRD Fernando,0,0,"",""
ball,2,3.2,India,G Gambhir,MS Dhoni,CRD Fernando,2,0,"",""
ball,2,3.3,India,G Gambhir,MS Dhoni,CRD Fernando,4,0,"",""
ball,2,3.4,India,G Gambhir,MS Dhoni,CRD Fernando,1,0,"",""
ball,2,3.5,India,MS Dhoni,G Gambhir,CRD Fernando,1,0,"",""
ball,2,3.6,India,G Gambhir,MS Dhoni,CRD Fernando,2,0,"",""
ball,2,4.1,India,MS Dhoni,G Gambhir,KMDN Kulasekara,1,0,"",""
ball,2,4.2,India,G Gambhir,MS Dhoni,KMDN Kulasekara,4,0,"",""
ball,2,4.3,India,G Gambhir,MS Dhoni,KMDN Kulasekara,4,0,"",""
ball,2,4.4,India,G Gambhir,MS Dhoni,KMDN Kulasekara,4,0,"",""
ball,2,4.5,India,G Gambhir,MS Dhoni,KMDN Kulasekara,1,0,"",""
ball,2,4.6,India,MS Dhoni,G Gambhir,KMDN Kulasekara,2,0,"",""
ball,2,5.1,India,G Gambhir,MS Dhoni,SL Malinga,1,0,"",""
ball,2,5.2,India,MS Dhoni,G Gambhir,SL Malinga,1,0,"",""
ball,2,5.3,India,G Gambhir,MS Dhoni,SL Malinga,4,0,"",""
ball,2,5.4,India,G Gambhir,MS Dhoni,SL Malinga,4,0,"",""
ball,2,5.5,India,G Gambhir,MS Dhoni,SL Malinga,4,0,"",""
ball,2,5.6,India,G Gambhir,MS Dhoni,SL Malinga,0,1,"",""
ball,2,5.7,India,G Gambhir,MS Dhoni,SL Malinga,4,0,"",""
ball,2,6.1,India,MS Dhoni,G Gambhir,AD Mathews,1,0,"",""
ball,2,6.2,India,G Gambhir,MS Dhoni,AD Mathews,4,0,"",""
ball,2,6.3,India,G Gambhir,MS Dhoni,AD Mathews,2,0,"",""
ball,2,6.4,India,G Gambhir,MS Dhoni,AD Mathews,4,0,"",""
ball,2,6.5,India,G Gambhir,MS Dhoni,AD Mathews,0,0,"",""
ball,2,6.6,India,G Gambhir,MS Dhoni,AD Mathews,0,0,"",""
ball,2,7.1,India,MS Dhoni,G Gambhir,ST Jayasuriya,0,0,"",""
ball,2,7.2,India,MS Dhoni,G Gambhir,ST Jayasuriya,1,0,"",""
ball,2,7.3,India,G Gambhir,MS Dhoni,ST Jayasuriya,0,0,"",""
ball,2,7.4,India,G Gambhir,MS Dhoni,ST Jayasuriya,0,0,"",""
ball,2,7.5,India,G Gambhir,MS Dhoni,ST Jayasuriya,1,0,"",""
ball,2,7.6,India,MS Dhoni,G Gambhir,ST Jayasuriya,0,1,"",""
ball,2,8.1,India,MS Dhoni,G Gambhir,AD Mathews,0,1,"",""
ball,2,8.2,India,MS Dhoni,G Gambhir,AD Mathews,1,0,"",""
ball,2,8.3,India,G Gambhir,MS Dhoni,AD Mathews,0,0,bowled,G Gambhir
ball,2,8.4,India,Yuvraj Singh,MS Dhoni,AD Mathews,2,0,"",""
ball,2,8.5,India,Yuvraj Singh,MS Dhoni,AD Mathews,1,0,"",""
ball,2,8.6,India,MS Dhoni,Yuvraj Singh,AD Mathews,1,0,"",""
ball,2,8.7,India,Yuvraj Singh,MS Dhoni,AD Mathews,1,0,"",""
ball,2,9.1,India,Yuvraj Singh,MS Dhoni,ST Jayasuriya,1,0,"",""
ball,2,9.2,India,MS Dhoni,Yuvraj Singh,ST Jayasuriya,0,0,caught,MS Dhoni
ball,2,9.3,India,RG Sharma,Yuvraj Singh,ST Jayasuriya,0,0,"",""
ball,2,9.4,India,RG Sharma,Yuvraj Singh,ST Jayasuriya,0,1,"",""
ball,2,9.5,India,RG Sharma,Yuvraj Singh,ST Jayasuriya,1,0,"",""
ball,2,9.6,India,Yuvraj Singh,RG Sharma,ST Jayasuriya,0,0,"",""
ball,2,9.7,India,Yuvraj Singh,RG Sharma,ST Jayasuriya,0,0,"",""
ball,2,10.1,India,RG Sharma,Yuvraj Singh,AD Mathews,1,0,"",""
ball,2,10.2,India,Yuvraj Singh,RG Sharma,AD Mathews,1,0,"",""
ball,2,10.3,India,RG Sharma,Yuvraj Singh,AD Mathews,1,0,run out,RG Sharma
ball,2,10.4,India,SK Raina,Yuvraj Singh,AD Mathews,1,0,"",""
ball,2,10.5,India,Yuvraj Singh,SK Raina,AD Mathews,0,0,caught,Yuvraj Singh
ball,2,10.6,India,SK Raina,YK Pathan,AD Mathews,1,0,"",""
ball,2,11.1,India,SK Raina,YK Pathan,ST Jayasuriya,6,0,"",""
ball,2,11.2,India,SK Raina,YK Pathan,ST Jayasuriya,1,0,"",""
ball,2,11.3,India,YK Pathan,SK Raina,ST Jayasuriya,0,1,"",""
ball,2,11.4,India,SK Raina,YK Pathan,ST Jayasuriya,1,0,"",""
ball,2,11.5,India,YK Pathan,SK Raina,ST Jayasuriya,0,0,caught,YK Pathan
ball,2,11.6,India,SK Raina,AB Dinda,ST Jayasuriya,1,0,"",""
ball,2,12.1,India,SK Raina,AB Dinda,AD Mathews,1,0,"",""
ball,2,12.2,India,AB Dinda,SK Raina,AD Mathews,1,0,"",""
ball,2,12.3,India,SK Raina,AB Dinda,AD Mathews,2,0,"",""
ball,2,12.4,India,SK Raina,AB Dinda,AD Mathews,1,0,"",""
ball,2,12.5,India,AB Dinda,SK Raina,AD Mathews,1,0,"",""
ball,2,12.6,India,SK Raina,AB Dinda,AD Mathews,1,0,"",""
ball,2,13.1,India,SK Raina,AB Dinda,M Pushpakumara,1,0,"",""
ball,2,13.2,India,AB Dinda,SK Raina,M Pushpakumara,1,0,"",""
ball,2,13.3,India,SK Raina,AB Dinda,M Pushpakumara,4,0,"",""
ball,2,13.4,India,SK Raina,AB Dinda,M Pushpakumara,0,0,caught,SK Raina
ball,2,13.5,India,AB Dinda,A Nehra,M Pushpakumara,0,0,"",""
ball,2,13.6,India,AB Dinda,A Nehra,M Pushpakumara,0,0,"",""
ball,2,14.1,India,A Nehra,AB Dinda,ST Jayasuriya,0,0,"",""
ball,2,14.2,India,A Nehra,AB Dinda,ST Jayasuriya,1,0,"",""
ball,2,14.3,India,AB Dinda,A Nehra,ST Jayasuriya,1,0,"",""
ball,2,14.4,India,A Nehra,AB Dinda,ST Jayasuriya,1,0,"",""
ball,2,14.5,India,AB Dinda,A Nehra,ST Jayasuriya,2,0,"",""
ball,2,14.6,India,AB Dinda,A Nehra,ST Jayasuriya,0,0,"",""
ball,2,15.1,India,A Nehra,AB Dinda,M Pushpakumara,0,0,"",""
ball,2,15.2,India,A Nehra,AB Dinda,M Pushpakumara,1,0,"",""
ball,2,15.3,India,AB Dinda,A Nehra,M Pushpakumara,4,0,"",""
ball,2,15.4,India,AB Dinda,A Nehra,M Pushpakumara,1,0,"",""
ball,2,15.5,India,A Nehra,AB Dinda,M Pushpakumara,6,0,"",""
ball,2,15.6,India,A Nehra,AB Dinda,M Pushpakumara,6,0,"",""
ball,2,16.1,India,AB Dinda,A Nehra,SL Malinga,1,0,"",""
ball,2,16.2,India,A Nehra,AB Dinda,SL Malinga,0,1,"",""
ball,2,16.3,India,A Nehra,AB Dinda,SL Malinga,2,0,"",""
ball,2,16.4,India,A Nehra,AB Dinda,SL Malinga,0,0,"",""
ball,2,16.5,India,A Nehra,AB Dinda,SL Malinga,1,0,"",""
ball,2,16.6,India,AB Dinda,A Nehra,SL Malinga,1,0,"",""
ball,2,16.7,India,A Nehra,AB Dinda,SL Malinga,4,0,"",""
ball,2,17.1,India,AB Dinda,A Nehra,CRD Fernando,1,0,"",""
ball,2,17.2,India,A Nehra,AB Dinda,CRD Fernando,0,1,"",""
ball,2,17.3,India,AB Dinda,A Nehra,CRD Fernando,0,0,"",""
ball,2,17.4,India,AB Dinda,A Nehra,CRD Fernando,3,0,"",""
ball,2,17.5,India,A Nehra,AB Dinda,CRD Fernando,0,0,run out,A Nehra
ball,2,17.6,India,AB Dinda,PP Ojha,CRD Fernando,0,1,"",""
ball,2,18.1,India,AB Dinda,PP Ojha,M Pushpakumara,1,0,"",""
ball,2,18.2,India,PP Ojha,AB Dinda,M Pushpakumara,0,1,"",""
ball,2,18.3,India,AB Dinda,PP Ojha,M Pushpakumara,1,0,"",""
ball,2,18.4,India,PP Ojha,AB Dinda,M Pushpakumara,0,0,"",""
ball,2,18.5,India,PP Ojha,AB Dinda,M Pushpakumara,1,0,"",""
ball,2,18.6,India,AB Dinda,PP Ojha,M Pushpakumara,0,0,"",""
ball,2,19.1,India,PP Ojha,AB Dinda,TM Dilshan,1,0,"",""
ball,2,19.2,India,AB Dinda,PP Ojha,TM Dilshan,0,0,bowled,AB Dinda
ball,2,19.3,India,I Sharma,PP Ojha,TM Dilshan,4,0,"",""
ball,2,19.4,India,I Sharma,PP Ojha,TM Dilshan,1,0,"",""
ball,2,19.5,India,PP Ojha,I Sharma,TM Dilshan,2,0,"",""
ball,2,19.6,India,PP Ojha,I Sharma,TM Dilshan,6,0,"",""
