version,1
info,team,Ireland
info,team,Scotland
info,gender,male
info,season,2009/10
info,date,2010/02/11
info,competition,ICC World Twenty20 Qualifier
info,match_number,12
info,venue,Dubai International Cricket Stadium
info,city,
info,neutralvenue,true
info,toss_winner,Ireland
info,toss_decision,bat
info,player_of_match,DT Johnston
info,umpire,Aleem Dar
info,umpire,PK Baldwin
info,reserve_umpire,SR Modi
info,match_referee,DT Jukes
info,winner,Ireland
info,winner_runs,37
ball,1,0.1,Ireland,WTS Porterfield,NJ O'Brien,JD Nel,0,0,"",""
ball,1,0.2,Ireland,WTS Porterfield,NJ O'Brien,JD Nel,0,5,"",""
ball,1,0.3,Ireland,WTS Porterfield,NJ O'Brien,JD Nel,1,0,"",""
ball,1,0.4,Ireland,NJ O'Brien,WTS Porterfield,JD Nel,0,2,"",""
ball,1,0.5,Ireland,NJ O'Brien,WTS Porterfield,JD Nel,0,1,"",""
ball,1,0.6,Ireland,NJ O'Brien,WTS Porterfield,JD Nel,0,1,"",""
ball,1,0.7,Ireland,NJ O'Brien,WTS Porterfield,JD Nel,0,0,"",""
ball,1,0.8,Ireland,NJ O'Brien,WTS Porterfield,JD Nel,0,0,"",""
ball,1,0.9,Ireland,NJ O'Brien,WTS Porterfield,JD Nel,1,0,"",""
ball,1,1.1,Ireland,NJ O'Brien,WTS Porterfield,GD Drummond,4,0,"",""
ball,1,1.2,Ireland,NJ O'Brien,WTS Porterfield,GD Drummond,4,0,"",""
ball,1,1.3,Ireland,NJ O'Brien,WTS Porterfield,GD Drummond,1,0,"",""
ball,1,1.4,Ireland,WTS Porterfield,NJ O'Brien,GD Drummond,1,0,"",""
ball,1,1.5,Ireland,NJ O'Brien,WTS Porterfield,GD Drummond,1,0,"",""
ball,1,1.6,Ireland,WTS Porterfield,NJ O'Brien,GD Drummond,0,0,"",""
ball,1,2.1,Ireland,NJ O'Brien,WTS Porterfield,RD Berrington,0,0,"",""
ball,1,2.2,Ireland,NJ O'Brien,WTS Porterfield,RD Berrington,0,0,"",""
ball,1,2.3,Ireland,NJ O'Brien,WTS Porterfield,RD Berrington,1,0,"",""
ball,1,2.4,Ireland,WTS Porterfield,NJ O'Brien,RD Berrington,0,0,"",""
ball,1,2.5,Ireland,WTS Porterfield,NJ O'Brien,RD Berrington,2,0,"",""
ball,1,2.6,Ireland,WTS Porterfield,NJ O'Brien,RD Berrington,0,0,"",""
ball,1,3.1,Ireland,NJ O'Brien,WTS Porterfield,GD Drummond,1,0,"",""
ball,1,3.2,Ireland,WTS Porterfield,NJ O'Brien,GD Drummond,1,0,"",""
ball,1,3.3,Ireland,NJ O'Brien,WTS Porterfield,GD Drummond,4,0,"",""
ball,1,3.4,Ireland,NJ O'Brien,WTS Porterfield,GD Drummond,0,0,caught,NJ O'Brien
ball,1,3.5,Ireland,AC Botha,WTS Porterfield,GD Drummond,0,1,"",""
ball,1,3.6,Ireland,WTS Porterfield,AC Botha,GD Drummond,0,0,"",""
ball,1,4.1,Ireland,AC Botha,WTS Porterfield,RD Berrington,0,0,"",""
ball,1,4.2,Ireland,AC Botha,WTS Porterfield,RD Berrington,0,0,"",""
ball,1,4.3,Ireland,AC Botha,WTS Porterfield,RD Berrington,1,0,"",""
ball,1,4.4,Ireland,WTS Porterfield,AC Botha,RD Berrington,4,0,"",""
ball,1,4.5,Ireland,WTS Porterfield,AC Botha,RD Berrington,0,0,"",""
ball,1,4.6,Ireland,WTS Porterfield,AC Botha,RD Berrington,1,0,"",""
ball,1,5.1,Ireland,WTS Porterfield,AC Botha,RT Lyons,0,1,"",""
ball,1,5.2,Ireland,AC Botha,WTS Porterfield,RT Lyons,4,0,"",""
ball,1,5.3,Ireland,AC Botha,WTS Porterfield,RT Lyons,0,1,"",""
ball,1,5.4,Ireland,WTS Porterfield,AC Botha,RT Lyons,2,0,"",""
ball,1,5.5,Ireland,WTS Porterfield,AC Botha,RT Lyons,4,0,"",""
ball,1,5.6,Ireland,WTS Porterfield,AC Botha,RT Lyons,1,0,"",""
ball,1,6.1,Ireland,WTS Porterfield,AC Botha,RM Haq,1,0,"",""
ball,1,6.2,Ireland,AC Botha,WTS Porterfield,RM Haq,0,0,"",""
ball,1,6.3,Ireland,AC Botha,WTS Porterfield,RM Haq,1,0,"",""
ball,1,6.4,Ireland,WTS Porterfield,AC Botha,RM Haq,0,0,"",""
ball,1,6.5,Ireland,WTS Porterfield,AC Botha,RM Haq,0,1,"",""
ball,1,6.6,Ireland,AC Botha,WTS Porterfield,RM Haq,1,0,"",""
ball,1,7.1,Ireland,AC Botha,WTS Porterfield,RT Lyons,4,0,"",""
ball,1,7.2,Ireland,AC Botha,WTS Porterfield,RT Lyons,1,0,"",""
ball,1,7.3,Ireland,WTS Porterfield,AC Botha,RT Lyons,0,0,run out,WTS Porterfield
ball,1,7.4,Ireland,AC Botha,AR Cusack,RT Lyons,1,0,"",""
ball,1,7.5,Ireland,AR Cusack,AC Botha,RT Lyons,1,0,"",""
ball,1,7.6,Ireland,AC Botha,AR Cusack,RT Lyons,0,0,stumped,AC Botha
ball,1,8.1,Ireland,AR Cusack,GC Wilson,RM Haq,1,0,"",""
ball,1,8.2,Ireland,GC Wilson,AR Cusack,RM Haq,0,0,"",""
ball,1,8.3,Ireland,GC Wilson,AR Cusack,RM Haq,1,0,"",""
ball,1,8.4,Ireland,AR Cusack,GC Wilson,RM Haq,0,0,"",""
ball,1,8.5,Ireland,AR Cusack,GC Wilson,RM Haq,0,0,lbw,AR Cusack
ball,1,8.6,Ireland,AR White,GC Wilson,RM Haq,1,0,"",""
ball,1,9.1,Ireland,AR White,GC Wilson,RT Lyons,0,0,"",""
ball,1,9.2,Ireland,AR White,GC Wilson,RT Lyons,1,0,"",""
ball,1,9.3,Ireland,GC Wilson,AR White,RT Lyons,0,0,"",""
ball,1,9.4,Ireland,GC Wilson,AR White,RT Lyons,1,0,"",""
ball,1,9.5,Ireland,AR White,GC Wilson,RT Lyons,1,0,"",""
ball,1,9.6,Ireland,GC Wilson,AR White,RT Lyons,0,0,"",""
ball,1,10.1,Ireland,AR White,GC Wilson,RM Haq,1,0,"",""
ball,1,10.2,Ireland,GC Wilson,AR White,RM Haq,1,0,"",""
ball,1,10.3,Ireland,AR White,GC Wilson,RM Haq,0,0,"",""
ball,1,10.4,Ireland,AR White,GC Wilson,RM Haq,1,0,"",""
ball,1,10.5,Ireland,GC Wilson,AR White,RM Haq,0,0,"",""
ball,1,10.6,Ireland,GC Wilson,AR White,RM Haq,4,0,"",""
ball,1,11.1,Ireland,AR White,GC Wilson,RT Lyons,1,0,"",""
ball,1,11.2,Ireland,GC Wilson,AR White,RT Lyons,1,0,"",""
ball,1,11.3,Ireland,AR White,GC Wilson,RT Lyons,1,0,"",""
ball,1,11.4,Ireland,GC Wilson,AR White,RT Lyons,0,0,"",""
ball,1,11.5,Ireland,GC Wilson,AR White,RT Lyons,1,0,"",""
ball,1,11.6,Ireland,AR White,GC Wilson,RT Lyons,1,0,"",""
ball,1,12.1,Ireland,AR White,GC Wilson,KJ Coetzer,1,0,"",""
ball,1,12.2,Ireland,GC Wilson,AR White,KJ Coetzer,0,0,"",""
ball,1,12.3,Ireland,GC Wilson,AR White,KJ Coetzer,1,0,"",""
ball,1,12.4,Ireland,AR White,GC Wilson,KJ Coetzer,1,0,"",""
ball,1,12.5,Ireland,GC Wilson,AR White,KJ Coetzer,0,2,"",""
ball,1,12.6,Ireland,GC Wilson,AR White,KJ Coetzer,0,0,"",""
ball,1,13.1,Ireland,AR White,GC Wilson,GD Drummond,0,2,"",""
ball,1,13.2,Ireland,GC Wilson,AR White,GD Drummond,0,0,"",""
ball,1,13.3,Ireland,GC Wilson,AR White,GD Drummond,2,0,"",""
ball,1,13.4,Ireland,GC Wilson,AR White,GD Drummond,0,0,"",""
ball,1,13.5,Ireland,GC Wilson,AR White,GD Drummond,4,0,"",""
ball,1,13.6,Ireland,GC Wilson,AR White,GD Drummond,2,0,"",""
ball,1,13.7,Ireland,GC Wilson,AR White,GD Drummond,1,0,"",""
ball,1,14.1,Ireland,GC Wilson,AR White,RM Haq,0,0,lbw,GC Wilson
ball,1,14.2,Ireland,JF Mooney,AR White,RM Haq,0,0,"",""
ball,1,14.3,Ireland,JF Mooney,AR White,RM Haq,0,0,"",""
ball,1,14.4,Ireland,JF Mooney,AR White,RM Haq,1,0,"",""
ball,1,14.5,Ireland,AR White,JF Mooney,RM Haq,1,0,"",""
ball,1,14.6,Ireland,JF Mooney,AR White,RM Haq,1,0,"",""
ball,1,15.1,Ireland,JF Mooney,AR White,RD Berrington,1,0,"",""
ball,1,15.2,Ireland,AR White,JF Mooney,RD Berrington,1,0,"",""
ball,1,15.3,Ireland,JF Mooney,AR White,RD Berrington,2,0,"",""
ball,1,15.4,Ireland,JF Mooney,AR White,RD Berrington,1,0,"",""
ball,1,15.5,Ireland,AR White,JF Mooney,RD Berrington,4,0,"",""
ball,1,15.6,Ireland,AR White,JF Mooney,RD Berrington,1,0,"",""
ball,1,16.1,Ireland,AR White,JF Mooney,JD Nel,0,1,"",""
ball,1,16.2,Ireland,JF Mooney,AR White,JD Nel,0,0,"",""
ball,1,16.3,Ireland,JF Mooney,AR White,JD Nel,2,0,"",""
ball,1,16.4,Ireland,JF Mooney,AR White,JD Nel,1,0,"",""
ball,1,16.5,Ireland,AR White,JF Mooney,JD Nel,0,0,"",""
ball,1,16.6,Ireland,AR White,JF Mooney,JD Nel,1,0,"",""
ball,1,17.1,Ireland,AR White,JF Mooney,KJ Coetzer,0,0,"",""
ball,1,17.2,Ireland,AR White,JF Mooney,KJ Coetzer,1,0,"",""
ball,1,17.3,Ireland,JF Mooney,AR White,KJ Coetzer,1,0,"",""
ball,1,17.4,Ireland,AR White,JF Mooney,KJ Coetzer,0,0,caught,AR White
ball,1,17.5,Ireland,JF Mooney,KJ O'Brien,KJ Coetzer,0,0,"",""
ball,1,17.6,Ireland,JF Mooney,KJ O'Brien,KJ Coetzer,0,0,caught,JF Mooney
ball,1,18.1,Ireland,DT Johnston,KJ O'Brien,JD Nel,0,0,"",""
ball,1,18.2,Ireland,DT Johnston,KJ O'Brien,JD Nel,2,0,"",""
ball,1,18.3,Ireland,DT Johnston,KJ O'Brien,JD Nel,1,0,"",""
ball,1,18.4,Ireland,KJ O'Brien,DT Johnston,JD Nel,6,0,"",""
ball,1,18.5,Ireland,KJ O'Brien,DT Johnston,JD Nel,0,0,"",""
ball,1,18.6,Ireland,KJ O'Brien,DT Johnston,JD Nel,2,0,"",""
ball,1,19.1,Ireland,DT Johnston,KJ O'Brien,KJ Coetzer,2,0,"",""
ball,1,19.2,Ireland,DT Johnston,KJ O'Brien,KJ Coetzer,2,0,"",""
ball,1,19.3,Ireland,DT Johnston,KJ O'Brien,KJ Coetzer,0,0,"",""
ball,1,19.4,Ireland,DT Johnston,KJ O'Brien,KJ Coetzer,2,0,"",""
ball,1,19.5,Ireland,DT Johnston,KJ O'Brien,KJ Coetzer,1,0,"",""
ball,1,19.6,Ireland,KJ O'Brien,DT Johnston,KJ Coetzer,2,0,"",""
ball,2,0.1,Scotland,DF Watts,GM Hamilton,PC Connell,0,1,"",""
ball,2,0.2,Scotland,GM Hamilton,DF Watts,PC Connell,4,0,"",""
ball,2,0.3,Scotland,GM Hamilton,DF Watts,PC Connell,1,0,"",""
ball,2,0.4,Scotland,DF Watts,GM Hamilton,PC Connell,0,0,caught,DF Watts
ball,2,0.5,Scotland,GM Hamilton,RD Berrington,PC Connell,0,0,lbw,GM Hamilton
ball,2,0.6,Scotland,KJ Coetzer,RD Berrington,PC Connell,0,0,"",""
ball,2,1.1,Scotland,RD Berrington,KJ Coetzer,DT Johnston,0,0,"",""
ball,2,1.2,Scotland,RD Berrington,KJ Coetzer,DT Johnston,0,0,"",""
ball,2,1.3,Scotland,RD Berrington,KJ Coetzer,DT Johnston,0,0,caught,RD Berrington
ball,2,1.4,Scotland,NFI McCallum,KJ Coetzer,DT Johnston,0,0,"",""
ball,2,1.5,Scotland,NFI McCallum,KJ Coetzer,DT Johnston,0,0,caught,NFI McCallum
ball,2,1.6,Scotland,JH Stander,KJ Coetzer,DT Johnston,0,0,"",""
ball,2,2.1,Scotland,KJ Coetzer,JH Stander,PC Connell,0,0,"",""
ball,2,2.2,Scotland,KJ Coetzer,JH Stander,PC Connell,0,0,"",""
ball,2,2.3,Scotland,KJ Coetzer,JH Stander,PC Connell,0,0,"",""
ball,2,2.4,Scotland,KJ Coetzer,JH Stander,PC Connell,0,0,"",""
ball,2,2.5,Scotland,KJ Coetzer,JH Stander,PC Connell,4,0,"",""
ball,2,2.6,Scotland,KJ Coetzer,JH Stander,PC Connell,0,0,"",""
ball,2,3.1,Scotland,JH Stander,KJ Coetzer,DT Johnston,2,0,"",""
ball,2,3.2,Scotland,JH Stander,KJ Coetzer,DT Johnston,0,0,caught,JH Stander
ball,2,3.3,Scotland,KJ Coetzer,GD Drummond,DT Johnston,0,0,"",""
ball,2,3.4,Scotland,KJ Coetzer,GD Drummond,DT Johnston,1,0,"",""
ball,2,3.5,Scotland,GD Drummond,KJ Coetzer,DT Johnston,0,0,"",""
ball,2,3.6,Scotland,GD Drummond,KJ Coetzer,DT Johnston,2,0,"",""
ball,2,4.1,Scotland,KJ Coetzer,GD Drummond,PC Connell,0,0,"",""
ball,2,4.2,Scotland,KJ Coetzer,GD Drummond,PC Connell,0,0,"",""
ball,2,4.3,Scotland,KJ Coetzer,GD Drummond,PC Connell,0,0,"",""
ball,2,4.4,Scotland,KJ Coetzer,GD Drummond,PC Connell,1,0,"",""
ball,2,4.5,Scotland,GD Drummond,KJ Coetzer,PC Connell,0,0,"",""
ball,2,4.6,Scotland,GD Drummond,KJ Coetzer,PC Connell,4,0,"",""
ball,2,5.1,Scotland,KJ Coetzer,GD Drummond,DT Johnston,4,0,"",""
ball,2,5.2,Scotland,KJ Coetzer,GD Drummond,DT Johnston,4,0,"",""
ball,2,5.3,Scotland,KJ Coetzer,GD Drummond,DT Johnston,1,0,"",""
ball,2,5.4,Scotland,GD Drummond,KJ Coetzer,DT Johnston,0,0,"",""
ball,2,5.5,Scotland,GD Drummond,KJ Coetzer,DT Johnston,0,0,"",""
ball,2,5.6,Scotland,GD Drummond,KJ Coetzer,DT Johnston,0,0,"",""
ball,2,6.1,Scotland,KJ Coetzer,GD Drummond,PC Connell,1,0,"",""
ball,2,6.2,Scotland,GD Drummond,KJ Coetzer,PC Connell,0,1,"",""
ball,2,6.3,Scotland,KJ Coetzer,GD Drummond,PC Connell,0,1,"",""
ball,2,6.4,Scotland,GD Drummond,KJ Coetzer,PC Connell,0,0,"",""
ball,2,6.5,Scotland,GD Drummond,KJ Coetzer,PC Connell,1,0,"",""
ball,2,6.6,Scotland,KJ Coetzer,GD Drummond,PC Connell,1,0,"",""
ball,2,7.1,Scotland,KJ Coetzer,GD Drummond,DT Johnston,1,0,"",""
ball,2,7.2,Scotland,GD Drummond,KJ Coetzer,DT Johnston,1,0,"",""
ball,2,7.3,Scotland,KJ Coetzer,GD Drummond,DT Johnston,2,0,"",""
ball,2,7.4,Scotland,KJ Coetzer,GD Drummond,DT Johnston,2,0,"",""
ball,2,7.5,Scotland,KJ Coetzer,GD Drummond,DT Johnston,0,0,"",""
ball,2,7.6,Scotland,KJ Coetzer,GD Drummond,DT Johnston,0,0,"",""
ball,2,8.1,Scotland,GD Drummond,KJ Coetzer,AR Cusack,1,0,"",""
ball,2,8.2,Scotland,KJ Coetzer,GD Drummond,AR Cusack,1,0,"",""
ball,2,8.3,Scotland,GD Drummond,KJ Coetzer,AR Cusack,1,0,"",""
ball,2,8.4,Scotland,KJ Coetzer,GD Drummond,AR Cusack,2,0,"",""
ball,2,8.5,Scotland,KJ Coetzer,GD Drummond,AR Cusack,6,0,"",""
ball,2,8.6,Scotland,KJ Coetzer,GD Drummond,AR Cusack,1,0,"",""
ball,2,9.1,Scotland,KJ Coetzer,GD Drummond,AC Botha,1,0,"",""
ball,2,9.2,Scotland,GD Drummond,KJ Coetzer,AC Botha,0,0,"",""
ball,2,9.3,Scotland,GD Drummond,KJ Coetzer,AC Botha,0,1,"",""
ball,2,9.4,Scotland,GD Drummond,KJ Coetzer,AC Botha,1,0,"",""
ball,2,9.5,Scotland,KJ Coetzer,GD Drummond,AC Botha,1,0,"",""
ball,2,9.6,Scotland,GD Drummond,KJ Coetzer,AC Botha,0,0,"",""
ball,2,9.7,Scotland,GD Drummond,KJ Coetzer,AC Botha,1,0,"",""
ball,2,10.1,Scotland,GD Drummond,KJ Coetzer,AR Cusack,0,0,"",""
ball,2,10.2,Scotland,GD Drummond,KJ Coetzer,AR Cusack,1,0,"",""
ball,2,10.3,Scotland,KJ Coetzer,GD Drummond,AR Cusack,1,0,"",""
ball,2,10.4,Scotland,GD Drummond,KJ Coetzer,AR Cusack,1,0,"",""
ball,2,10.5,Scotland,KJ Coetzer,GD Drummond,AR Cusack,2,0,"",""
ball,2,10.6,Scotland,KJ Coetzer,GD Drummond,AR Cusack,1,0,"",""
ball,2,11.1,Scotland,KJ Coetzer,GD Drummond,AC Botha,2,0,"",""
ball,2,11.2,Scotland,KJ Coetzer,GD Drummond,AC Botha,1,0,"",""
ball,2,11.3,Scotland,GD Drummond,KJ Coetzer,AC Botha,4,0,"",""
ball,2,11.4,Scotland,GD Drummond,KJ Coetzer,AC Botha,1,0,"",""
ball,2,11.5,Scotland,KJ Coetzer,GD Drummond,AC Botha,1,0,"",""
ball,2,11.6,Scotland,GD Drummond,KJ Coetzer,AC Botha,0,0,"",""
ball,2,12.1,Scotland,KJ Coetzer,GD Drummond,AR Cusack,0,0,"",""
ball,2,12.2,Scotland,KJ Coetzer,GD Drummond,AR Cusack,1,0,"",""
ball,2,12.3,Scotland,GD Drummond,KJ Coetzer,AR Cusack,1,0,"",""
ball,2,12.4,Scotland,KJ Coetzer,GD Drummond,AR Cusack,0,0,caught,KJ Coetzer
ball,2,12.5,Scotland,GD Drummond,SJS Smith,AR Cusack,1,0,"",""
ball,2,12.6,Scotland,SJS Smith,GD Drummond,AR Cusack,0,0,"",""
ball,2,13.1,Scotland,GD Drummond,SJS Smith,AC Botha,0,0,"",""
ball,2,13.2,Scotland,GD Drummond,SJS Smith,AC Botha,1,0,"",""
ball,2,13.3,Scotland,SJS Smith,GD Drummond,AC Botha,0,0,"",""
ball,2,13.4,Scotland,SJS Smith,GD Drummond,AC Botha,1,0,"",""
ball,2,13.5,Scotland,GD Drummond,SJS Smith,AC Botha,1,0,"",""
ball,2,13.6,Scotland,SJS Smith,GD Drummond,AC Botha,0,0,"",""
ball,2,14.1,Scotland,GD Drummond,SJS Smith,KJ O'Brien,4,0,"",""
ball,2,14.2,Scotland,GD Drummond,SJS Smith,KJ O'Brien,1,0,"",""
ball,2,14.3,Scotland,SJS Smith,GD Drummond,KJ O'Brien,0,1,"",""
ball,2,14.4,Scotland,GD Drummond,SJS Smith,KJ O'Brien,1,0,"",""
ball,2,14.5,Scotland,SJS Smith,GD Drummond,KJ O'Brien,1,0,"",""
ball,2,14.6,Scotland,GD Drummond,SJS Smith,KJ O'Brien,1,0,"",""
ball,2,15.1,Scotland,GD Drummond,SJS Smith,GH Dockrell,1,0,"",""
ball,2,15.2,Scotland,SJS Smith,GD Drummond,GH Dockrell,4,0,"",""
ball,2,15.3,Scotland,SJS Smith,GD Drummond,GH Dockrell,0,0,"",""
ball,2,15.4,Scotland,SJS Smith,GD Drummond,GH Dockrell,1,0,"",""
ball,2,15.5,Scotland,GD Drummond,SJS Smith,GH Dockrell,0,0,"",""
ball,2,15.6,Scotland,GD Drummond,SJS Smith,GH Dockrell,1,0,"",""
ball,2,16.1,Scotland,GD Drummond,SJS Smith,KJ O'Brien,1,0,"",""
ball,2,16.2,Scotland,SJS Smith,GD Drummond,KJ O'Brien,0,0,"",""
ball,2,16.3,Scotland,SJS Smith,GD Drummond,KJ O'Brien,1,0,"",""
ball,2,16.4,Scotland,GD Drummond,SJS Smith,KJ O'Brien,0,0,"",""
ball,2,16.5,Scotland,GD Drummond,SJS Smith,KJ O'Brien,1,0,run out,SJS Smith
ball,2,16.6,Scotland,GD Drummond,RT Lyons,KJ O'Brien,0,0,"",""
ball,2,17.1,Scotland,RT Lyons,GD Drummond,GH Dockrell,0,0,"",""
ball,2,17.2,Scotland,RT Lyons,GD Drummond,GH Dockrell,0,0,caught,RT Lyons
ball,2,17.3,Scotland,GD Drummond,RM Haq,GH Dockrell,1,0,"",""
ball,2,17.4,Scotland,RM Haq,GD Drummond,GH Dockrell,0,0,"",""
ball,2,17.5,Scotland,RM Haq,GD Drummond,GH Dockrell,1,0,"",""
ball,2,17.6,Scotland,GD Drummond,RM Haq,GH Dockrell,0,0,caught,GD Drummond
ball,2,18.1,Scotland,JD Nel,RM Haq,KJ O'Brien,0,0,"",""
ball,2,18.2,Scotland,JD Nel,RM Haq,KJ O'Brien,0,0,"",""
ball,2,18.3,Scotland,JD Nel,RM Haq,KJ O'Brien,0,0,bowled,JD Nel
