version,1
info,team,Australia
info,team,India
info,gender,male
info,season,2011/12
info,date,2012/02/03
info,series,India in Australia T20I Series
info,match_number,2
info,venue,Melbourne Cricket Ground
info,city,
info,toss_winner,Australia
info,toss_decision,bat
info,player_of_match,RA Jadeja
info,umpire,SD Fry
info,umpire,BNJ Oxenford
info,reserve_umpire,GC Joshua
info,tv_umpire,PR Reiffel
info,match_referee,AJ Pycroft
info,winner,India
info,winner_wickets,8
ball,1,0.1,Australia,DA Warner,AJ Finch,P Kumar,0,0,"",""
ball,1,0.2,Australia,DA Warner,AJ Finch,P Kumar,0,0,"",""
ball,1,0.3,Australia,DA Warner,AJ Finch,P Kumar,2,0,"",""
ball,1,0.4,Australia,DA Warner,AJ Finch,P Kumar,1,0,"",""
ball,1,0.5,Australia,AJ Finch,DA Warner,P Kumar,0,0,"",""
ball,1,0.6,Australia,AJ Finch,DA Warner,P Kumar,4,0,"",""
ball,1,1.1,Australia,DA Warner,AJ Finch,R Vinay Kumar,1,0,"",""
ball,1,1.2,Australia,AJ Finch,DA Warner,R Vinay Kumar,4,0,"",""
ball,1,1.3,Australia,AJ Finch,DA Warner,R Vinay Kumar,0,0,"",""
ball,1,1.4,Australia,AJ Finch,DA Warner,R Vinay Kumar,1,0,"",""
ball,1,1.5,Australia,DA Warner,AJ Finch,R Vinay Kumar,0,1,"",""
ball,1,1.6,Australia,DA Warner,AJ Finch,R Vinay Kumar,0,0,"",""
ball,1,1.7,Australia,DA Warner,AJ Finch,R Vinay Kumar,4,0,"",""
ball,1,2.1,Australia,AJ Finch,DA Warner,P Kumar,1,0,"",""
ball,1,2.2,Australia,DA Warner,AJ Finch,P Kumar,0,0,caught,DA Warner
ball,1,2.3,Australia,AJ Finch,SE Marsh,P Kumar,1,0,"",""
ball,1,2.4,Australia,SE Marsh,AJ Finch,P Kumar,0,0,"",""
ball,1,2.5,Australia,SE Marsh,AJ Finch,P Kumar,0,0,caught,SE Marsh
ball,1,2.6,Australia,DJ Hussey,AJ Finch,P Kumar,0,0,"",""
ball,1,3.1,Australia,AJ Finch,DJ Hussey,R Vinay Kumar,0,0,"",""
ball,1,3.2,Australia,AJ Finch,DJ Hussey,R Vinay Kumar,0,0,"",""
ball,1,3.3,Australia,AJ Finch,DJ Hussey,R Vinay Kumar,4,0,"",""
ball,1,3.4,Australia,AJ Finch,DJ Hussey,R Vinay Kumar,2,0,"",""
ball,1,3.5,Australia,AJ Finch,DJ Hussey,R Vinay Kumar,1,0,"",""
ball,1,3.6,Australia,DJ Hussey,AJ Finch,R Vinay Kumar,0,0,"",""
ball,1,4.1,Australia,AJ Finch,DJ Hussey,P Kumar,0,1,"",""
ball,1,4.2,Australia,AJ Finch,DJ Hussey,P Kumar,0,0,"",""
ball,1,4.3,Australia,AJ Finch,DJ Hussey,P Kumar,2,0,"",""
ball,1,4.4,Australia,AJ Finch,DJ Hussey,P Kumar,0,0,"",""
ball,1,4.5,Australia,AJ Finch,DJ Hussey,P Kumar,4,0,"",""
ball,1,4.6,Australia,AJ Finch,DJ Hussey,P Kumar,4,0,"",""
ball,1,4.7,Australia,AJ Finch,DJ Hussey,P Kumar,1,0,"",""
ball,1,5.1,Australia,AJ Finch,DJ Hussey,R Vinay Kumar,0,0,"",""
ball,1,5.2,Australia,AJ Finch,DJ Hussey,R Vinay Kumar,1,0,"",""
ball,1,5.3,Australia,DJ Hussey,AJ Finch,R Vinay Kumar,0,0,"",""
ball,1,5.4,Australia,DJ Hussey,AJ Finch,R Vinay Kumar,0,0,"",""
ball,1,5.5,Australia,DJ Hussey,AJ Finch,R Vinay Kumar,0,0,"",""
ball,1,5.6,Australia,DJ Hussey,AJ Finch,R Vinay Kumar,2,0,"",""
ball,1,6.1,Australia,AJ Finch,DJ Hussey,V Kohli,1,0,"",""
ball,1,6.2,Australia,DJ Hussey,AJ Finch,V Kohli,0,0,"",""
ball,1,6.3,Australia,DJ Hussey,AJ Finch,V Kohli,1,0,"",""
ball,1,6.4,Australia,AJ Finch,DJ Hussey,V Kohli,4,0,"",""
ball,1,6.5,Australia,AJ Finch,DJ Hussey,V Kohli,1,0,"",""
ball,1,6.6,Australia,DJ Hussey,AJ Finch,V Kohli,0,0,run out,AJ Finch
ball,1,7.1,Australia,DJ Hussey,GJ Bailey,RA Jadeja,1,0,"",""
ball,1,7.2,Australia,GJ Bailey,DJ Hussey,RA Jadeja,2,0,"",""
ball,1,7.3,Australia,GJ Bailey,DJ Hussey,RA Jadeja,0,0,"",""
ball,1,7.4,Australia,GJ Bailey,DJ Hussey,RA Jadeja,0,0,"",""
ball,1,7.5,Australia,GJ Bailey,DJ Hussey,RA Jadeja,1,0,"",""
ball,1,7.6,Australia,DJ Hussey,GJ Bailey,RA Jadeja,1,0,"",""
ball,1,8.1,Australia,DJ Hussey,GJ Bailey,R Sharma,0,0,"",""
ball,1,8.2,Australia,DJ Hussey,GJ Bailey,R Sharma,0,0,"",""
ball,1,8.3,Australia,DJ Hussey,GJ Bailey,R Sharma,0,0,run out,GJ Bailey
ball,1,8.4,Australia,DJ Hussey,MS Wade,R Sharma,4,0,"",""
ball,1,8.5,Australia,DJ Hussey,MS Wade,R Sharma,0,0,"",""
ball,1,8.6,Australia,DJ Hussey,MS Wade,R Sharma,1,0,"",""
ball,1,9.1,Australia,DJ Hussey,MS Wade,SK Raina,1,0,"",""
ball,1,9.2,Australia,MS Wade,DJ Hussey,SK Raina,0,0,"",""
ball,1,9.3,Australia,MS Wade,DJ Hussey,SK Raina,1,0,"",""
ball,1,9.4,Australia,DJ Hussey,MS Wade,SK Raina,1,0,"",""
ball,1,9.5,Australia,MS Wade,DJ Hussey,SK Raina,1,0,"",""
ball,1,9.6,Australia,DJ Hussey,MS Wade,SK Raina,6,0,"",""
ball,1,10.1,Australia,MS Wade,DJ Hussey,R Ashwin,1,0,"",""
ball,1,10.2,Australia,DJ Hussey,MS Wade,R Ashwin,1,0,"",""
ball,1,10.3,Australia,MS Wade,DJ Hussey,R Ashwin,0,0,"",""
ball,1,10.4,Australia,MS Wade,DJ Hussey,R Ashwin,0,1,"",""
ball,1,10.5,Australia,MS Wade,DJ Hussey,R Ashwin,1,0,"",""
ball,1,10.6,Australia,DJ Hussey,MS Wade,R Ashwin,1,0,"",""
ball,1,10.7,Australia,MS Wade,DJ Hussey,R Ashwin,2,0,"",""
ball,1,11.1,Australia,DJ Hussey,MS Wade,R Sharma,1,0,"",""
ball,1,11.2,Australia,MS Wade,DJ Hussey,R Sharma,0,0,"",""
ball,1,11.3,Australia,MS Wade,DJ Hussey,R Sharma,6,0,"",""
ball,1,11.4,Australia,MS Wade,DJ Hussey,R Sharma,1,0,"",""
ball,1,11.5,Australia,DJ Hussey,MS Wade,R Sharma,1,0,"",""
ball,1,11.6,Australia,MS Wade,DJ Hussey,R Sharma,2,0,"",""
ball,1,12.1,Australia,DJ Hussey,MS Wade,R Ashwin,0,0,"",""
ball,1,12.2,Australia,DJ Hussey,MS Wade,R Ashwin,1,0,"",""
ball,1,12.3,Australia,MS Wade,DJ Hussey,R Ashwin,0,0,"",""
ball,1,12.4,Australia,MS Wade,DJ Hussey,R Ashwin,1,0,"",""
ball,1,12.5,Australia,DJ Hussey,MS Wade,R Ashwin,1,0,"",""
ball,1,12.6,Australia,MS Wade,DJ Hussey,R Ashwin,1,0,"",""
ball,1,13.1,Australia,MS Wade,DJ Hussey,RA Jadeja,1,0,"",""
ball,1,13.2,Australia,DJ Hussey,MS Wade,RA Jadeja,0,1,"",""
ball,1,13.3,Australia,DJ Hussey,MS Wade,RA Jadeja,0,0,"",""
ball,1,13.4,Australia,DJ Hussey,MS Wade,RA Jadeja,0,0,caught and bowled,DJ Hussey
ball,1,13.5,Australia,MR Marsh,MS Wade,RA Jadeja,1,0,"",""
ball,1,13.6,Australia,MS Wade,MR Marsh,RA Jadeja,1,0,"",""
ball,1,13.7,Australia,MR Marsh,MS Wade,RA Jadeja,1,0,"",""
ball,1,14.1,Australia,MR Marsh,MS Wade,R Ashwin,0,0,"",""
ball,1,14.2,Australia,MR Marsh,MS Wade,R Ashwin,1,0,"",""
ball,1,14.3,Australia,MS Wade,MR Marsh,R Ashwin,2,0,"",""
ball,1,14.4,Australia,MS Wade,MR Marsh,R Ashwin,0,0,"",""
ball,1,14.5,Australia,MS Wade,MR Marsh,R Ashwin,0,0,"",""
ball,1,14.6,Australia,MS Wade,MR Marsh,R Ashwin,1,0,"",""
ball,1,15.1,Australia,MS Wade,MR Marsh,RA Jadeja,4,0,"",""
ball,1,15.2,Australia,MS Wade,MR Marsh,RA Jadeja,0,0,"",""
ball,1,15.3,Australia,MS Wade,MR Marsh,RA Jadeja,1,0,"",""
ball,1,15.4,Australia,MR Marsh,MS Wade,RA Jadeja,0,0,"",""
ball,1,15.5,Australia,MR Marsh,MS Wade,RA Jadeja,0,0,"",""
ball,1,15.6,Australia,MR Marsh,MS Wade,RA Jadeja,1,0,"",""
ball,1,16.1,Australia,MR Marsh,MS Wade,R Ashwin,4,0,"",""
ball,1,16.2,Australia,MR Marsh,MS Wade,R Ashwin,0,0,"",""
ball,1,16.3,Australia,MR Marsh,MS Wade,R Ashwin,1,0,"",""
ball,1,16.4,Australia,MS Wade,MR Marsh,R Ashwin,2,0,"",""
ball,1,16.5,Australia,MS Wade,MR Marsh,R Ashwin,1,0,"",""
ball,1,16.6,Australia,MR Marsh,MS Wade,R Ashwin,0,0,"",""
ball,1,17.1,Australia,MS Wade,MR Marsh,R Sharma,1,0,"",""
ball,1,17.2,Australia,MR Marsh,MS Wade,R Sharma,4,0,"",""
ball,1,17.3,Australia,MR Marsh,MS Wade,R Sharma,0,0,stumped,MR Marsh
ball,1,17.4,Australia,B Lee,MS Wade,R Sharma,1,0,"",""
ball,1,17.5,Australia,MS Wade,B Lee,R Sharma,1,0,"",""
ball,1,17.6,Australia,B Lee,MS Wade,R Sharma,0,0,"",""
ball,1,18.1,Australia,MS Wade,B Lee,R Vinay Kumar,0,0,"",""
ball,1,18.2,Australia,MS Wade,B Lee,R Vinay Kumar,0,0,run out,MS Wade
ball,1,18.3,Australia,CJ McKay,B Lee,R Vinay Kumar,0,0,caught,CJ McKay
ball,1,18.4,Australia,GB Hogg,B Lee,R Vinay Kumar,0,0,"",""
ball,1,18.5,Australia,GB Hogg,B Lee,R Vinay Kumar,0,0,"",""
ball,1,18.6,Australia,GB Hogg,B Lee,R Vinay Kumar,4,0,"",""
ball,1,19.1,Australia,B Lee,GB Hogg,R Sharma,4,0,"",""
ball,1,19.2,Australia,B Lee,GB Hogg,R Sharma,1,0,"",""
ball,1,19.3,Australia,GB Hogg,B Lee,R Sharma,0,0,lbw,GB Hogg
ball,1,19.4,Australia,XJ Doherty,B Lee,R Sharma,1,0,run out,XJ Doherty
ball,2,0.1,India,G Gambhir,V Sehwag,B Lee,0,0,"",""
ball,2,0.2,India,G Gambhir,V Sehwag,B Lee,4,0,"",""
ball,2,0.3,India,G Gambhir,V Sehwag,B Lee,0,1,"",""
ball,2,0.4,India,G Gambhir,V Sehwag,B Lee,0,0,"",""
ball,2,0.5,India,G Gambhir,V Sehwag,B Lee,0,0,"",""
ball,2,0.6,India,G Gambhir,V Sehwag,B Lee,1,0,"",""
ball,2,0.7,India,V Sehwag,G Gambhir,B Lee,0,0,"",""
ball,2,1.1,India,G Gambhir,V Sehwag,CJ McKay,0,0,"",""
ball,2,1.2,India,G Gambhir,V Sehwag,CJ McKay,0,0,"",""
ball,2,1.3,India,G Gambhir,V Sehwag,CJ McKay,0,0,"",""
ball,2,1.4,India,G Gambhir,V Sehwag,CJ McKay,0,0,"",""
ball,2,1.5,India,G Gambhir,V Sehwag,CJ McKay,0,1,"",""
ball,2,1.6,India,G Gambhir,V Sehwag,CJ McKay,4,0,"",""
ball,2,1.7,India,G Gambhir,V Sehwag,CJ McKay,0,0,"",""
ball,2,2.1,India,V Sehwag,G Gambhir,B Lee,4,0,"",""
ball,2,2.2,India,V Sehwag,G Gambhir,B Lee,0,0,"",""
ball,2,2.3,India,V Sehwag,G Gambhir,B Lee,1,0,"",""
ball,2,2.4,India,G Gambhir,V Sehwag,B Lee,1,0,"",""
ball,2,2.5,India,V Sehwag,G Gambhir,B Lee,1,0,"",""
ball,2,2.6,India,G Gambhir,V Sehwag,B Lee,0,0,"",""
ball,2,3.1,India,V Sehwag,G Gambhir,CJ McKay,1,0,"",""
ball,2,3.2,India,G Gambhir,V Sehwag,CJ McKay,1,0,"",""
ball,2,3.3,India,V Sehwag,G Gambhir,CJ McKay,4,0,"",""
ball,2,3.4,India,V Sehwag,G Gambhir,CJ McKay,1,0,"",""
ball,2,3.5,India,G Gambhir,V Sehwag,CJ McKay,0,0,"",""
ball,2,3.6,India,G Gambhir,V Sehwag,CJ McKay,1,0,"",""
ball,2,4.1,India,G Gambhir,V Sehwag,B Lee,1,0,"",""
ball,2,4.2,India,V Sehwag,G Gambhir,B Lee,0,0,"",""
ball,2,4.3,India,V Sehwag,G Gambhir,B Lee,0,0,"",""
ball,2,4.4,India,V Sehwag,G Gambhir,B Lee,1,0,"",""
ball,2,4.5,India,G Gambhir,V Sehwag,B Lee,0,0,"",""
ball,2,4.6,India,G Gambhir,V Sehwag,B Lee,1,0,"",""
ball,2,5.1,India,G Gambhir,V Sehwag,XJ Doherty,1,0,"",""
ball,2,5.2,India,V Sehwag,G Gambhir,XJ Doherty,6,0,"",""
ball,2,5.3,India,V Sehwag,G Gambhir,XJ Doherty,3,0,"",""
ball,2,5.4,India,G Gambhir,V Sehwag,XJ Doherty,1,0,"",""
ball,2,5.5,India,V Sehwag,G Gambhir,XJ Doherty,1,0,"",""
ball,2,5.6,India,G Gambhir,V Sehwag,XJ Doherty,1,0,"",""
ball,2,6.1,India,G Gambhir,V Sehwag,GB Hogg,1,0,"",""
ball,2,6.2,India,V Sehwag,G Gambhir,GB Hogg,0,0,"",""
ball,2,6.3,India,V Sehwag,G Gambhir,GB Hogg,0,0,caught,V Sehwag
ball,2,6.4,India,V Kohli,G Gambhir,GB Hogg,0,0,"",""
ball,2,6.5,India,V Kohli,G Gambhir,GB Hogg,2,0,"",""
ball,2,6.6,India,V Kohli,G Gambhir,GB Hogg,1,0,"",""
ball,2,7.1,India,V Kohli,G Gambhir,XJ Doherty,1,0,"",""
ball,2,7.2,India,G Gambhir,V Kohli,XJ Doherty,0,0,"",""
ball,2,7.3,India,G Gambhir,V Kohli,XJ Doherty,1,0,"",""
ball,2,7.4,India,V Kohli,G Gambhir,XJ Doherty,0,1,"",""
ball,2,7.5,India,V Kohli,G Gambhir,XJ Doherty,1,0,"",""
ball,2,7.6,India,G Gambhir,V Kohli,XJ Doherty,3,0,"",""
ball,2,7.7,India,V Kohli,G Gambhir,XJ Doherty,1,0,"",""
ball,2,8.1,India,V Kohli,G Gambhir,GB Hogg,4,0,"",""
ball,2,8.2,India,V Kohli,G Gambhir,GB Hogg,1,0,"",""
ball,2,8.3,India,G Gambhir,V Kohli,GB Hogg,4,0,"",""
ball,2,8.4,India,G Gambhir,V Kohli,GB Hogg,1,0,"",""
ball,2,8.5,India,V Kohli,G Gambhir,GB Hogg,1,0,"",""
ball,2,8.6,India,G Gambhir,V Kohli,GB Hogg,1,0,"",""
ball,2,9.1,India,G Gambhir,V Kohli,MR Marsh,1,0,"",""
ball,2,9.2,India,V Kohli,G Gambhir,MR Marsh,0,0,"",""
ball,2,9.3,India,V Kohli,G Gambhir,MR Marsh,2,0,"",""
ball,2,9.4,India,V Kohli,G Gambhir,MR Marsh,0,0,"",""
ball,2,9.5,India,V Kohli,G Gambhir,MR Marsh,1,0,"",""
ball,2,9.6,India,G Gambhir,V Kohli,MR Marsh,1,0,"",""
ball,2,10.1,India,G Gambhir,V Kohli,DJ Hussey,1,0,"",""
ball,2,10.2,India,V Kohli,G Gambhir,DJ Hussey,1,0,"",""
ball,2,10.3,India,G Gambhir,V Kohli,DJ Hussey,0,0,"",""
ball,2,10.4,India,G Gambhir,V Kohli,DJ Hussey,2,0,"",""
ball,2,10.5,India,G Gambhir,V Kohli,DJ Hussey,0,0,"",""
ball,2,10.6,India,G Gambhir,V Kohli,DJ Hussey,2,0,"",""
ball,2,11.1,India,V Kohli,G Gambhir,XJ Doherty,0,0,"",""
ball,2,11.2,India,V Kohli,G Gambhir,XJ Doherty,1,0,"",""
ball,2,11.3,India,G Gambhir,V Kohli,XJ Doherty,1,0,"",""
ball,2,11.4,India,V Kohli,G Gambhir,XJ Doherty,4,0,"",""
ball,2,11.5,India,V Kohli,G Gambhir,XJ Doherty,1,0,"",""
ball,2,11.6,India,G Gambhir,V Kohli,XJ Doherty,1,0,"",""
ball,2,12.1,India,G Gambhir,V Kohli,CJ McKay,1,0,"",""
ball,2,12.2,India,V Kohli,G Gambhir,CJ McKay,1,0,"",""
ball,2,12.3,India,G Gambhir,V Kohli,CJ McKay,0,0,"",""
ball,2,12.4,India,G Gambhir,V Kohli,CJ McKay,1,0,"",""
ball,2,12.5,India,V Kohli,G Gambhir,CJ McKay,4,0,"",""
ball,2,12.6,India,V Kohli,G Gambhir,CJ McKay,1,0,"",""
ball,2,13.1,India,V Kohli,G Gambhir,MR Marsh,2,0,"",""
ball,2,13.2,India,V Kohli,G Gambhir,MR Marsh,1,0,"",""
ball,2,13.3,India,G Gambhir,V Kohli,MR Marsh,1,0,"",""
ball,2,13.4,India,V Kohli,G Gambhir,MR Marsh,0,0,caught,V Kohli
ball,2,13.5,India,MS Dhoni,G Gambhir,MR Marsh,1,0,"",""
ball,2,13.6,India,G Gambhir,MS Dhoni,MR Marsh,1,0,"",""
ball,2,14.1,India,G Gambhir,MS Dhoni,GB Hogg,1,0,"",""
ball,2,14.2,India,MS Dhoni,G Gambhir,GB Hogg,0,0,"",""
ball,2,14.3,India,MS Dhoni,G Gambhir,GB Hogg,1,0,"",""
ball,2,14.4,India,G Gambhir,MS Dhoni,GB Hogg,0,0,"",""
ball,2,14.5,India,G Gambhir,MS Dhoni,GB Hogg,1,0,"",""
ball,2,14.6,India,MS Dhoni,G Gambhir,GB Hogg,0,0,"",""
ball,2,15.1,India,G Gambhir,MS Dhoni,MR Marsh,1,0,"",""
ball,2,15.2,India,MS Dhoni,G Gambhir,MR Marsh,0,1,"",""
ball,2,15.3,India,MS Dhoni,G Gambhir,MR Marsh,2,0,"",""
ball,2,15.4,India,MS Dhoni,G Gambhir,MR Marsh,4,0,"",""
ball,2,15.5,India,MS Dhoni,G Gambhir,MR Marsh,1,0,"",""
ball,2,15.6,India,G Gambhir,MS Dhoni,MR Marsh,0,0,"",""
ball,2,15.7,India,G Gambhir,MS Dhoni,MR Marsh,1,0,"",""
ball,2,16.1,India,G Gambhir,MS Dhoni,B Lee,1,0,"",""
ball,2,16.2,India,MS Dhoni,G Gambhir,B Lee,1,0,"",""
ball,2,16.3,India,G Gambhir,MS Dhoni,B Lee,1,0,"",""
ball,2,16.4,India,MS Dhoni,G Gambhir,B Lee,4,0,"",""
ball,2,16.5,India,MS Dhoni,G Gambhir,B Lee,1,0,"",""
ball,2,16.6,India,G Gambhir,MS Dhoni,B Lee,0,0,"",""
ball,2,17.1,India,MS Dhoni,G Gambhir,MR Marsh,1,0,"",""
ball,2,17.2,India,G Gambhir,MS Dhoni,MR Marsh,0,0,"",""
ball,2,17.3,India,G Gambhir,MS Dhoni,MR Marsh,3,0,"",""
ball,2,17.4,India,MS Dhoni,G Gambhir,MR Marsh,3,0,"",""
ball,2,17.5,India,G Gambhir,MS Dhoni,MR Marsh,1,0,"",""
ball,2,17.6,India,MS Dhoni,G Gambhir,MR Marsh,1,0,"",""
ball,2,18.1,India,MS Dhoni,G Gambhir,DJ Hussey,0,0,"",""
ball,2,18.2,India,MS Dhoni,G Gambhir,DJ Hussey,0,0,"",""
ball,2,18.3,India,MS Dhoni,G Gambhir,DJ Hussey,1,0,"",""
ball,2,18.4,India,G Gambhir,MS Dhoni,DJ Hussey,1,0,"",""
ball,2,18.5,India,MS Dhoni,G Gambhir,DJ Hussey,0,0,"",""
ball,2,18.6,India,MS Dhoni,G Gambhir,DJ Hussey,0,0,"",""
ball,2,19.1,India,G Gambhir,MS Dhoni,CJ McKay,0,0,"",""
ball,2,19.2,India,G Gambhir,MS Dhoni,CJ McKay,0,0,"",""
ball,2,19.3,India,G Gambhir,MS Dhoni,CJ McKay,0,0,"",""
ball,2,19.4,India,G Gambhir,MS Dhoni,CJ McKay,4,0,"",""
