version,1
info,team,Australia
info,team,England
info,gender,male
info,season,2013/14
info,date,2014/01/29
info,series,England in Australia T20I Series
info,match_number,1
info,venue,Bellerive Oval
info,city,Hobart
info,toss_winner,Australia
info,toss_decision,bat
info,player_of_match,CL White
info,umpire,SD Fry
info,umpire,JD Ward
info,reserve_umpire,MW Graham-Smith
info,match_referee,AJ Pycroft
info,winner,Australia
info,winner_runs,13
ball,1,0.1,Australia,CL White,AJ Finch,SCJ Broad,3,0,"",""
ball,1,0.2,Australia,AJ Finch,CL White,SCJ Broad,0,0,"",""
ball,1,0.3,Australia,AJ Finch,CL White,SCJ Broad,1,0,"",""
ball,1,0.4,Australia,CL White,AJ Finch,SCJ Broad,0,0,"",""
ball,1,0.5,Australia,CL White,AJ Finch,SCJ Broad,0,0,"",""
ball,1,0.6,Australia,CL White,AJ Finch,SCJ Broad,0,0,"",""
ball,1,1.1,Australia,AJ Finch,CL White,JW Dernbach,1,0,"",""
ball,1,1.2,Australia,CL White,AJ Finch,JW Dernbach,2,0,"",""
ball,1,1.3,Australia,CL White,AJ Finch,JW Dernbach,0,0,"",""
ball,1,1.4,Australia,CL White,AJ Finch,JW Dernbach,0,0,"",""
ball,1,1.5,Australia,CL White,AJ Finch,JW Dernbach,6,0,"",""
ball,1,1.6,Australia,CL White,AJ Finch,JW Dernbach,0,0,"",""
ball,1,2.1,Australia,AJ Finch,CL White,SCJ Broad,6,0,"",""
ball,1,2.2,Australia,AJ Finch,CL White,SCJ Broad,0,0,"",""
ball,1,2.3,Australia,AJ Finch,CL White,SCJ Broad,1,0,"",""
ball,1,2.4,Australia,CL White,AJ Finch,SCJ Broad,0,0,"",""
ball,1,2.5,Australia,CL White,AJ Finch,SCJ Broad,2,0,"",""
ball,1,2.6,Australia,CL White,AJ Finch,SCJ Broad,1,0,"",""
ball,1,3.1,Australia,CL White,AJ Finch,TT Bresnan,0,1,"",""
ball,1,3.2,Australia,CL White,AJ Finch,TT Bresnan,1,0,"",""
ball,1,3.3,Australia,AJ Finch,CL White,TT Bresnan,0,0,"",""
ball,1,3.4,Australia,AJ Finch,CL White,TT Bresnan,0,0,"",""
ball,1,3.5,Australia,AJ Finch,CL White,TT Bresnan,6,0,"",""
ball,1,3.6,Australia,AJ Finch,CL White,TT Bresnan,1,0,"",""
ball,1,3.7,Australia,CL White,AJ Finch,TT Bresnan,0,0,"",""
ball,1,4.1,Australia,AJ Finch,CL White,JW Dernbach,4,0,"",""
ball,1,4.2,Australia,AJ Finch,CL White,JW Dernbach,4,0,"",""
ball,1,4.3,Australia,AJ Finch,CL White,JW Dernbach,6,0,"",""
ball,1,4.4,Australia,AJ Finch,CL White,JW Dernbach,1,0,"",""
ball,1,4.5,Australia,CL White,AJ Finch,JW Dernbach,0,0,"",""
ball,1,4.6,Australia,CL White,AJ Finch,JW Dernbach,1,0,"",""
ball,1,5.1,Australia,CL White,AJ Finch,TT Bresnan,1,0,"",""
ball,1,5.2,Australia,AJ Finch,CL White,TT Bresnan,1,0,"",""
ball,1,5.3,Australia,CL White,AJ Finch,TT Bresnan,1,0,"",""
ball,1,5.4,Australia,AJ Finch,CL White,TT Bresnan,0,0,"",""
ball,1,5.5,Australia,AJ Finch,CL White,TT Bresnan,1,0,"",""
ball,1,5.6,Australia,CL White,AJ Finch,TT Bresnan,0,0,"",""
ball,1,6.1,Australia,AJ Finch,CL White,RS Bopara,4,0,"",""
ball,1,6.2,Australia,AJ Finch,CL White,RS Bopara,1,0,"",""
ball,1,6.3,Australia,CL White,AJ Finch,RS Bopara,6,0,"",""
ball,1,6.4,Australia,CL White,AJ Finch,RS Bopara,0,0,"",""
ball,1,6.5,Australia,CL White,AJ Finch,RS Bopara,1,0,"",""
ball,1,6.6,Australia,AJ Finch,CL White,RS Bopara,0,0,"",""
ball,1,7.1,Australia,CL White,AJ Finch,DR Briggs,0,0,"",""
ball,1,7.2,Australia,CL White,AJ Finch,DR Briggs,1,0,"",""
ball,1,7.3,Australia,AJ Finch,CL White,DR Briggs,4,0,"",""
ball,1,7.4,Australia,AJ Finch,CL White,DR Briggs,4,0,"",""
ball,1,7.5,Australia,AJ Finch,CL White,DR Briggs,1,0,"",""
ball,1,7.6,Australia,CL White,AJ Finch,DR Briggs,4,0,"",""
ball,1,8.1,Australia,AJ Finch,CL White,RS Bopara,0,1,"",""
ball,1,8.2,Australia,AJ Finch,CL White,RS Bopara,1,0,"",""
ball,1,8.3,Australia,CL White,AJ Finch,RS Bopara,6,0,"",""
ball,1,8.4,Australia,CL White,AJ Finch,RS Bopara,1,0,"",""
ball,1,8.5,Australia,AJ Finch,CL White,RS Bopara,0,0,"",""
ball,1,8.6,Australia,AJ Finch,CL White,RS Bopara,2,0,"",""
ball,1,8.7,Australia,AJ Finch,CL White,RS Bopara,0,0,"",""
ball,1,9.1,Australia,CL White,AJ Finch,DR Briggs,4,0,"",""
ball,1,9.2,Australia,CL White,AJ Finch,DR Briggs,2,0,"",""
ball,1,9.3,Australia,CL White,AJ Finch,DR Briggs,1,0,"",""
ball,1,9.4,Australia,AJ Finch,CL White,DR Briggs,0,1,"",""
ball,1,9.5,Australia,AJ Finch,CL White,DR Briggs,1,0,"",""
ball,1,9.6,Australia,CL White,AJ Finch,DR Briggs,4,0,"",""
ball,1,9.7,Australia,CL White,AJ Finch,DR Briggs,2,0,"",""
ball,1,10.1,Australia,AJ Finch,CL White,SCJ Broad,0,0,"",""
ball,1,10.2,Australia,AJ Finch,CL White,SCJ Broad,1,0,"",""
ball,1,10.3,Australia,CL White,AJ Finch,SCJ Broad,1,0,"",""
ball,1,10.4,Australia,AJ Finch,CL White,SCJ Broad,0,0,caught,AJ Finch
ball,1,10.5,Australia,CL White,GJ Maxwell,SCJ Broad,4,0,"",""
ball,1,10.6,Australia,CL White,GJ Maxwell,SCJ Broad,1,0,"",""
ball,1,11.1,Australia,CL White,GJ Maxwell,DR Briggs,1,0,"",""
ball,1,11.2,Australia,GJ Maxwell,CL White,DR Briggs,1,0,"",""
ball,1,11.3,Australia,CL White,GJ Maxwell,DR Briggs,2,0,"",""
ball,1,11.4,Australia,CL White,GJ Maxwell,DR Briggs,1,0,"",""
ball,1,11.5,Australia,GJ Maxwell,CL White,DR Briggs,0,0,"",""
ball,1,11.6,Australia,GJ Maxwell,CL White,DR Briggs,0,1,"",""
ball,1,11.7,Australia,GJ Maxwell,CL White,DR Briggs,0,0,"",""
ball,1,12.1,Australia,CL White,GJ Maxwell,LJ Wright,6,0,"",""
ball,1,12.2,Australia,CL White,GJ Maxwell,LJ Wright,4,0,"",""
ball,1,12.3,Australia,CL White,GJ Maxwell,LJ Wright,4,0,"",""
ball,1,12.4,Australia,CL White,GJ Maxwell,LJ Wright,1,1,"",""
ball,1,12.5,Australia,GJ Maxwell,CL White,LJ Wright,1,0,"",""
ball,1,12.6,Australia,CL White,GJ Maxwell,LJ Wright,0,0,lbw,CL White
ball,1,12.7,Australia,GJ Bailey,GJ Maxwell,LJ Wright,1,0,"",""
ball,1,13.1,Australia,GJ Bailey,GJ Maxwell,DR Briggs,0,0,"",""
ball,1,13.2,Australia,GJ Bailey,GJ Maxwell,DR Briggs,1,0,"",""
ball,1,13.3,Australia,GJ Maxwell,GJ Bailey,DR Briggs,4,0,"",""
ball,1,13.4,Australia,GJ Maxwell,GJ Bailey,DR Briggs,6,0,"",""
ball,1,13.5,Australia,GJ Maxwell,GJ Bailey,DR Briggs,0,1,"",""
ball,1,13.6,Australia,GJ Maxwell,GJ Bailey,DR Briggs,2,0,"",""
ball,1,13.7,Australia,GJ Maxwell,GJ Bailey,DR Briggs,4,0,"",""
ball,1,14.1,Australia,GJ Bailey,GJ Maxwell,SCJ Broad,1,0,"",""
ball,1,14.2,Australia,GJ Maxwell,GJ Bailey,SCJ Broad,0,0,"",""
ball,1,14.3,Australia,GJ Maxwell,GJ Bailey,SCJ Broad,1,0,"",""
ball,1,14.4,Australia,GJ Bailey,GJ Maxwell,SCJ Broad,1,0,"",""
ball,1,14.5,Australia,GJ Maxwell,GJ Bailey,SCJ Broad,0,0,"",""
ball,1,14.6,Australia,GJ Maxwell,GJ Bailey,SCJ Broad,1,0,"",""
ball,1,15.1,Australia,GJ Maxwell,GJ Bailey,RS Bopara,0,0,caught,GJ Maxwell
ball,1,15.2,Australia,CA Lynn,GJ Bailey,RS Bopara,1,0,"",""
ball,1,15.3,Australia,GJ Bailey,CA Lynn,RS Bopara,0,0,"",""
ball,1,15.4,Australia,GJ Bailey,CA Lynn,RS Bopara,1,0,"",""
ball,1,15.5,Australia,CA Lynn,GJ Bailey,RS Bopara,0,0,"",""
ball,1,15.6,Australia,CA Lynn,GJ Bailey,RS Bopara,1,0,"",""
ball,1,16.1,Australia,CA Lynn,GJ Bailey,TT Bresnan,6,0,"",""
ball,1,16.2,Australia,CA Lynn,GJ Bailey,TT Bresnan,1,0,"",""
ball,1,16.3,Australia,GJ Bailey,CA Lynn,TT Bresnan,1,0,"",""
ball,1,16.4,Australia,CA Lynn,GJ Bailey,TT Bresnan,0,1,"",""
ball,1,16.5,Australia,CA Lynn,GJ Bailey,TT Bresnan,1,0,"",""
ball,1,16.6,Australia,GJ Bailey,CA Lynn,TT Bresnan,2,0,"",""
ball,1,16.7,Australia,GJ Bailey,CA Lynn,TT Bresnan,1,0,"",""
ball,1,17.1,Australia,GJ Bailey,CA Lynn,JW Dernbach,0,1,"",""
ball,1,17.2,Australia,CA Lynn,GJ Bailey,JW Dernbach,0,0,"",""
ball,1,17.3,Australia,CA Lynn,GJ Bailey,JW Dernbach,0,0,"",""
ball,1,17.4,Australia,CA Lynn,GJ Bailey,JW Dernbach,6,0,"",""
ball,1,17.5,Australia,CA Lynn,GJ Bailey,JW Dernbach,0,5,"",""
ball,1,17.6,Australia,CA Lynn,GJ Bailey,JW Dernbach,0,0,"",""
ball,1,17.7,Australia,CA Lynn,GJ Bailey,JW Dernbach,1,0,"",""
ball,1,18.1,Australia,CA Lynn,GJ Bailey,TT Bresnan,2,0,"",""
ball,1,18.2,Australia,CA Lynn,GJ Bailey,TT Bresnan,0,0,"",""
ball,1,18.3,Australia,CA Lynn,GJ Bailey,TT Bresnan,6,0,"",""
ball,1,18.4,Australia,CA Lynn,GJ Bailey,TT Bresnan,1,0,"",""
ball,1,18.5,Australia,GJ Bailey,CA Lynn,TT Bresnan,4,0,"",""
ball,1,18.6,Australia,GJ Bailey,CA Lynn,TT Bresnan,1,0,"",""
ball,1,19.1,Australia,GJ Bailey,CA Lynn,JW Dernbach,0,0,caught,GJ Bailey
ball,1,19.2,Australia,CA Lynn,DT Christian,JW Dernbach,2,0,"",""
ball,1,19.3,Australia,CA Lynn,DT Christian,JW Dernbach,4,0,"",""
ball,1,19.4,Australia,CA Lynn,DT Christian,JW Dernbach,1,0,"",""
ball,1,19.5,Australia,DT Christian,CA Lynn,JW Dernbach,4,0,"",""
ball,1,19.6,Australia,DT Christian,CA Lynn,JW Dernbach,2,0,"",""
ball,2,0.1,England,AD Hales,MJ Lumb,GJ Maxwell,1,0,"",""
ball,2,0.2,England,MJ Lumb,AD Hales,GJ Maxwell,4,0,"",""
ball,2,0.3,England,MJ Lumb,AD Hales,GJ Maxwell,0,0,"",""
ball,2,0.4,England,MJ Lumb,AD Hales,GJ Maxwell,1,0,"",""
ball,2,0.5,England,AD Hales,MJ Lumb,GJ Maxwell,4,0,"",""
ball,2,0.6,England,AD Hales,MJ Lumb,GJ Maxwell,0,0,"",""
ball,2,1.1,England,MJ Lumb,AD Hales,NM Coulter-Nile,4,0,"",""
ball,2,1.2,England,MJ Lumb,AD Hales,NM Coulter-Nile,0,0,"",""
ball,2,1.3,England,MJ Lumb,AD Hales,NM Coulter-Nile,0,0,caught,MJ Lumb
ball,2,1.4,England,LJ Wright,AD Hales,NM Coulter-Nile,0,1,"",""
ball,2,1.5,England,AD Hales,LJ Wright,NM Coulter-Nile,4,0,"",""
ball,2,1.6,England,AD Hales,LJ Wright,NM Coulter-Nile,4,0,"",""
ball,2,2.1,England,LJ Wright,AD Hales,JR Hazlewood,0,0,"",""
ball,2,2.2,England,LJ Wright,AD Hales,JR Hazlewood,0,1,"",""
ball,2,2.3,England,LJ Wright,AD Hales,JR Hazlewood,0,0,"",""
ball,2,2.4,England,LJ Wright,AD Hales,JR Hazlewood,4,0,"",""
ball,2,2.5,England,LJ Wright,AD Hales,JR Hazlewood,0,0,"",""
ball,2,2.6,England,LJ Wright,AD Hales,JR Hazlewood,0,0,"",""
ball,2,2.7,England,LJ Wright,AD Hales,JR Hazlewood,1,0,"",""
ball,2,3.1,England,LJ Wright,AD Hales,NM Coulter-Nile,0,1,"",""
ball,2,3.2,England,AD Hales,LJ Wright,NM Coulter-Nile,0,0,"",""
ball,2,3.3,England,AD Hales,LJ Wright,NM Coulter-Nile,4,0,"",""
ball,2,3.4,England,AD Hales,LJ Wright,NM Coulter-Nile,0,0,"",""
ball,2,3.5,England,AD Hales,LJ Wright,NM Coulter-Nile,4,0,"",""
ball,2,3.6,England,AD Hales,LJ Wright,NM Coulter-Nile,0,1,"",""
ball,2,4.1,England,AD Hales,LJ Wright,MC Henriques,1,0,"",""
ball,2,4.2,England,LJ Wright,AD Hales,MC Henriques,4,0,"",""
ball,2,4.3,England,LJ Wright,AD Hales,MC Henriques,0,0,bowled,LJ Wright
ball,2,4.4,England,JE Root,AD Hales,MC Henriques,0,0,"",""
ball,2,4.5,England,JE Root,AD Hales,MC Henriques,1,0,"",""
ball,2,4.6,England,AD Hales,JE Root,MC Henriques,0,0,lbw,AD Hales
ball,2,5.1,England,JE Root,EJG Morgan,JR Hazlewood,0,0,"",""
ball,2,5.2,England,JE Root,EJG Morgan,JR Hazlewood,0,0,"",""
ball,2,5.3,England,JE Root,EJG Morgan,JR Hazlewood,0,0,"",""
ball,2,5.4,England,JE Root,EJG Morgan,JR Hazlewood,1,0,"",""
ball,2,5.5,England,EJG Morgan,JE Root,JR Hazlewood,0,0,"",""
ball,2,5.6,England,EJG Morgan,JE Root,JR Hazlewood,0,0,"",""
ball,2,6.1,England,JE Root,EJG Morgan,GJ Maxwell,1,0,"",""
ball,2,6.2,England,EJG Morgan,JE Root,GJ Maxwell,4,0,"",""
ball,2,6.3,England,EJG Morgan,JE Root,GJ Maxwell,0,0,bowled,EJG Morgan
ball,2,6.4,England,JC Buttler,JE Root,GJ Maxwell,1,0,"",""
ball,2,6.5,England,JE Root,JC Buttler,GJ Maxwell,1,0,"",""
ball,2,6.6,England,JC Buttler,JE Root,GJ Maxwell,2,0,"",""
ball,2,7.1,England,JE Root,JC Buttler,JM Muirhead,1,0,"",""
ball,2,7.2,England,JC Buttler,JE Root,JM Muirhead,0,0,"",""
ball,2,7.3,England,JC Buttler,JE Root,JM Muirhead,6,0,"",""
ball,2,7.4,England,JC Buttler,JE Root,JM Muirhead,1,0,"",""
ball,2,7.5,England,JE Root,JC Buttler,JM Muirhead,2,0,"",""
ball,2,7.6,England,JE Root,JC Buttler,JM Muirhead,1,0,"",""
ball,2,8.1,England,JE Root,JC Buttler,GJ Maxwell,1,0,"",""
ball,2,8.2,England,JC Buttler,JE Root,GJ Maxwell,4,0,"",""
ball,2,8.3,England,JC Buttler,JE Root,GJ Maxwell,1,0,"",""
ball,2,8.4,England,JE Root,JC Buttler,GJ Maxwell,0,0,"",""
ball,2,8.5,England,JE Root,JC Buttler,GJ Maxwell,4,0,"",""
ball,2,8.6,England,JE Root,JC Buttler,GJ Maxwell,1,0,"",""
ball,2,9.1,England,JE Root,JC Buttler,MC Henriques,6,0,"",""
ball,2,9.2,England,JE Root,JC Buttler,MC Henriques,4,0,"",""
ball,2,9.3,England,JE Root,JC Buttler,MC Henriques,1,0,"",""
ball,2,9.4,England,JC Buttler,JE Root,MC Henriques,2,0,"",""
ball,2,9.5,England,JC Buttler,JE Root,MC Henriques,0,0,"",""
ball,2,9.6,England,JC Buttler,JE Root,MC Henriques,1,0,"",""
ball,2,10.1,England,JC Buttler,JE Root,DT Christian,0,0,"",""
ball,2,10.2,England,JC Buttler,JE Root,DT Christian,1,0,"",""
ball,2,10.3,England,JE Root,JC Buttler,DT Christian,0,0,"",""
ball,2,10.4,England,JE Root,JC Buttler,DT Christian,1,0,"",""
ball,2,10.5,England,JC Buttler,JE Root,DT Christian,1,0,"",""
ball,2,10.6,England,JE Root,JC Buttler,DT Christian,4,0,"",""
ball,2,11.1,England,JC Buttler,JE Root,NM Coulter-Nile,0,0,caught,JC Buttler
ball,2,11.2,England,JE Root,RS Bopara,NM Coulter-Nile,0,0,"",""
ball,2,11.3,England,JE Root,RS Bopara,NM Coulter-Nile,2,0,"",""
ball,2,11.4,England,JE Root,RS Bopara,NM Coulter-Nile,0,0,caught,JE Root
ball,2,11.5,England,RS Bopara,TT Bresnan,NM Coulter-Nile,1,0,"",""
ball,2,11.6,England,TT Bresnan,RS Bopara,NM Coulter-Nile,0,0,"",""
ball,2,12.1,England,RS Bopara,TT Bresnan,JM Muirhead,1,0,"",""
ball,2,12.2,England,TT Bresnan,RS Bopara,JM Muirhead,1,0,"",""
ball,2,12.3,England,RS Bopara,TT Bresnan,JM Muirhead,1,0,"",""
ball,2,12.4,England,TT Bresnan,RS Bopara,JM Muirhead,1,0,"",""
ball,2,12.5,England,RS Bopara,TT Bresnan,JM Muirhead,1,0,"",""
ball,2,12.6,England,TT Bresnan,RS Bopara,JM Muirhead,0,1,"",""
ball,2,12.7,England,TT Bresnan,RS Bopara,JM Muirhead,1,0,"",""
ball,2,13.1,England,TT Bresnan,RS Bopara,JR Hazlewood,1,0,"",""
ball,2,13.2,England,RS Bopara,TT Bresnan,JR Hazlewood,6,0,"",""
ball,2,13.3,England,RS Bopara,TT Bresnan,JR Hazlewood,0,0,"",""
ball,2,13.4,England,RS Bopara,TT Bresnan,JR Hazlewood,6,0,"",""
ball,2,13.5,England,RS Bopara,TT Bresnan,JR Hazlewood,1,0,"",""
ball,2,13.6,England,TT Bresnan,RS Bopara,JR Hazlewood,1,0,"",""
ball,2,14.1,England,TT Bresnan,RS Bopara,JM Muirhead,1,0,"",""
ball,2,14.2,England,RS Bopara,TT Bresnan,JM Muirhead,1,0,"",""
ball,2,14.3,England,TT Bresnan,RS Bopara,JM Muirhead,0,0,"",""
ball,2,14.4,England,TT Bresnan,RS Bopara,JM Muirhead,0,0,"",""
ball,2,14.5,England,TT Bresnan,RS Bopara,JM Muirhead,1,0,"",""
ball,2,14.6,England,RS Bopara,TT Bresnan,JM Muirhead,2,0,"",""
ball,2,15.1,England,TT Bresnan,RS Bopara,MC Henriques,1,0,"",""
ball,2,15.2,England,RS Bopara,TT Bresnan,MC Henriques,6,0,"",""
ball,2,15.3,England,RS Bopara,TT Bresnan,MC Henriques,6,0,"",""
ball,2,15.4,England,RS Bopara,TT Bresnan,MC Henriques,1,0,"",""
ball,2,15.5,England,TT Bresnan,RS Bopara,MC Henriques,1,0,"",""
ball,2,15.6,England,RS Bopara,TT Bresnan,MC Henriques,1,0,"",""
ball,2,16.1,England,RS Bopara,TT Bresnan,JM Muirhead,1,0,"",""
ball,2,16.2,England,TT Bresnan,RS Bopara,JM Muirhead,2,0,"",""
ball,2,16.3,England,TT Bresnan,RS Bopara,JM Muirhead,0,0,bowled,TT Bresnan
ball,2,16.4,England,SCJ Broad,RS Bopara,JM Muirhead,6,0,"",""
ball,2,16.5,England,SCJ Broad,RS Bopara,JM Muirhead,1,0,"",""
ball,2,16.6,England,RS Bopara,SCJ Broad,JM Muirhead,1,0,"",""
ball,2,17.1,England,RS Bopara,SCJ Broad,NM Coulter-Nile,1,0,"",""
ball,2,17.2,England,SCJ Broad,RS Bopara,NM Coulter-Nile,0,0,"",""
ball,2,17.3,England,SCJ Broad,RS Bopara,NM Coulter-Nile,6,0,"",""
ball,2,17.4,England,SCJ Broad,RS Bopara,NM Coulter-Nile,0,0,bowled,SCJ Broad
ball,2,17.5,England,JW Dernbach,RS Bopara,NM Coulter-Nile,0,0,"",""
ball,2,17.6,England,JW Dernbach,RS Bopara,NM Coulter-Nile,0,0,"",""
ball,2,18.1,England,RS Bopara,JW Dernbach,DT Christian,1,0,"",""
ball,2,18.2,England,JW Dernbach,RS Bopara,DT Christian,4,0,"",""
ball,2,18.3,England,JW Dernbach,RS Bopara,DT Christian,1,0,"",""
ball,2,18.4,England,RS Bopara,JW Dernbach,DT Christian,4,0,"",""
ball,2,18.5,England,RS Bopara,JW Dernbach,DT Christian,4,0,"",""
ball,2,18.6,England,RS Bopara,JW Dernbach,DT Christian,0,0,run out,JW Dernbach
ball,2,19.1,England,RS Bopara,DR Briggs,JR Hazlewood,0,5,"",""
ball,2,19.2,England,RS Bopara,DR Briggs,JR Hazlewood,0,0,"",""
ball,2,19.3,England,RS Bopara,DR Briggs,JR Hazlewood,6,0,"",""
ball,2,19.4,England,RS Bopara,DR Briggs,JR Hazlewood,0,0,"",""
ball,2,19.5,England,RS Bopara,DR Briggs,JR Hazlewood,6,0,"",""
ball,2,19.6,England,RS Bopara,DR Briggs,JR Hazlewood,6,0,"",""
ball,2,19.7,England,RS Bopara,DR Briggs,JR Hazlewood,1,0,"",""
