version,1
info,team,West Indies
info,team,England
info,gender,male
info,season,2013/14
info,date,2014/03/11
info,series,England in West Indies T20I Series
info,match_number,2
info,venue,"Kensington Oval, Bridgetown"
info,city,Barbados
info,toss_winner,England
info,toss_decision,bat
info,player_of_match,K Santokie
info,umpire,GO Brathwaite
info,umpire,PJ Nero
info,reserve_umpire,JS Wilson
info,tv_umpire,N Duguid
info,match_referee,AJ Pycroft
info,winner,West Indies
info,winner_wickets,5
ball,1,0.1,England,MJ Lumb,AD Hales,S Badree,1,0,"",""
ball,1,0.2,England,AD Hales,MJ Lumb,S Badree,0,0,"",""
ball,1,0.3,England,AD Hales,MJ Lumb,S Badree,4,0,"",""
ball,1,0.4,England,AD Hales,MJ Lumb,S Badree,0,0,"",""
ball,1,0.5,England,AD Hales,MJ Lumb,S Badree,1,0,"",""
ball,1,0.6,England,MJ Lumb,AD Hales,S Badree,2,0,"",""
ball,1,1.1,England,AD Hales,MJ Lumb,K Santokie,0,0,"",""
ball,1,1.2,England,AD Hales,MJ Lumb,K Santokie,2,0,"",""
ball,1,1.3,England,AD Hales,MJ Lumb,K Santokie,1,0,"",""
ball,1,1.4,England,MJ Lumb,AD Hales,K Santokie,1,0,"",""
ball,1,1.5,England,AD Hales,MJ Lumb,K Santokie,1,0,"",""
ball,1,1.6,England,MJ Lumb,AD Hales,K Santokie,0,0,lbw,MJ Lumb
ball,1,2.1,England,AD Hales,MM Ali,S Badree,0,0,"",""
ball,1,2.2,England,AD Hales,MM Ali,S Badree,1,0,"",""
ball,1,2.3,England,MM Ali,AD Hales,S Badree,0,0,"",""
ball,1,2.4,England,MM Ali,AD Hales,S Badree,0,0,"",""
ball,1,2.5,England,MM Ali,AD Hales,S Badree,0,0,"",""
ball,1,2.6,England,MM Ali,AD Hales,S Badree,1,0,"",""
ball,1,3.1,England,MM Ali,AD Hales,K Santokie,0,2,"",""
ball,1,3.2,England,MM Ali,AD Hales,K Santokie,4,0,"",""
ball,1,3.3,England,MM Ali,AD Hales,K Santokie,0,0,lbw,MM Ali
ball,1,3.4,England,EJG Morgan,AD Hales,K Santokie,0,0,"",""
ball,1,3.5,England,EJG Morgan,AD Hales,K Santokie,0,0,"",""
ball,1,3.6,England,EJG Morgan,AD Hales,K Santokie,2,0,"",""
ball,1,4.1,England,AD Hales,EJG Morgan,S Badree,0,1,"",""
ball,1,4.2,England,EJG Morgan,AD Hales,S Badree,1,0,"",""
ball,1,4.3,England,AD Hales,EJG Morgan,S Badree,1,0,"",""
ball,1,4.4,England,EJG Morgan,AD Hales,S Badree,0,0,"",""
ball,1,4.5,England,EJG Morgan,AD Hales,S Badree,0,0,"",""
ball,1,4.6,England,EJG Morgan,AD Hales,S Badree,0,0,caught,EJG Morgan
ball,1,5.1,England,JC Buttler,AD Hales,K Santokie,1,0,"",""
ball,1,5.2,England,AD Hales,JC Buttler,K Santokie,0,0,"",""
ball,1,5.3,England,AD Hales,JC Buttler,K Santokie,0,0,"",""
ball,1,5.4,England,AD Hales,JC Buttler,K Santokie,1,0,"",""
ball,1,5.5,England,JC Buttler,AD Hales,K Santokie,1,0,"",""
ball,1,5.6,England,AD Hales,JC Buttler,K Santokie,1,0,"",""
ball,1,6.1,England,AD Hales,JC Buttler,S Badree,1,0,"",""
ball,1,6.2,England,JC Buttler,AD Hales,S Badree,1,0,"",""
ball,1,6.3,England,AD Hales,JC Buttler,S Badree,0,0,"",""
ball,1,6.4,England,AD Hales,JC Buttler,S Badree,0,0,"",""
ball,1,6.5,England,AD Hales,JC Buttler,S Badree,1,0,"",""
ball,1,6.6,England,JC Buttler,AD Hales,S Badree,1,0,"",""
ball,1,7.1,England,JC Buttler,AD Hales,MN Samuels,4,0,"",""
ball,1,7.2,England,JC Buttler,AD Hales,MN Samuels,0,0,"",""
ball,1,7.3,England,JC Buttler,AD Hales,MN Samuels,0,0,"",""
ball,1,7.4,England,JC Buttler,AD Hales,MN Samuels,0,0,"",""
ball,1,7.5,England,JC Buttler,AD Hales,MN Samuels,0,0,"",""
ball,1,7.6,England,JC Buttler,AD Hales,MN Samuels,1,0,"",""
ball,1,8.1,England,JC Buttler,AD Hales,R Rampaul,4,0,"",""
ball,1,8.2,England,JC Buttler,AD Hales,R Rampaul,0,0,"",""
ball,1,8.3,England,JC Buttler,AD Hales,R Rampaul,1,0,"",""
ball,1,8.4,England,AD Hales,JC Buttler,R Rampaul,1,0,"",""
ball,1,8.5,England,JC Buttler,AD Hales,R Rampaul,0,1,"",""
ball,1,8.6,England,JC Buttler,AD Hales,R Rampaul,2,0,"",""
ball,1,8.7,England,JC Buttler,AD Hales,R Rampaul,1,0,"",""
ball,1,9.1,England,JC Buttler,AD Hales,MN Samuels,1,0,"",""
ball,1,9.2,England,AD Hales,JC Buttler,MN Samuels,0,0,"",""
ball,1,9.3,England,AD Hales,JC Buttler,MN Samuels,2,0,"",""
ball,1,9.4,England,AD Hales,JC Buttler,MN Samuels,2,0,"",""
ball,1,9.5,England,AD Hales,JC Buttler,MN Samuels,6,0,"",""
ball,1,9.6,England,AD Hales,JC Buttler,MN Samuels,1,0,"",""
ball,1,10.1,England,AD Hales,JC Buttler,R Rampaul,0,0,"",""
ball,1,10.2,England,AD Hales,JC Buttler,R Rampaul,1,0,"",""
ball,1,10.3,England,JC Buttler,AD Hales,R Rampaul,1,0,"",""
ball,1,10.4,England,AD Hales,JC Buttler,R Rampaul,1,0,"",""
ball,1,10.5,England,JC Buttler,AD Hales,R Rampaul,0,0,"",""
ball,1,10.6,England,JC Buttler,AD Hales,R Rampaul,1,0,"",""
ball,1,11.1,England,JC Buttler,AD Hales,DJG Sammy,4,0,"",""
ball,1,11.2,England,JC Buttler,AD Hales,DJG Sammy,1,0,"",""
ball,1,11.3,England,AD Hales,JC Buttler,DJG Sammy,1,0,"",""
ball,1,11.4,England,JC Buttler,AD Hales,DJG Sammy,4,0,"",""
ball,1,11.5,England,JC Buttler,AD Hales,DJG Sammy,6,0,"",""
ball,1,11.6,England,JC Buttler,AD Hales,DJG Sammy,1,0,"",""
ball,1,12.1,England,JC Buttler,AD Hales,R Rampaul,1,0,"",""
ball,1,12.2,England,AD Hales,JC Buttler,R Rampaul,6,0,"",""
ball,1,12.3,England,AD Hales,JC Buttler,R Rampaul,1,0,"",""
ball,1,12.4,England,JC Buttler,AD Hales,R Rampaul,1,0,"",""
ball,1,12.5,England,AD Hales,JC Buttler,R Rampaul,1,0,"",""
ball,1,12.6,England,JC Buttler,AD Hales,R Rampaul,6,0,"",""
ball,1,13.1,England,AD Hales,JC Buttler,DJ Bravo,1,0,"",""
ball,1,13.2,England,JC Buttler,AD Hales,DJ Bravo,1,0,"",""
ball,1,13.3,England,AD Hales,JC Buttler,DJ Bravo,1,0,"",""
ball,1,13.4,England,JC Buttler,AD Hales,DJ Bravo,1,0,"",""
ball,1,13.5,England,AD Hales,JC Buttler,DJ Bravo,0,0,caught,AD Hales
ball,1,13.6,England,JC Buttler,RS Bopara,DJ Bravo,2,0,"",""
ball,1,14.1,England,RS Bopara,JC Buttler,AD Russell,1,0,"",""
ball,1,14.2,England,JC Buttler,RS Bopara,AD Russell,1,0,"",""
ball,1,14.3,England,RS Bopara,JC Buttler,AD Russell,1,0,"",""
ball,1,14.4,England,JC Buttler,RS Bopara,AD Russell,0,0,"",""
ball,1,14.5,England,JC Buttler,RS Bopara,AD Russell,1,0,"",""
ball,1,14.6,England,RS Bopara,JC Buttler,AD Russell,1,0,"",""
ball,1,15.1,England,RS Bopara,JC Buttler,DJ Bravo,4,0,"",""
ball,1,15.2,England,RS Bopara,JC Buttler,DJ Bravo,1,0,"",""
ball,1,15.3,England,JC Buttler,RS Bopara,DJ Bravo,1,0,"",""
ball,1,15.4,England,RS Bopara,JC Buttler,DJ Bravo,1,0,"",""
ball,1,15.5,England,JC Buttler,RS Bopara,DJ Bravo,1,0,"",""
ball,1,15.6,England,RS Bopara,JC Buttler,DJ Bravo,0,0,"",""
ball,1,16.1,England,JC Buttler,RS Bopara,AD Russell,1,0,"",""
ball,1,16.2,England,RS Bopara,JC Buttler,AD Russell,1,0,"",""
ball,1,16.3,England,JC Buttler,RS Bopara,AD Russell,1,0,"",""
ball,1,16.4,England,RS Bopara,JC Buttler,AD Russell,1,0,"",""
ball,1,16.5,England,JC Buttler,RS Bopara,AD Russell,0,0,"",""
ball,1,16.6,England,JC Buttler,RS Bopara,AD Russell,4,0,"",""
ball,1,17.1,England,RS Bopara,JC Buttler,DJ Bravo,1,0,"",""
ball,1,17.2,England,JC Buttler,RS Bopara,DJ Bravo,1,0,"",""
ball,1,17.3,England,RS Bopara,JC Buttler,DJ Bravo,0,0,"",""
ball,1,17.4,England,RS Bopara,JC Buttler,DJ Bravo,1,0,"",""
ball,1,17.5,England,JC Buttler,RS Bopara,DJ Bravo,2,0,"",""
ball,1,17.6,England,JC Buttler,RS Bopara,DJ Bravo,6,0,"",""
ball,1,18.1,England,RS Bopara,JC Buttler,K Santokie,1,0,"",""
ball,1,18.2,England,JC Buttler,RS Bopara,K Santokie,0,0,caught,JC Buttler
ball,1,18.3,England,RS Bopara,LJ Wright,K Santokie,0,1,"",""
ball,1,18.4,England,LJ Wright,RS Bopara,K Santokie,4,0,"",""
ball,1,18.5,England,LJ Wright,RS Bopara,K Santokie,1,0,"",""
ball,1,18.6,England,RS Bopara,LJ Wright,K Santokie,0,0,caught,RS Bopara
ball,1,19.1,England,LJ Wright,TT Bresnan,DJ Bravo,1,0,"",""
ball,1,19.2,England,TT Bresnan,LJ Wright,DJ Bravo,6,0,"",""
ball,1,19.3,England,TT Bresnan,LJ Wright,DJ Bravo,1,0,"",""
ball,1,19.4,England,LJ Wright,TT Bresnan,DJ Bravo,0,0,"",""
ball,1,19.5,England,LJ Wright,TT Bresnan,DJ Bravo,1,0,"",""
ball,1,19.6,England,TT Bresnan,LJ Wright,DJ Bravo,0,0,caught,TT Bresnan
ball,2,0.1,West Indies,DR Smith,CH Gayle,TT Bresnan,0,0,"",""
ball,2,0.2,West Indies,DR Smith,CH Gayle,TT Bresnan,0,0,"",""
ball,2,0.3,West Indies,DR Smith,CH Gayle,TT Bresnan,2,0,"",""
ball,2,0.4,West Indies,DR Smith,CH Gayle,TT Bresnan,4,0,"",""
ball,2,0.5,West Indies,DR Smith,CH Gayle,TT Bresnan,0,0,"",""
ball,2,0.6,West Indies,DR Smith,CH Gayle,TT Bresnan,6,0,"",""
ball,2,1.1,West Indies,CH Gayle,DR Smith,JW Dernbach,0,0,"",""
ball,2,1.2,West Indies,CH Gayle,DR Smith,JW Dernbach,1,0,"",""
ball,2,1.3,West Indies,DR Smith,CH Gayle,JW Dernbach,0,0,"",""
ball,2,1.4,West Indies,DR Smith,CH Gayle,JW Dernbach,0,0,"",""
ball,2,1.5,West Indies,DR Smith,CH Gayle,JW Dernbach,1,0,"",""
ball,2,1.6,West Indies,CH Gayle,DR Smith,JW Dernbach,6,0,"",""
ball,2,2.1,West Indies,DR Smith,CH Gayle,TT Bresnan,1,0,"",""
ball,2,2.2,West Indies,CH Gayle,DR Smith,TT Bresnan,0,0,"",""
ball,2,2.3,West Indies,CH Gayle,DR Smith,TT Bresnan,1,0,"",""
ball,2,2.4,West Indies,DR Smith,CH Gayle,TT Bresnan,6,0,"",""
ball,2,2.5,West Indies,DR Smith,CH Gayle,TT Bresnan,0,0,"",""
ball,2,2.6,West Indies,DR Smith,CH Gayle,TT Bresnan,6,0,"",""
ball,2,3.1,West Indies,CH Gayle,DR Smith,JC Tredwell,0,0,"",""
ball,2,3.2,West Indies,CH Gayle,DR Smith,JC Tredwell,0,0,"",""
ball,2,3.3,West Indies,CH Gayle,DR Smith,JC Tredwell,0,0,"",""
ball,2,3.4,West Indies,CH Gayle,DR Smith,JC Tredwell,4,0,"",""
ball,2,3.5,West Indies,CH Gayle,DR Smith,JC Tredwell,6,0,"",""
ball,2,3.6,West Indies,CH Gayle,DR Smith,JC Tredwell,0,0,"",""
ball,2,4.1,West Indies,DR Smith,CH Gayle,JW Dernbach,0,0,"",""
ball,2,4.2,West Indies,DR Smith,CH Gayle,JW Dernbach,4,0,"",""
ball,2,4.3,West Indies,DR Smith,CH Gayle,JW Dernbach,0,0,caught,DR Smith
ball,2,4.4,West Indies,CH Gayle,MN Samuels,JW Dernbach,1,0,"",""
ball,2,4.5,West Indies,MN Samuels,CH Gayle,JW Dernbach,1,0,"",""
ball,2,4.6,West Indies,CH Gayle,MN Samuels,JW Dernbach,0,1,"",""
ball,2,4.7,West Indies,CH Gayle,MN Samuels,JW Dernbach,1,0,"",""
ball,2,5.1,West Indies,CH Gayle,MN Samuels,JC Tredwell,6,0,"",""
ball,2,5.2,West Indies,CH Gayle,MN Samuels,JC Tredwell,0,0,"",""
ball,2,5.3,West Indies,CH Gayle,MN Samuels,JC Tredwell,0,0,"",""
ball,2,5.4,West Indies,CH Gayle,MN Samuels,JC Tredwell,0,0,"",""
ball,2,5.5,West Indies,CH Gayle,MN Samuels,JC Tredwell,0,0,"",""
ball,2,5.6,West Indies,CH Gayle,MN Samuels,JC Tredwell,0,0,"",""
ball,2,6.1,West Indies,MN Samuels,CH Gayle,RS Bopara,0,0,"",""
ball,2,6.2,West Indies,MN Samuels,CH Gayle,RS Bopara,0,0,"",""
ball,2,6.3,West Indies,MN Samuels,CH Gayle,RS Bopara,0,0,"",""
ball,2,6.4,West Indies,MN Samuels,CH Gayle,RS Bopara,0,0,"",""
ball,2,6.5,West Indies,MN Samuels,CH Gayle,RS Bopara,0,0,"",""
ball,2,6.6,West Indies,MN Samuels,CH Gayle,RS Bopara,1,0,"",""
ball,2,7.1,West Indies,MN Samuels,CH Gayle,JC Tredwell,1,0,"",""
ball,2,7.2,West Indies,CH Gayle,MN Samuels,JC Tredwell,0,0,"",""
ball,2,7.3,West Indies,CH Gayle,MN Samuels,JC Tredwell,1,0,"",""
ball,2,7.4,West Indies,MN Samuels,CH Gayle,JC Tredwell,1,0,"",""
ball,2,7.5,West Indies,CH Gayle,MN Samuels,JC Tredwell,0,0,"",""
ball,2,7.6,West Indies,CH Gayle,MN Samuels,JC Tredwell,0,0,"",""
ball,2,8.1,West Indies,MN Samuels,CH Gayle,RS Bopara,1,0,"",""
ball,2,8.2,West Indies,CH Gayle,MN Samuels,RS Bopara,1,0,"",""
ball,2,8.3,West Indies,MN Samuels,CH Gayle,RS Bopara,0,0,"",""
ball,2,8.4,West Indies,MN Samuels,CH Gayle,RS Bopara,0,0,"",""
ball,2,8.5,West Indies,MN Samuels,CH Gayle,RS Bopara,1,0,"",""
ball,2,8.6,West Indies,CH Gayle,MN Samuels,RS Bopara,1,0,"",""
ball,2,9.1,West Indies,CH Gayle,MN Samuels,JC Tredwell,1,0,"",""
ball,2,9.2,West Indies,MN Samuels,CH Gayle,JC Tredwell,0,0,"",""
ball,2,9.3,West Indies,MN Samuels,CH Gayle,JC Tredwell,1,0,"",""
ball,2,9.4,West Indies,CH Gayle,MN Samuels,JC Tredwell,0,0,"",""
ball,2,9.5,West Indies,CH Gayle,MN Samuels,JC Tredwell,6,0,"",""
ball,2,9.6,West Indies,CH Gayle,MN Samuels,JC Tredwell,0,0,"",""
ball,2,10.1,West Indies,MN Samuels,CH Gayle,RS Bopara,1,0,"",""
ball,2,10.2,West Indies,CH Gayle,MN Samuels,RS Bopara,0,0,bowled,CH Gayle
ball,2,10.3,West Indies,LMP Simmons,MN Samuels,RS Bopara,0,0,"",""
ball,2,10.4,West Indies,LMP Simmons,MN Samuels,RS Bopara,1,0,"",""
ball,2,10.5,West Indies,MN Samuels,LMP Simmons,RS Bopara,0,0,"",""
ball,2,10.6,West Indies,MN Samuels,LMP Simmons,RS Bopara,0,0,"",""
ball,2,11.1,West Indies,LMP Simmons,MN Samuels,SD Parry,1,0,"",""
ball,2,11.2,West Indies,MN Samuels,LMP Simmons,SD Parry,2,0,"",""
ball,2,11.3,West Indies,MN Samuels,LMP Simmons,SD Parry,1,0,"",""
ball,2,11.4,West Indies,LMP Simmons,MN Samuels,SD Parry,4,0,"",""
ball,2,11.5,West Indies,LMP Simmons,MN Samuels,SD Parry,4,0,"",""
ball,2,11.6,West Indies,LMP Simmons,MN Samuels,SD Parry,1,0,"",""
ball,2,12.1,West Indies,LMP Simmons,MN Samuels,LJ Wright,1,0,"",""
ball,2,12.2,West Indies,MN Samuels,LMP Simmons,LJ Wright,0,0,"",""
ball,2,12.3,West Indies,MN Samuels,LMP Simmons,LJ Wright,0,0,"",""
ball,2,12.4,West Indies,MN Samuels,LMP Simmons,LJ Wright,1,0,"",""
ball,2,12.5,West Indies,LMP Simmons,MN Samuels,LJ Wright,4,0,"",""
ball,2,12.6,West Indies,LMP Simmons,MN Samuels,LJ Wright,1,0,"",""
ball,2,13.1,West Indies,LMP Simmons,MN Samuels,SD Parry,0,0,"",""
ball,2,13.2,West Indies,LMP Simmons,MN Samuels,SD Parry,1,0,"",""
ball,2,13.3,West Indies,MN Samuels,LMP Simmons,SD Parry,1,0,"",""
ball,2,13.4,West Indies,LMP Simmons,MN Samuels,SD Parry,1,0,"",""
ball,2,13.5,West Indies,MN Samuels,LMP Simmons,SD Parry,0,0,"",""
ball,2,13.6,West Indies,MN Samuels,LMP Simmons,SD Parry,1,0,"",""
ball,2,14.1,West Indies,MN Samuels,LMP Simmons,LJ Wright,6,0,"",""
ball,2,14.2,West Indies,MN Samuels,LMP Simmons,LJ Wright,4,0,"",""
ball,2,14.3,West Indies,MN Samuels,LMP Simmons,LJ Wright,1,0,"",""
ball,2,14.4,West Indies,LMP Simmons,MN Samuels,LJ Wright,0,0,caught,LMP Simmons
ball,2,14.5,West Indies,AD Russell,MN Samuels,LJ Wright,1,0,"",""
ball,2,14.6,West Indies,MN Samuels,AD Russell,LJ Wright,1,0,"",""
ball,2,15.1,West Indies,MN Samuels,AD Russell,RS Bopara,0,0,"",""
ball,2,15.2,West Indies,MN Samuels,AD Russell,RS Bopara,1,0,"",""
ball,2,15.3,West Indies,AD Russell,MN Samuels,RS Bopara,0,0,"",""
ball,2,15.4,West Indies,AD Russell,MN Samuels,RS Bopara,1,0,"",""
ball,2,15.5,West Indies,MN Samuels,AD Russell,RS Bopara,0,0,"",""
ball,2,15.6,West Indies,MN Samuels,AD Russell,RS Bopara,1,0,"",""
ball,2,16.1,West Indies,MN Samuels,AD Russell,TT Bresnan,0,0,caught,MN Samuels
ball,2,16.2,West Indies,AD Russell,DJG Sammy,TT Bresnan,0,0,caught,AD Russell
ball,2,16.3,West Indies,DJG Sammy,DJ Bravo,TT Bresnan,1,0,"",""
ball,2,16.4,West Indies,DJ Bravo,DJG Sammy,TT Bresnan,4,0,"",""
ball,2,16.5,West Indies,DJ Bravo,DJG Sammy,TT Bresnan,0,0,"",""
ball,2,16.6,West Indies,DJ Bravo,DJG Sammy,TT Bresnan,1,0,"",""
ball,2,17.1,West Indies,DJ Bravo,DJG Sammy,JW Dernbach,1,0,"",""
ball,2,17.2,West Indies,DJG Sammy,DJ Bravo,JW Dernbach,4,0,"",""
ball,2,17.3,West Indies,DJG Sammy,DJ Bravo,JW Dernbach,1,0,"",""
ball,2,17.4,West Indies,DJ Bravo,DJG Sammy,JW Dernbach,1,0,"",""
ball,2,17.5,West Indies,DJG Sammy,DJ Bravo,JW Dernbach,6,0,"",""
ball,2,17.6,West Indies,DJG Sammy,DJ Bravo,JW Dernbach,1,0,"",""
ball,2,18.1,West Indies,DJG Sammy,DJ Bravo,TT Bresnan,1,0,"",""
ball,2,18.2,West Indies,DJ Bravo,DJG Sammy,TT Bresnan,1,0,"",""
ball,2,18.3,West Indies,DJG Sammy,DJ Bravo,TT Bresnan,6,0,"",""
ball,2,18.4,West Indies,DJG Sammy,DJ Bravo,TT Bresnan,0,1,"",""
ball,2,18.5,West Indies,DJG Sammy,DJ Bravo,TT Bresnan,6,0,"",""
ball,2,18.6,West Indies,DJG Sammy,DJ Bravo,TT Bresnan,4,0,"",""
