version,1
info,team,New Zealand
info,team,Pakistan
info,gender,male
info,season,2014/15
info,date,2014/12/05
info,series,Pakistan v New Zealand T20I Series
info,match_number,2
info,venue,Dubai International Cricket Stadium
info,city,
info,neutralvenue,true
info,toss_winner,Pakistan
info,toss_decision,field
info,player_of_match,AP Devcich
info,umpire,Aleem Dar
info,umpire,Shozab Raza
info,reserve_umpire,Ahsan Raza
info,tv_umpire,Ahmed Shahab
info,match_referee,RS Mahanama
info,winner,New Zealand
info,winner_runs,17
ball,1,0.1,New Zealand,AP Devcich,KS Williamson,Anwar Ali,0,0,"",""
ball,1,0.2,New Zealand,AP Devcich,KS Williamson,Anwar Ali,0,0,"",""
ball,1,0.3,New Zealand,AP Devcich,KS Williamson,Anwar Ali,1,0,"",""
ball,1,0.4,New Zealand,KS Williamson,AP Devcich,Anwar Ali,0,0,"",""
ball,1,0.5,New Zealand,KS Williamson,AP Devcich,Anwar Ali,0,0,"",""
ball,1,0.6,New Zealand,KS Williamson,AP Devcich,Anwar Ali,0,0,"",""
ball,1,1.1,New Zealand,AP Devcich,KS Williamson,Sohail Tanvir,0,0,"",""
ball,1,1.2,New Zealand,AP Devcich,KS Williamson,Sohail Tanvir,0,0,"",""
ball,1,1.3,New Zealand,AP Devcich,KS Williamson,Sohail Tanvir,1,0,"",""
ball,1,1.4,New Zealand,KS Williamson,AP Devcich,Sohail Tanvir,1,0,"",""
ball,1,1.5,New Zealand,AP Devcich,KS Williamson,Sohail Tanvir,0,0,"",""
ball,1,1.6,New Zealand,AP Devcich,KS Williamson,Sohail Tanvir,0,0,"",""
ball,1,2.1,New Zealand,KS Williamson,AP Devcich,Anwar Ali,0,0,"",""
ball,1,2.2,New Zealand,KS Williamson,AP Devcich,Anwar Ali,4,0,"",""
ball,1,2.3,New Zealand,KS Williamson,AP Devcich,Anwar Ali,6,0,"",""
ball,1,2.4,New Zealand,KS Williamson,AP Devcich,Anwar Ali,1,0,"",""
ball,1,2.5,New Zealand,AP Devcich,KS Williamson,Anwar Ali,0,0,"",""
ball,1,2.6,New Zealand,AP Devcich,KS Williamson,Anwar Ali,0,1,"",""
ball,1,2.7,New Zealand,AP Devcich,KS Williamson,Anwar Ali,0,0,"",""
ball,1,3.1,New Zealand,KS Williamson,AP Devcich,Sohail Tanvir,0,0,"",""
ball,1,3.2,New Zealand,KS Williamson,AP Devcich,Sohail Tanvir,1,0,"",""
ball,1,3.3,New Zealand,AP Devcich,KS Williamson,Sohail Tanvir,0,0,"",""
ball,1,3.4,New Zealand,AP Devcich,KS Williamson,Sohail Tanvir,3,0,"",""
ball,1,3.5,New Zealand,KS Williamson,AP Devcich,Sohail Tanvir,1,0,"",""
ball,1,3.6,New Zealand,AP Devcich,KS Williamson,Sohail Tanvir,4,0,"",""
ball,1,4.1,New Zealand,KS Williamson,AP Devcich,Umar Gul,4,0,"",""
ball,1,4.2,New Zealand,KS Williamson,AP Devcich,Umar Gul,0,0,"",""
ball,1,4.3,New Zealand,KS Williamson,AP Devcich,Umar Gul,4,0,"",""
ball,1,4.4,New Zealand,KS Williamson,AP Devcich,Umar Gul,0,0,"",""
ball,1,4.5,New Zealand,KS Williamson,AP Devcich,Umar Gul,0,0,"",""
ball,1,4.6,New Zealand,KS Williamson,AP Devcich,Umar Gul,0,0,"",""
ball,1,5.1,New Zealand,AP Devcich,KS Williamson,Raza Hasan,4,0,"",""
ball,1,5.2,New Zealand,AP Devcich,KS Williamson,Raza Hasan,1,0,"",""
ball,1,5.3,New Zealand,KS Williamson,AP Devcich,Raza Hasan,0,0,"",""
ball,1,5.4,New Zealand,KS Williamson,AP Devcich,Raza Hasan,1,0,"",""
ball,1,5.5,New Zealand,AP Devcich,KS Williamson,Raza Hasan,4,0,"",""
ball,1,5.6,New Zealand,AP Devcich,KS Williamson,Raza Hasan,1,0,"",""
ball,1,6.1,New Zealand,AP Devcich,KS Williamson,Mohammad Hafeez,1,0,"",""
ball,1,6.2,New Zealand,KS Williamson,AP Devcich,Mohammad Hafeez,2,0,"",""
ball,1,6.3,New Zealand,KS Williamson,AP Devcich,Mohammad Hafeez,1,0,"",""
ball,1,6.4,New Zealand,AP Devcich,KS Williamson,Mohammad Hafeez,1,0,"",""
ball,1,6.5,New Zealand,KS Williamson,AP Devcich,Mohammad Hafeez,1,0,"",""
ball,1,6.6,New Zealand,AP Devcich,KS Williamson,Mohammad Hafeez,0,0,bowled,AP Devcich
ball,1,7.1,New Zealand,KS Williamson,DG Brownlie,Shahid Afridi,1,0,"",""
ball,1,7.2,New Zealand,DG Brownlie,KS Williamson,Shahid Afridi,0,0,"",""
ball,1,7.3,New Zealand,DG Brownlie,KS Williamson,Shahid Afridi,0,0,lbw,DG Brownlie
ball,1,7.4,New Zealand,LRPL Taylor,KS Williamson,Shahid Afridi,1,0,"",""
ball,1,7.5,New Zealand,KS Williamson,LRPL Taylor,Shahid Afridi,0,0,"",""
ball,1,7.6,New Zealand,KS Williamson,LRPL Taylor,Shahid Afridi,1,0,"",""
ball,1,8.1,New Zealand,KS Williamson,LRPL Taylor,Raza Hasan,1,0,"",""
ball,1,8.2,New Zealand,LRPL Taylor,KS Williamson,Raza Hasan,1,0,"",""
ball,1,8.3,New Zealand,KS Williamson,LRPL Taylor,Raza Hasan,1,0,"",""
ball,1,8.4,New Zealand,LRPL Taylor,KS Williamson,Raza Hasan,0,0,"",""
ball,1,8.5,New Zealand,LRPL Taylor,KS Williamson,Raza Hasan,0,0,"",""
ball,1,8.6,New Zealand,LRPL Taylor,KS Williamson,Raza Hasan,0,0,"",""
ball,1,9.1,New Zealand,KS Williamson,LRPL Taylor,Shahid Afridi,0,0,"",""
ball,1,9.2,New Zealand,KS Williamson,LRPL Taylor,Shahid Afridi,0,0,"",""
ball,1,9.3,New Zealand,KS Williamson,LRPL Taylor,Shahid Afridi,0,1,"",""
ball,1,9.4,New Zealand,KS Williamson,LRPL Taylor,Shahid Afridi,1,0,"",""
ball,1,9.5,New Zealand,LRPL Taylor,KS Williamson,Shahid Afridi,0,0,"",""
ball,1,9.6,New Zealand,LRPL Taylor,KS Williamson,Shahid Afridi,1,0,"",""
ball,1,9.7,New Zealand,KS Williamson,LRPL Taylor,Shahid Afridi,0,0,bowled,KS Williamson
ball,1,10.1,New Zealand,LRPL Taylor,TWM Latham,Umar Gul,1,0,"",""
ball,1,10.2,New Zealand,TWM Latham,LRPL Taylor,Umar Gul,0,0,"",""
ball,1,10.3,New Zealand,TWM Latham,LRPL Taylor,Umar Gul,0,0,"",""
ball,1,10.4,New Zealand,TWM Latham,LRPL Taylor,Umar Gul,1,0,"",""
ball,1,10.5,New Zealand,LRPL Taylor,TWM Latham,Umar Gul,1,0,"",""
ball,1,10.6,New Zealand,TWM Latham,LRPL Taylor,Umar Gul,1,0,"",""
ball,1,11.1,New Zealand,TWM Latham,LRPL Taylor,Mohammad Hafeez,2,0,"",""
ball,1,11.2,New Zealand,TWM Latham,LRPL Taylor,Mohammad Hafeez,1,0,"",""
ball,1,11.3,New Zealand,LRPL Taylor,TWM Latham,Mohammad Hafeez,1,0,"",""
ball,1,11.4,New Zealand,TWM Latham,LRPL Taylor,Mohammad Hafeez,4,0,"",""
ball,1,11.5,New Zealand,TWM Latham,LRPL Taylor,Mohammad Hafeez,2,0,"",""
ball,1,11.6,New Zealand,TWM Latham,LRPL Taylor,Mohammad Hafeez,4,0,"",""
ball,1,12.1,New Zealand,LRPL Taylor,TWM Latham,Raza Hasan,1,0,"",""
ball,1,12.2,New Zealand,TWM Latham,LRPL Taylor,Raza Hasan,0,0,"",""
ball,1,12.3,New Zealand,TWM Latham,LRPL Taylor,Raza Hasan,1,0,"",""
ball,1,12.4,New Zealand,LRPL Taylor,TWM Latham,Raza Hasan,0,0,"",""
ball,1,12.5,New Zealand,LRPL Taylor,TWM Latham,Raza Hasan,0,0,lbw,LRPL Taylor
ball,1,12.6,New Zealand,L Ronchi,TWM Latham,Raza Hasan,0,0,"",""
ball,1,13.1,New Zealand,TWM Latham,L Ronchi,Shahid Afridi,0,1,"",""
ball,1,13.2,New Zealand,TWM Latham,L Ronchi,Shahid Afridi,0,0,"",""
ball,1,13.3,New Zealand,TWM Latham,L Ronchi,Shahid Afridi,0,0,"",""
ball,1,13.4,New Zealand,TWM Latham,L Ronchi,Shahid Afridi,2,0,"",""
ball,1,13.5,New Zealand,TWM Latham,L Ronchi,Shahid Afridi,1,0,"",""
ball,1,13.6,New Zealand,L Ronchi,TWM Latham,Shahid Afridi,0,0,"",""
ball,1,13.7,New Zealand,L Ronchi,TWM Latham,Shahid Afridi,0,1,"",""
ball,1,13.8,New Zealand,L Ronchi,TWM Latham,Shahid Afridi,2,0,"",""
ball,1,14.1,New Zealand,TWM Latham,L Ronchi,Raza Hasan,1,0,"",""
ball,1,14.2,New Zealand,L Ronchi,TWM Latham,Raza Hasan,1,0,"",""
ball,1,14.3,New Zealand,TWM Latham,L Ronchi,Raza Hasan,0,0,"",""
ball,1,14.4,New Zealand,TWM Latham,L Ronchi,Raza Hasan,4,0,"",""
ball,1,14.5,New Zealand,TWM Latham,L Ronchi,Raza Hasan,1,0,"",""
ball,1,14.6,New Zealand,L Ronchi,TWM Latham,Raza Hasan,1,0,"",""
ball,1,15.1,New Zealand,L Ronchi,TWM Latham,Shahid Afridi,1,0,"",""
ball,1,15.2,New Zealand,TWM Latham,L Ronchi,Shahid Afridi,1,0,"",""
ball,1,15.3,New Zealand,L Ronchi,TWM Latham,Shahid Afridi,0,5,"",""
ball,1,15.4,New Zealand,L Ronchi,TWM Latham,Shahid Afridi,0,0,"",""
ball,1,15.5,New Zealand,L Ronchi,TWM Latham,Shahid Afridi,6,0,"",""
ball,1,15.6,New Zealand,L Ronchi,TWM Latham,Shahid Afridi,6,0,"",""
ball,1,15.7,New Zealand,L Ronchi,TWM Latham,Shahid Afridi,1,0,"",""
ball,1,16.1,New Zealand,L Ronchi,TWM Latham,Umar Gul,2,0,"",""
ball,1,16.2,New Zealand,L Ronchi,TWM Latham,Umar Gul,1,0,"",""
ball,1,16.3,New Zealand,TWM Latham,L Ronchi,Umar Gul,0,0,"",""
ball,1,16.4,New Zealand,TWM Latham,L Ronchi,Umar Gul,0,0,caught,TWM Latham
ball,1,16.5,New Zealand,L Ronchi,JDS Neesham,Umar Gul,0,0,"",""
ball,1,16.6,New Zealand,L Ronchi,JDS Neesham,Umar Gul,1,0,"",""
ball,1,17.1,New Zealand,L Ronchi,JDS Neesham,Sohail Tanvir,2,0,"",""
ball,1,17.2,New Zealand,L Ronchi,JDS Neesham,Sohail Tanvir,1,0,"",""
ball,1,17.3,New Zealand,JDS Neesham,L Ronchi,Sohail Tanvir,1,0,"",""
ball,1,17.4,New Zealand,L Ronchi,JDS Neesham,Sohail Tanvir,2,0,"",""
ball,1,17.5,New Zealand,L Ronchi,JDS Neesham,Sohail Tanvir,4,0,"",""
ball,1,17.6,New Zealand,L Ronchi,JDS Neesham,Sohail Tanvir,0,0,caught,L Ronchi
ball,1,18.1,New Zealand,DL Vettori,JDS Neesham,Umar Gul,0,0,"",""
ball,1,18.2,New Zealand,DL Vettori,JDS Neesham,Umar Gul,0,0,"",""
ball,1,18.3,New Zealand,DL Vettori,JDS Neesham,Umar Gul,0,0,bowled,DL Vettori
ball,1,18.4,New Zealand,NL McCullum,JDS Neesham,Umar Gul,2,0,"",""
ball,1,18.5,New Zealand,NL McCullum,JDS Neesham,Umar Gul,0,1,"",""
ball,1,18.6,New Zealand,NL McCullum,JDS Neesham,Umar Gul,1,0,"",""
ball,1,18.7,New Zealand,JDS Neesham,NL McCullum,Umar Gul,4,0,"",""
ball,1,19.1,New Zealand,NL McCullum,JDS Neesham,Sohail Tanvir,1,0,run out,NL McCullum
ball,1,19.2,New Zealand,KD Mills,JDS Neesham,Sohail Tanvir,1,0,"",""
ball,1,19.3,New Zealand,JDS Neesham,KD Mills,Sohail Tanvir,1,0,"",""
ball,1,19.4,New Zealand,KD Mills,JDS Neesham,Sohail Tanvir,1,0,"",""
ball,1,19.5,New Zealand,JDS Neesham,KD Mills,Sohail Tanvir,1,0,"",""
ball,1,19.6,New Zealand,KD Mills,JDS Neesham,Sohail Tanvir,4,0,"",""
ball,2,0.1,Pakistan,Sarfraz Ahmed,Ahmed Shehzad,AP Devcich,1,0,"",""
ball,2,0.2,Pakistan,Ahmed Shehzad,Sarfraz Ahmed,AP Devcich,1,0,"",""
ball,2,0.3,Pakistan,Sarfraz Ahmed,Ahmed Shehzad,AP Devcich,0,0,"",""
ball,2,0.4,Pakistan,Sarfraz Ahmed,Ahmed Shehzad,AP Devcich,0,0,lbw,Sarfraz Ahmed
ball,2,0.5,Pakistan,Mohammad Hafeez,Ahmed Shehzad,AP Devcich,1,0,"",""
ball,2,0.6,Pakistan,Ahmed Shehzad,Mohammad Hafeez,AP Devcich,0,0,"",""
ball,2,1.1,Pakistan,Mohammad Hafeez,Ahmed Shehzad,MJ Henry,0,0,"",""
ball,2,1.2,Pakistan,Mohammad Hafeez,Ahmed Shehzad,MJ Henry,0,0,"",""
ball,2,1.3,Pakistan,Mohammad Hafeez,Ahmed Shehzad,MJ Henry,4,0,"",""
ball,2,1.4,Pakistan,Mohammad Hafeez,Ahmed Shehzad,MJ Henry,4,0,"",""
ball,2,1.5,Pakistan,Mohammad Hafeez,Ahmed Shehzad,MJ Henry,0,4,"",""
ball,2,1.6,Pakistan,Mohammad Hafeez,Ahmed Shehzad,MJ Henry,0,0,"",""
ball,2,2.1,Pakistan,Ahmed Shehzad,Mohammad Hafeez,AP Devcich,2,0,"",""
ball,2,2.2,Pakistan,Ahmed Shehzad,Mohammad Hafeez,AP Devcich,1,0,"",""
ball,2,2.3,Pakistan,Mohammad Hafeez,Ahmed Shehzad,AP Devcich,0,0,caught and bowled,Mohammad Hafeez
ball,2,2.4,Pakistan,Haris Sohail,Ahmed Shehzad,AP Devcich,0,0,"",""
ball,2,2.5,Pakistan,Haris Sohail,Ahmed Shehzad,AP Devcich,0,0,"",""
ball,2,2.6,Pakistan,Haris Sohail,Ahmed Shehzad,AP Devcich,0,0,"",""
ball,2,3.1,Pakistan,Ahmed Shehzad,Haris Sohail,KD Mills,1,0,"",""
ball,2,3.2,Pakistan,Haris Sohail,Ahmed Shehzad,KD Mills,0,0,"",""
ball,2,3.3,Pakistan,Haris Sohail,Ahmed Shehzad,KD Mills,1,0,"",""
ball,2,3.4,Pakistan,Ahmed Shehzad,Haris Sohail,KD Mills,0,0,"",""
ball,2,3.5,Pakistan,Ahmed Shehzad,Haris Sohail,KD Mills,1,0,"",""
ball,2,3.6,Pakistan,Haris Sohail,Ahmed Shehzad,KD Mills,1,0,"",""
ball,2,4.1,Pakistan,Haris Sohail,Ahmed Shehzad,MJ Henry,0,0,"",""
ball,2,4.2,Pakistan,Haris Sohail,Ahmed Shehzad,MJ Henry,1,0,"",""
ball,2,4.3,Pakistan,Ahmed Shehzad,Haris Sohail,MJ Henry,0,1,"",""
ball,2,4.4,Pakistan,Haris Sohail,Ahmed Shehzad,MJ Henry,0,0,caught,Haris Sohail
ball,2,4.5,Pakistan,Ahmed Shehzad,Saad Nasim,MJ Henry,0,0,"",""
ball,2,4.6,Pakistan,Ahmed Shehzad,Saad Nasim,MJ Henry,0,0,"",""
ball,2,5.1,Pakistan,Saad Nasim,Ahmed Shehzad,KD Mills,0,0,"",""
ball,2,5.2,Pakistan,Saad Nasim,Ahmed Shehzad,KD Mills,1,0,"",""
ball,2,5.3,Pakistan,Ahmed Shehzad,Saad Nasim,KD Mills,1,0,"",""
ball,2,5.4,Pakistan,Saad Nasim,Ahmed Shehzad,KD Mills,6,0,"",""
ball,2,5.5,Pakistan,Saad Nasim,Ahmed Shehzad,KD Mills,0,0,"",""
ball,2,5.6,Pakistan,Saad Nasim,Ahmed Shehzad,KD Mills,0,0,"",""
ball,2,6.1,Pakistan,Ahmed Shehzad,Saad Nasim,AP Devcich,1,0,"",""
ball,2,6.2,Pakistan,Saad Nasim,Ahmed Shehzad,AP Devcich,1,0,"",""
ball,2,6.3,Pakistan,Ahmed Shehzad,Saad Nasim,AP Devcich,1,0,"",""
ball,2,6.4,Pakistan,Saad Nasim,Ahmed Shehzad,AP Devcich,1,0,"",""
ball,2,6.5,Pakistan,Ahmed Shehzad,Saad Nasim,AP Devcich,0,0,"",""
ball,2,6.6,Pakistan,Ahmed Shehzad,Saad Nasim,AP Devcich,1,0,"",""
ball,2,7.1,Pakistan,Ahmed Shehzad,Saad Nasim,NL McCullum,3,0,"",""
ball,2,7.2,Pakistan,Saad Nasim,Ahmed Shehzad,NL McCullum,1,0,"",""
ball,2,7.3,Pakistan,Ahmed Shehzad,Saad Nasim,NL McCullum,0,0,"",""
ball,2,7.4,Pakistan,Ahmed Shehzad,Saad Nasim,NL McCullum,1,0,"",""
ball,2,7.5,Pakistan,Saad Nasim,Ahmed Shehzad,NL McCullum,1,0,"",""
ball,2,7.6,Pakistan,Ahmed Shehzad,Saad Nasim,NL McCullum,2,0,"",""
ball,2,8.1,Pakistan,Saad Nasim,Ahmed Shehzad,DL Vettori,0,0,"",""
ball,2,8.2,Pakistan,Saad Nasim,Ahmed Shehzad,DL Vettori,1,0,"",""
ball,2,8.3,Pakistan,Ahmed Shehzad,Saad Nasim,DL Vettori,1,0,"",""
ball,2,8.4,Pakistan,Saad Nasim,Ahmed Shehzad,DL Vettori,1,0,"",""
ball,2,8.5,Pakistan,Ahmed Shehzad,Saad Nasim,DL Vettori,4,0,"",""
ball,2,8.6,Pakistan,Ahmed Shehzad,Saad Nasim,DL Vettori,0,0,"",""
ball,2,9.1,Pakistan,Saad Nasim,Ahmed Shehzad,NL McCullum,1,0,"",""
ball,2,9.2,Pakistan,Ahmed Shehzad,Saad Nasim,NL McCullum,1,0,"",""
ball,2,9.3,Pakistan,Saad Nasim,Ahmed Shehzad,NL McCullum,1,0,"",""
ball,2,9.4,Pakistan,Ahmed Shehzad,Saad Nasim,NL McCullum,1,0,"",""
ball,2,9.5,Pakistan,Saad Nasim,Ahmed Shehzad,NL McCullum,0,0,"",""
ball,2,9.6,Pakistan,Saad Nasim,Ahmed Shehzad,NL McCullum,1,0,"",""
ball,2,10.1,Pakistan,Saad Nasim,Ahmed Shehzad,DL Vettori,1,0,"",""
ball,2,10.2,Pakistan,Ahmed Shehzad,Saad Nasim,DL Vettori,0,0,"",""
ball,2,10.3,Pakistan,Ahmed Shehzad,Saad Nasim,DL Vettori,0,0,"",""
ball,2,10.4,Pakistan,Ahmed Shehzad,Saad Nasim,DL Vettori,2,0,"",""
ball,2,10.5,Pakistan,Ahmed Shehzad,Saad Nasim,DL Vettori,1,0,"",""
ball,2,10.6,Pakistan,Saad Nasim,Ahmed Shehzad,DL Vettori,1,0,"",""
ball,2,11.1,Pakistan,Saad Nasim,Ahmed Shehzad,JDS Neesham,0,0,"",""
ball,2,11.2,Pakistan,Saad Nasim,Ahmed Shehzad,JDS Neesham,1,0,"",""
ball,2,11.3,Pakistan,Ahmed Shehzad,Saad Nasim,JDS Neesham,1,0,"",""
ball,2,11.4,Pakistan,Saad Nasim,Ahmed Shehzad,JDS Neesham,0,0,caught,Saad Nasim
ball,2,11.5,Pakistan,Umar Akmal,Ahmed Shehzad,JDS Neesham,1,0,"",""
ball,2,11.6,Pakistan,Ahmed Shehzad,Umar Akmal,JDS Neesham,1,0,"",""
ball,2,12.1,Pakistan,Ahmed Shehzad,Umar Akmal,AP Devcich,1,0,"",""
ball,2,12.2,Pakistan,Umar Akmal,Ahmed Shehzad,AP Devcich,1,0,"",""
ball,2,12.3,Pakistan,Ahmed Shehzad,Umar Akmal,AP Devcich,1,0,"",""
ball,2,12.4,Pakistan,Umar Akmal,Ahmed Shehzad,AP Devcich,1,0,"",""
ball,2,12.5,Pakistan,Ahmed Shehzad,Umar Akmal,AP Devcich,1,0,"",""
ball,2,12.6,Pakistan,Umar Akmal,Ahmed Shehzad,AP Devcich,0,0,"",""
ball,2,13.1,Pakistan,Ahmed Shehzad,Umar Akmal,NL McCullum,1,0,"",""
ball,2,13.2,Pakistan,Umar Akmal,Ahmed Shehzad,NL McCullum,0,0,"",""
ball,2,13.3,Pakistan,Umar Akmal,Ahmed Shehzad,NL McCullum,0,0,"",""
ball,2,13.4,Pakistan,Umar Akmal,Ahmed Shehzad,NL McCullum,0,0,"",""
ball,2,13.5,Pakistan,Umar Akmal,Ahmed Shehzad,NL McCullum,1,0,"",""
ball,2,13.6,Pakistan,Ahmed Shehzad,Umar Akmal,NL McCullum,1,0,"",""
ball,2,14.1,Pakistan,Ahmed Shehzad,Umar Akmal,DL Vettori,0,0,bowled,Ahmed Shehzad
ball,2,14.2,Pakistan,Shahid Afridi,Umar Akmal,DL Vettori,0,1,"",""
ball,2,14.3,Pakistan,Umar Akmal,Shahid Afridi,DL Vettori,1,0,"",""
ball,2,14.4,Pakistan,Shahid Afridi,Umar Akmal,DL Vettori,6,0,"",""
ball,2,14.5,Pakistan,Shahid Afridi,Umar Akmal,DL Vettori,1,1,"",""
ball,2,14.6,Pakistan,Umar Akmal,Shahid Afridi,DL Vettori,1,0,"",""
ball,2,14.7,Pakistan,Shahid Afridi,Umar Akmal,DL Vettori,6,0,"",""
ball,2,15.1,Pakistan,Umar Akmal,Shahid Afridi,JDS Neesham,0,1,"",""
ball,2,15.2,Pakistan,Shahid Afridi,Umar Akmal,JDS Neesham,1,0,"",""
ball,2,15.3,Pakistan,Umar Akmal,Shahid Afridi,JDS Neesham,0,0,"",""
ball,2,15.4,Pakistan,Umar Akmal,Shahid Afridi,JDS Neesham,4,0,"",""
ball,2,15.5,Pakistan,Umar Akmal,Shahid Afridi,JDS Neesham,0,0,bowled,Umar Akmal
ball,2,15.6,Pakistan,Anwar Ali,Shahid Afridi,JDS Neesham,1,0,"",""
ball,2,16.1,Pakistan,Anwar Ali,Shahid Afridi,KD Mills,1,0,"",""
ball,2,16.2,Pakistan,Shahid Afridi,Anwar Ali,KD Mills,4,0,"",""
ball,2,16.3,Pakistan,Shahid Afridi,Anwar Ali,KD Mills,1,0,"",""
ball,2,16.4,Pakistan,Anwar Ali,Shahid Afridi,KD Mills,0,0,"",""
ball,2,16.5,Pakistan,Anwar Ali,Shahid Afridi,KD Mills,0,0,caught,Anwar Ali
ball,2,16.6,Pakistan,Shahid Afridi,Sohail Tanvir,KD Mills,2,0,"",""
ball,2,17.1,Pakistan,Sohail Tanvir,Shahid Afridi,JDS Neesham,4,0,"",""
ball,2,17.2,Pakistan,Sohail Tanvir,Shahid Afridi,JDS Neesham,0,1,"",""
ball,2,17.3,Pakistan,Sohail Tanvir,Shahid Afridi,JDS Neesham,1,0,"",""
ball,2,17.4,Pakistan,Shahid Afridi,Sohail Tanvir,JDS Neesham,1,0,"",""
ball,2,17.5,Pakistan,Sohail Tanvir,Shahid Afridi,JDS Neesham,0,1,"",""
ball,2,17.6,Pakistan,Sohail Tanvir,Shahid Afridi,JDS Neesham,1,0,"",""
ball,2,17.7,Pakistan,Shahid Afridi,Sohail Tanvir,JDS Neesham,6,0,"",""
ball,2,17.8,Pakistan,Shahid Afridi,Sohail Tanvir,JDS Neesham,0,0,caught,Shahid Afridi
ball,2,18.1,Pakistan,Sohail Tanvir,Umar Gul,KD Mills,1,0,"",""
ball,2,18.2,Pakistan,Umar Gul,Sohail Tanvir,KD Mills,0,0,"",""
ball,2,18.3,Pakistan,Umar Gul,Sohail Tanvir,KD Mills,0,0,caught,Umar Gul
ball,2,18.4,Pakistan,Sohail Tanvir,Raza Hasan,KD Mills,0,1,"",""
ball,2,18.5,Pakistan,Sohail Tanvir,Raza Hasan,KD Mills,4,0,"",""
ball,2,18.6,Pakistan,Sohail Tanvir,Raza Hasan,KD Mills,0,0,caught,Sohail Tanvir
