version,1
info,team,New Zealand
info,team,Pakistan
info,gender,male
info,season,2015/16
info,date,2016/01/17
info,series,Pakistan in New Zealand T20I Series
info,match_number,2
info,venue,Seddon Park
info,city,Hamilton
info,toss_winner,Pakistan
info,toss_decision,bat
info,player_of_match,MJ Guptill
info,umpire,BF Bowden
info,umpire,DJ Walker
info,reserve_umpire,CM Brown
info,tv_umpire,WR Knights
info,match_referee,DC Boon
info,winner,New Zealand
info,winner_wickets,10
ball,1,0.1,Pakistan,Mohammad Hafeez,Ahmed Shehzad,MJ Santner,0,0,"",""
ball,1,0.2,Pakistan,Mohammad Hafeez,Ahmed Shehzad,MJ Santner,6,0,"",""
ball,1,0.3,Pakistan,Mohammad Hafeez,Ahmed Shehzad,MJ Santner,0,0,"",""
ball,1,0.4,Pakistan,Mohammad Hafeez,Ahmed Shehzad,MJ Santner,0,0,"",""
ball,1,0.5,Pakistan,Mohammad Hafeez,Ahmed Shehzad,MJ Santner,0,1,"",""
ball,1,0.6,Pakistan,Mohammad Hafeez,Ahmed Shehzad,MJ Santner,0,0,"",""
ball,1,0.7,Pakistan,Mohammad Hafeez,Ahmed Shehzad,MJ Santner,4,0,"",""
ball,1,1.1,Pakistan,Ahmed Shehzad,Mohammad Hafeez,CJ Anderson,0,0,"",""
ball,1,1.2,Pakistan,Ahmed Shehzad,Mohammad Hafeez,CJ Anderson,1,0,"",""
ball,1,1.3,Pakistan,Mohammad Hafeez,Ahmed Shehzad,CJ Anderson,0,0,"",""
ball,1,1.4,Pakistan,Mohammad Hafeez,Ahmed Shehzad,CJ Anderson,0,0,"",""
ball,1,1.5,Pakistan,Mohammad Hafeez,Ahmed Shehzad,CJ Anderson,0,2,"",""
ball,1,1.6,Pakistan,Mohammad Hafeez,Ahmed Shehzad,CJ Anderson,0,0,"",""
ball,1,2.1,Pakistan,Ahmed Shehzad,Mohammad Hafeez,AF Milne,1,0,"",""
ball,1,2.2,Pakistan,Mohammad Hafeez,Ahmed Shehzad,AF Milne,1,0,"",""
ball,1,2.3,Pakistan,Ahmed Shehzad,Mohammad Hafeez,AF Milne,0,0,"",""
ball,1,2.4,Pakistan,Ahmed Shehzad,Mohammad Hafeez,AF Milne,4,0,"",""
ball,1,2.5,Pakistan,Ahmed Shehzad,Mohammad Hafeez,AF Milne,1,0,"",""
ball,1,2.6,Pakistan,Mohammad Hafeez,Ahmed Shehzad,AF Milne,1,0,"",""
ball,1,3.1,Pakistan,Mohammad Hafeez,Ahmed Shehzad,CJ Anderson,4,0,"",""
ball,1,3.2,Pakistan,Mohammad Hafeez,Ahmed Shehzad,CJ Anderson,0,0,"",""
ball,1,3.3,Pakistan,Mohammad Hafeez,Ahmed Shehzad,CJ Anderson,0,0,"",""
ball,1,3.4,Pakistan,Mohammad Hafeez,Ahmed Shehzad,CJ Anderson,1,0,"",""
ball,1,3.5,Pakistan,Ahmed Shehzad,Mohammad Hafeez,CJ Anderson,2,0,"",""
ball,1,3.6,Pakistan,Ahmed Shehzad,Mohammad Hafeez,CJ Anderson,0,0,caught,Ahmed Shehzad
ball,1,4.1,Pakistan,Mohammad Hafeez,Sohaib Maqsood,MJ McClenaghan,0,0,"",""
ball,1,4.2,Pakistan,Mohammad Hafeez,Sohaib Maqsood,MJ McClenaghan,0,0,"",""
ball,1,4.3,Pakistan,Mohammad Hafeez,Sohaib Maqsood,MJ McClenaghan,0,0,"",""
ball,1,4.4,Pakistan,Mohammad Hafeez,Sohaib Maqsood,MJ McClenaghan,0,0,"",""
ball,1,4.5,Pakistan,Mohammad Hafeez,Sohaib Maqsood,MJ McClenaghan,1,0,"",""
ball,1,4.6,Pakistan,Sohaib Maqsood,Mohammad Hafeez,MJ McClenaghan,0,0,"",""
ball,1,5.1,Pakistan,Mohammad Hafeez,Sohaib Maqsood,CJ Anderson,1,0,"",""
ball,1,5.2,Pakistan,Sohaib Maqsood,Mohammad Hafeez,CJ Anderson,0,0,"",""
ball,1,5.3,Pakistan,Sohaib Maqsood,Mohammad Hafeez,CJ Anderson,0,0,"",""
ball,1,5.4,Pakistan,Sohaib Maqsood,Mohammad Hafeez,CJ Anderson,0,0,"",""
ball,1,5.5,Pakistan,Sohaib Maqsood,Mohammad Hafeez,CJ Anderson,0,1,"",""
ball,1,5.6,Pakistan,Sohaib Maqsood,Mohammad Hafeez,CJ Anderson,2,0,"",""
ball,1,5.7,Pakistan,Sohaib Maqsood,Mohammad Hafeez,CJ Anderson,0,0,"",""
ball,1,6.1,Pakistan,Mohammad Hafeez,Sohaib Maqsood,MJ Santner,0,0,caught,Mohammad Hafeez
ball,1,6.2,Pakistan,Shoaib Malik,Sohaib Maqsood,MJ Santner,1,0,"",""
ball,1,6.3,Pakistan,Sohaib Maqsood,Shoaib Malik,MJ Santner,0,0,"",""
ball,1,6.4,Pakistan,Sohaib Maqsood,Shoaib Malik,MJ Santner,0,0,"",""
ball,1,6.5,Pakistan,Sohaib Maqsood,Shoaib Malik,MJ Santner,1,0,"",""
ball,1,6.6,Pakistan,Shoaib Malik,Sohaib Maqsood,MJ Santner,0,0,"",""
ball,1,7.1,Pakistan,Sohaib Maqsood,Shoaib Malik,TD Astle,1,0,"",""
ball,1,7.2,Pakistan,Shoaib Malik,Sohaib Maqsood,TD Astle,1,0,"",""
ball,1,7.3,Pakistan,Sohaib Maqsood,Shoaib Malik,TD Astle,6,0,"",""
ball,1,7.4,Pakistan,Sohaib Maqsood,Shoaib Malik,TD Astle,0,0,"",""
ball,1,7.5,Pakistan,Sohaib Maqsood,Shoaib Malik,TD Astle,4,0,"",""
ball,1,7.6,Pakistan,Sohaib Maqsood,Shoaib Malik,TD Astle,1,0,"",""
ball,1,8.1,Pakistan,Sohaib Maqsood,Shoaib Malik,MJ McClenaghan,0,0,"",""
ball,1,8.2,Pakistan,Sohaib Maqsood,Shoaib Malik,MJ McClenaghan,0,1,"",""
ball,1,8.3,Pakistan,Shoaib Malik,Sohaib Maqsood,MJ McClenaghan,1,0,"",""
ball,1,8.4,Pakistan,Sohaib Maqsood,Shoaib Malik,MJ McClenaghan,0,0,"",""
ball,1,8.5,Pakistan,Sohaib Maqsood,Shoaib Malik,MJ McClenaghan,1,0,"",""
ball,1,8.6,Pakistan,Shoaib Malik,Sohaib Maqsood,MJ McClenaghan,1,0,"",""
ball,1,9.1,Pakistan,Shoaib Malik,Sohaib Maqsood,GD Elliott,2,0,"",""
ball,1,9.2,Pakistan,Shoaib Malik,Sohaib Maqsood,GD Elliott,1,0,"",""
ball,1,9.3,Pakistan,Sohaib Maqsood,Shoaib Malik,GD Elliott,0,1,"",""
ball,1,9.4,Pakistan,Shoaib Malik,Sohaib Maqsood,GD Elliott,1,0,"",""
ball,1,9.5,Pakistan,Sohaib Maqsood,Shoaib Malik,GD Elliott,1,0,"",""
ball,1,9.6,Pakistan,Shoaib Malik,Sohaib Maqsood,GD Elliott,1,0,"",""
ball,1,10.1,Pakistan,Shoaib Malik,Sohaib Maqsood,AF Milne,0,0,"",""
ball,1,10.2,Pakistan,Shoaib Malik,Sohaib Maqsood,AF Milne,4,0,"",""
ball,1,10.3,Pakistan,Shoaib Malik,Sohaib Maqsood,AF Milne,0,0,"",""
ball,1,10.4,Pakistan,Shoaib Malik,Sohaib Maqsood,AF Milne,1,0,"",""
ball,1,10.5,Pakistan,Sohaib Maqsood,Shoaib Malik,AF Milne,0,1,"",""
ball,1,10.6,Pakistan,Sohaib Maqsood,Shoaib Malik,AF Milne,0,0,"",""
ball,1,10.7,Pakistan,Sohaib Maqsood,Shoaib Malik,AF Milne,1,0,"",""
ball,1,11.1,Pakistan,Sohaib Maqsood,Shoaib Malik,GD Elliott,0,0,caught,Sohaib Maqsood
ball,1,11.2,Pakistan,Shoaib Malik,Umar Akmal,GD Elliott,4,0,"",""
ball,1,11.3,Pakistan,Shoaib Malik,Umar Akmal,GD Elliott,1,0,"",""
ball,1,11.4,Pakistan,Umar Akmal,Shoaib Malik,GD Elliott,1,0,"",""
ball,1,11.5,Pakistan,Shoaib Malik,Umar Akmal,GD Elliott,1,0,"",""
ball,1,11.6,Pakistan,Umar Akmal,Shoaib Malik,GD Elliott,1,0,"",""
ball,1,12.1,Pakistan,Umar Akmal,Shoaib Malik,MJ Santner,1,0,"",""
ball,1,12.2,Pakistan,Shoaib Malik,Umar Akmal,MJ Santner,1,0,"",""
ball,1,12.3,Pakistan,Umar Akmal,Shoaib Malik,MJ Santner,6,0,"",""
ball,1,12.4,Pakistan,Umar Akmal,Shoaib Malik,MJ Santner,6,0,"",""
ball,1,12.5,Pakistan,Umar Akmal,Shoaib Malik,MJ Santner,0,1,"",""
ball,1,12.6,Pakistan,Umar Akmal,Shoaib Malik,MJ Santner,1,0,"",""
ball,1,12.7,Pakistan,Shoaib Malik,Umar Akmal,MJ Santner,0,0,"",""
ball,1,13.1,Pakistan,Umar Akmal,Shoaib Malik,GD Elliott,1,0,"",""
ball,1,13.2,Pakistan,Shoaib Malik,Umar Akmal,GD Elliott,4,0,"",""
ball,1,13.3,Pakistan,Shoaib Malik,Umar Akmal,GD Elliott,0,0,"",""
ball,1,13.4,Pakistan,Shoaib Malik,Umar Akmal,GD Elliott,4,0,"",""
ball,1,13.5,Pakistan,Shoaib Malik,Umar Akmal,GD Elliott,1,0,"",""
ball,1,13.6,Pakistan,Umar Akmal,Shoaib Malik,GD Elliott,1,0,"",""
ball,1,14.1,Pakistan,Umar Akmal,Shoaib Malik,CJ Anderson,4,0,"",""
ball,1,14.2,Pakistan,Umar Akmal,Shoaib Malik,CJ Anderson,0,1,"",""
ball,1,14.3,Pakistan,Umar Akmal,Shoaib Malik,CJ Anderson,1,0,"",""
ball,1,14.4,Pakistan,Shoaib Malik,Umar Akmal,CJ Anderson,1,0,"",""
ball,1,14.5,Pakistan,Umar Akmal,Shoaib Malik,CJ Anderson,1,0,"",""
ball,1,14.6,Pakistan,Shoaib Malik,Umar Akmal,CJ Anderson,4,0,"",""
ball,1,14.7,Pakistan,Shoaib Malik,Umar Akmal,CJ Anderson,0,1,"",""
ball,1,14.8,Pakistan,Shoaib Malik,Umar Akmal,CJ Anderson,1,0,"",""
ball,1,15.1,Pakistan,Shoaib Malik,Umar Akmal,GD Elliott,1,0,"",""
ball,1,15.2,Pakistan,Umar Akmal,Shoaib Malik,GD Elliott,1,0,"",""
ball,1,15.3,Pakistan,Shoaib Malik,Umar Akmal,GD Elliott,1,0,"",""
ball,1,15.4,Pakistan,Umar Akmal,Shoaib Malik,GD Elliott,2,0,"",""
ball,1,15.5,Pakistan,Umar Akmal,Shoaib Malik,GD Elliott,6,0,"",""
ball,1,15.6,Pakistan,Umar Akmal,Shoaib Malik,GD Elliott,0,0,"",""
ball,1,16.1,Pakistan,Shoaib Malik,Umar Akmal,MJ McClenaghan,1,0,"",""
ball,1,16.2,Pakistan,Umar Akmal,Shoaib Malik,MJ McClenaghan,0,0,"",""
ball,1,16.3,Pakistan,Umar Akmal,Shoaib Malik,MJ McClenaghan,1,0,"",""
ball,1,16.4,Pakistan,Shoaib Malik,Umar Akmal,MJ McClenaghan,0,1,"",""
ball,1,16.5,Pakistan,Shoaib Malik,Umar Akmal,MJ McClenaghan,0,0,"",""
ball,1,16.6,Pakistan,Shoaib Malik,Umar Akmal,MJ McClenaghan,0,0,bowled,Shoaib Malik
ball,1,16.7,Pakistan,Shahid Afridi,Umar Akmal,MJ McClenaghan,1,0,"",""
ball,1,17.1,Pakistan,Shahid Afridi,Umar Akmal,AF Milne,6,0,"",""
ball,1,17.2,Pakistan,Shahid Afridi,Umar Akmal,AF Milne,0,0,caught,Shahid Afridi
ball,1,17.3,Pakistan,Umar Akmal,Imad Wasim,AF Milne,1,0,"",""
ball,1,17.4,Pakistan,Imad Wasim,Umar Akmal,AF Milne,2,0,"",""
ball,1,17.5,Pakistan,Imad Wasim,Umar Akmal,AF Milne,0,0,"",""
ball,1,17.6,Pakistan,Imad Wasim,Umar Akmal,AF Milne,6,0,"",""
ball,1,18.1,Pakistan,Umar Akmal,Imad Wasim,MJ McClenaghan,4,0,"",""
ball,1,18.2,Pakistan,Umar Akmal,Imad Wasim,MJ McClenaghan,6,0,"",""
ball,1,18.3,Pakistan,Umar Akmal,Imad Wasim,MJ McClenaghan,4,0,"",""
ball,1,18.4,Pakistan,Umar Akmal,Imad Wasim,MJ McClenaghan,1,0,"",""
ball,1,18.5,Pakistan,Imad Wasim,Umar Akmal,MJ McClenaghan,0,0,caught,Imad Wasim
ball,1,18.6,Pakistan,Umar Akmal,Sarfraz Ahmed,MJ McClenaghan,0,0,"",""
ball,1,19.1,Pakistan,Sarfraz Ahmed,Umar Akmal,AF Milne,1,0,"",""
ball,1,19.2,Pakistan,Umar Akmal,Sarfraz Ahmed,AF Milne,0,0,"",""
ball,1,19.3,Pakistan,Umar Akmal,Sarfraz Ahmed,AF Milne,1,0,"",""
ball,1,19.4,Pakistan,Sarfraz Ahmed,Umar Akmal,AF Milne,0,0,run out,Sarfraz Ahmed
ball,1,19.5,Pakistan,Umar Akmal,Wahab Riaz,AF Milne,4,0,"",""
ball,1,19.6,Pakistan,Umar Akmal,Wahab Riaz,AF Milne,1,0,"",""
ball,2,0.1,New Zealand,MJ Guptill,KS Williamson,Umar Gul,0,0,"",""
ball,2,0.2,New Zealand,MJ Guptill,KS Williamson,Umar Gul,0,0,"",""
ball,2,0.3,New Zealand,MJ Guptill,KS Williamson,Umar Gul,3,0,"",""
ball,2,0.4,New Zealand,KS Williamson,MJ Guptill,Umar Gul,1,0,"",""
ball,2,0.5,New Zealand,MJ Guptill,KS Williamson,Umar Gul,0,0,"",""
ball,2,0.6,New Zealand,MJ Guptill,KS Williamson,Umar Gul,6,0,"",""
ball,2,1.1,New Zealand,KS Williamson,MJ Guptill,Mohammad Amir,0,0,"",""
ball,2,1.2,New Zealand,KS Williamson,MJ Guptill,Mohammad Amir,4,0,"",""
ball,2,1.3,New Zealand,KS Williamson,MJ Guptill,Mohammad Amir,1,0,"",""
ball,2,1.4,New Zealand,MJ Guptill,KS Williamson,Mohammad Amir,0,0,"",""
ball,2,1.5,New Zealand,MJ Guptill,KS Williamson,Mohammad Amir,1,0,"",""
ball,2,1.6,New Zealand,KS Williamson,MJ Guptill,Mohammad Amir,1,0,"",""
ball,2,2.1,New Zealand,KS Williamson,MJ Guptill,Imad Wasim,4,0,"",""
ball,2,2.2,New Zealand,KS Williamson,MJ Guptill,Imad Wasim,4,0,"",""
ball,2,2.3,New Zealand,KS Williamson,MJ Guptill,Imad Wasim,1,0,"",""
ball,2,2.4,New Zealand,MJ Guptill,KS Williamson,Imad Wasim,0,0,"",""
ball,2,2.5,New Zealand,MJ Guptill,KS Williamson,Imad Wasim,1,0,"",""
ball,2,2.6,New Zealand,KS Williamson,MJ Guptill,Imad Wasim,4,0,"",""
ball,2,3.1,New Zealand,MJ Guptill,KS Williamson,Shahid Afridi,4,0,"",""
ball,2,3.2,New Zealand,MJ Guptill,KS Williamson,Shahid Afridi,0,0,"",""
ball,2,3.3,New Zealand,MJ Guptill,KS Williamson,Shahid Afridi,0,0,"",""
ball,2,3.4,New Zealand,MJ Guptill,KS Williamson,Shahid Afridi,0,0,"",""
ball,2,3.5,New Zealand,MJ Guptill,KS Williamson,Shahid Afridi,0,0,"",""
ball,2,3.6,New Zealand,MJ Guptill,KS Williamson,Shahid Afridi,1,0,"",""
ball,2,4.1,New Zealand,MJ Guptill,KS Williamson,Mohammad Amir,4,0,"",""
ball,2,4.2,New Zealand,MJ Guptill,KS Williamson,Mohammad Amir,0,1,"",""
ball,2,4.3,New Zealand,KS Williamson,MJ Guptill,Mohammad Amir,0,0,"",""
ball,2,4.4,New Zealand,KS Williamson,MJ Guptill,Mohammad Amir,0,4,"",""
ball,2,4.5,New Zealand,KS Williamson,MJ Guptill,Mohammad Amir,4,0,"",""
ball,2,4.6,New Zealand,KS Williamson,MJ Guptill,Mohammad Amir,4,0,"",""
ball,2,5.1,New Zealand,MJ Guptill,KS Williamson,Shahid Afridi,1,0,"",""
ball,2,5.2,New Zealand,KS Williamson,MJ Guptill,Shahid Afridi,0,0,"",""
ball,2,5.3,New Zealand,KS Williamson,MJ Guptill,Shahid Afridi,1,0,"",""
ball,2,5.4,New Zealand,MJ Guptill,KS Williamson,Shahid Afridi,0,0,"",""
ball,2,5.5,New Zealand,MJ Guptill,KS Williamson,Shahid Afridi,4,0,"",""
ball,2,5.6,New Zealand,MJ Guptill,KS Williamson,Shahid Afridi,0,0,"",""
ball,2,6.1,New Zealand,KS Williamson,MJ Guptill,Wahab Riaz,1,0,"",""
ball,2,6.2,New Zealand,MJ Guptill,KS Williamson,Wahab Riaz,1,0,"",""
ball,2,6.3,New Zealand,KS Williamson,MJ Guptill,Wahab Riaz,0,0,"",""
ball,2,6.4,New Zealand,KS Williamson,MJ Guptill,Wahab Riaz,1,0,"",""
ball,2,6.5,New Zealand,MJ Guptill,KS Williamson,Wahab Riaz,0,0,"",""
ball,2,6.6,New Zealand,MJ Guptill,KS Williamson,Wahab Riaz,4,0,"",""
ball,2,7.1,New Zealand,KS Williamson,MJ Guptill,Imad Wasim,2,0,"",""
ball,2,7.2,New Zealand,KS Williamson,MJ Guptill,Imad Wasim,1,0,"",""
ball,2,7.3,New Zealand,MJ Guptill,KS Williamson,Imad Wasim,0,0,"",""
ball,2,7.4,New Zealand,MJ Guptill,KS Williamson,Imad Wasim,1,0,"",""
ball,2,7.5,New Zealand,KS Williamson,MJ Guptill,Imad Wasim,1,0,"",""
ball,2,7.6,New Zealand,MJ Guptill,KS Williamson,Imad Wasim,1,0,"",""
ball,2,8.1,New Zealand,MJ Guptill,KS Williamson,Wahab Riaz,1,0,"",""
ball,2,8.2,New Zealand,KS Williamson,MJ Guptill,Wahab Riaz,1,0,"",""
ball,2,8.3,New Zealand,MJ Guptill,KS Williamson,Wahab Riaz,0,0,"",""
ball,2,8.4,New Zealand,MJ Guptill,KS Williamson,Wahab Riaz,1,0,"",""
ball,2,8.5,New Zealand,KS Williamson,MJ Guptill,Wahab Riaz,2,0,"",""
ball,2,8.6,New Zealand,KS Williamson,MJ Guptill,Wahab Riaz,1,0,"",""
ball,2,9.1,New Zealand,KS Williamson,MJ Guptill,Imad Wasim,0,0,"",""
ball,2,9.2,New Zealand,KS Williamson,MJ Guptill,Imad Wasim,2,0,"",""
ball,2,9.3,New Zealand,KS Williamson,MJ Guptill,Imad Wasim,1,0,"",""
ball,2,9.4,New Zealand,MJ Guptill,KS Williamson,Imad Wasim,0,0,"",""
ball,2,9.5,New Zealand,MJ Guptill,KS Williamson,Imad Wasim,0,0,"",""
ball,2,9.6,New Zealand,MJ Guptill,KS Williamson,Imad Wasim,1,0,"",""
ball,2,10.1,New Zealand,MJ Guptill,KS Williamson,Umar Gul,0,1,"",""
ball,2,10.2,New Zealand,MJ Guptill,KS Williamson,Umar Gul,1,0,"",""
ball,2,10.3,New Zealand,KS Williamson,MJ Guptill,Umar Gul,0,1,"",""
ball,2,10.4,New Zealand,MJ Guptill,KS Williamson,Umar Gul,1,0,"",""
ball,2,10.5,New Zealand,KS Williamson,MJ Guptill,Umar Gul,4,0,"",""
ball,2,10.6,New Zealand,KS Williamson,MJ Guptill,Umar Gul,0,0,"",""
ball,2,10.7,New Zealand,KS Williamson,MJ Guptill,Umar Gul,1,0,"",""
ball,2,11.1,New Zealand,KS Williamson,MJ Guptill,Shahid Afridi,0,0,"",""
ball,2,11.2,New Zealand,KS Williamson,MJ Guptill,Shahid Afridi,1,0,"",""
ball,2,11.3,New Zealand,MJ Guptill,KS Williamson,Shahid Afridi,1,0,"",""
ball,2,11.4,New Zealand,KS Williamson,MJ Guptill,Shahid Afridi,1,0,"",""
ball,2,11.5,New Zealand,MJ Guptill,KS Williamson,Shahid Afridi,2,0,"",""
ball,2,11.6,New Zealand,MJ Guptill,KS Williamson,Shahid Afridi,4,0,"",""
ball,2,12.1,New Zealand,KS Williamson,MJ Guptill,Mohammad Amir,4,0,"",""
ball,2,12.2,New Zealand,KS Williamson,MJ Guptill,Mohammad Amir,1,0,"",""
ball,2,12.3,New Zealand,MJ Guptill,KS Williamson,Mohammad Amir,4,0,"",""
ball,2,12.4,New Zealand,MJ Guptill,KS Williamson,Mohammad Amir,4,0,"",""
ball,2,12.5,New Zealand,MJ Guptill,KS Williamson,Mohammad Amir,0,0,"",""
ball,2,12.6,New Zealand,MJ Guptill,KS Williamson,Mohammad Amir,2,0,"",""
ball,2,13.1,New Zealand,KS Williamson,MJ Guptill,Imad Wasim,0,0,"",""
ball,2,13.2,New Zealand,KS Williamson,MJ Guptill,Imad Wasim,1,0,"",""
ball,2,13.3,New Zealand,MJ Guptill,KS Williamson,Imad Wasim,4,0,"",""
ball,2,13.4,New Zealand,MJ Guptill,KS Williamson,Imad Wasim,1,0,"",""
ball,2,13.5,New Zealand,KS Williamson,MJ Guptill,Imad Wasim,1,0,"",""
ball,2,13.6,New Zealand,MJ Guptill,KS Williamson,Imad Wasim,1,0,"",""
ball,2,14.1,New Zealand,MJ Guptill,KS Williamson,Shahid Afridi,6,0,"",""
ball,2,14.2,New Zealand,MJ Guptill,KS Williamson,Shahid Afridi,6,0,"",""
ball,2,14.3,New Zealand,MJ Guptill,KS Williamson,Shahid Afridi,1,0,"",""
ball,2,14.4,New Zealand,KS Williamson,MJ Guptill,Shahid Afridi,4,0,"",""
ball,2,14.5,New Zealand,KS Williamson,MJ Guptill,Shahid Afridi,1,0,"",""
ball,2,14.6,New Zealand,MJ Guptill,KS Williamson,Shahid Afridi,0,0,"",""
ball,2,15.1,New Zealand,KS Williamson,MJ Guptill,Shoaib Malik,0,0,"",""
ball,2,15.2,New Zealand,KS Williamson,MJ Guptill,Shoaib Malik,0,0,"",""
ball,2,15.3,New Zealand,KS Williamson,MJ Guptill,Shoaib Malik,4,0,"",""
ball,2,15.4,New Zealand,KS Williamson,MJ Guptill,Shoaib Malik,1,0,"",""
ball,2,15.5,New Zealand,MJ Guptill,KS Williamson,Shoaib Malik,0,0,"",""
ball,2,15.6,New Zealand,MJ Guptill,KS Williamson,Shoaib Malik,2,0,"",""
ball,2,16.1,New Zealand,KS Williamson,MJ Guptill,Wahab Riaz,4,0,"",""
ball,2,16.2,New Zealand,KS Williamson,MJ Guptill,Wahab Riaz,1,0,"",""
ball,2,16.3,New Zealand,MJ Guptill,KS Williamson,Wahab Riaz,0,0,"",""
ball,2,16.4,New Zealand,MJ Guptill,KS Williamson,Wahab Riaz,6,0,"",""
ball,2,16.5,New Zealand,MJ Guptill,KS Williamson,Wahab Riaz,0,5,"",""
ball,2,16.6,New Zealand,MJ Guptill,KS Williamson,Wahab Riaz,0,0,"",""
ball,2,16.7,New Zealand,MJ Guptill,KS Williamson,Wahab Riaz,1,0,"",""
ball,2,17.1,New Zealand,MJ Guptill,KS Williamson,Shoaib Malik,0,0,"",""
ball,2,17.2,New Zealand,MJ Guptill,KS Williamson,Shoaib Malik,1,0,"",""
ball,2,17.3,New Zealand,KS Williamson,MJ Guptill,Shoaib Malik,1,0,"",""
ball,2,17.4,New Zealand,MJ Guptill,KS Williamson,Shoaib Malik,4,0,"",""
