version,1
info,team,India
info,team,West Indies
info,gender,male
info,season,2015/16
info,date,2016/03/31
info,competition,World T20
info,venue,Wankhede Stadium
info,city,Mumbai
info,toss_winner,West Indies
info,toss_decision,field
info,player_of_match,LMP Simmons
info,umpire,IJ Gould
info,umpire,RA Kettleborough
info,reserve_umpire,MA Gough
info,tv_umpire,M Erasmus
info,match_referee,BC Broad
info,winner,West Indies
info,winner_wickets,7
ball,1,0.1,India,RG Sharma,AM Rahane,AD Russell,0,0,"",""
ball,1,0.2,India,RG Sharma,AM Rahane,AD Russell,0,0,"",""
ball,1,0.3,India,RG Sharma,AM Rahane,AD Russell,0,0,"",""
ball,1,0.4,India,RG Sharma,AM Rahane,AD Russell,1,0,"",""
ball,1,0.5,India,AM Rahane,RG Sharma,AD Russell,1,0,"",""
ball,1,0.6,India,RG Sharma,AM Rahane,AD Russell,0,0,"",""
ball,1,1.1,India,AM Rahane,RG Sharma,S Badree,1,0,"",""
ball,1,1.2,India,RG Sharma,AM Rahane,S Badree,0,1,"",""
ball,1,1.3,India,AM Rahane,RG Sharma,S Badree,0,0,"",""
ball,1,1.4,India,AM Rahane,RG Sharma,S Badree,0,0,"",""
ball,1,1.5,India,AM Rahane,RG Sharma,S Badree,1,0,"",""
ball,1,1.6,India,RG Sharma,AM Rahane,S Badree,1,0,"",""
ball,1,2.1,India,RG Sharma,AM Rahane,CR Brathwaite,6,0,"",""
ball,1,2.2,India,RG Sharma,AM Rahane,CR Brathwaite,0,0,"",""
ball,1,2.3,India,RG Sharma,AM Rahane,CR Brathwaite,1,0,"",""
ball,1,2.4,India,AM Rahane,RG Sharma,CR Brathwaite,1,0,"",""
ball,1,2.5,India,RG Sharma,AM Rahane,CR Brathwaite,0,0,"",""
ball,1,2.6,India,RG Sharma,AM Rahane,CR Brathwaite,1,0,"",""
ball,1,3.1,India,RG Sharma,AM Rahane,SJ Benn,2,0,"",""
ball,1,3.2,India,RG Sharma,AM Rahane,SJ Benn,0,0,"",""
ball,1,3.3,India,RG Sharma,AM Rahane,SJ Benn,0,0,"",""
ball,1,3.4,India,RG Sharma,AM Rahane,SJ Benn,4,0,"",""
ball,1,3.5,India,RG Sharma,AM Rahane,SJ Benn,4,0,"",""
ball,1,3.6,India,RG Sharma,AM Rahane,SJ Benn,1,0,"",""
ball,1,4.1,India,RG Sharma,AM Rahane,S Badree,1,0,"",""
ball,1,4.2,India,AM Rahane,RG Sharma,S Badree,0,0,"",""
ball,1,4.3,India,AM Rahane,RG Sharma,S Badree,4,0,"",""
ball,1,4.4,India,AM Rahane,RG Sharma,S Badree,2,0,"",""
ball,1,4.5,India,AM Rahane,RG Sharma,S Badree,1,0,"",""
ball,1,4.6,India,RG Sharma,AM Rahane,S Badree,1,0,"",""
ball,1,5.1,India,RG Sharma,AM Rahane,AD Russell,0,0,"",""
ball,1,5.2,India,RG Sharma,AM Rahane,AD Russell,6,1,"",""
ball,1,5.3,India,RG Sharma,AM Rahane,AD Russell,6,0,"",""
ball,1,5.4,India,RG Sharma,AM Rahane,AD Russell,1,0,"",""
ball,1,5.5,India,AM Rahane,RG Sharma,AD Russell,1,0,"",""
ball,1,5.6,India,RG Sharma,AM Rahane,AD Russell,4,0,"",""
ball,1,5.7,India,RG Sharma,AM Rahane,AD Russell,1,0,"",""
ball,1,6.1,India,RG Sharma,AM Rahane,SJ Benn,0,0,"",""
ball,1,6.2,India,RG Sharma,AM Rahane,SJ Benn,1,0,"",""
ball,1,6.3,India,AM Rahane,RG Sharma,SJ Benn,1,0,"",""
ball,1,6.4,India,RG Sharma,AM Rahane,SJ Benn,1,0,"",""
ball,1,6.5,India,AM Rahane,RG Sharma,SJ Benn,2,0,"",""
ball,1,6.6,India,AM Rahane,RG Sharma,SJ Benn,2,0,"",""
ball,1,7.1,India,RG Sharma,AM Rahane,S Badree,0,0,"",""
ball,1,7.2,India,RG Sharma,AM Rahane,S Badree,0,0,lbw,RG Sharma
ball,1,7.3,India,V Kohli,AM Rahane,S Badree,1,0,"",""
ball,1,7.4,India,AM Rahane,V Kohli,S Badree,0,0,"",""
ball,1,7.5,India,AM Rahane,V Kohli,S Badree,2,0,"",""
ball,1,7.6,India,AM Rahane,V Kohli,S Badree,1,0,"",""
ball,1,8.1,India,AM Rahane,V Kohli,DJ Bravo,1,0,"",""
ball,1,8.2,India,V Kohli,AM Rahane,DJ Bravo,0,0,"",""
ball,1,8.3,India,V Kohli,AM Rahane,DJ Bravo,0,1,"",""
ball,1,8.4,India,V Kohli,AM Rahane,DJ Bravo,0,0,"",""
ball,1,8.5,India,V Kohli,AM Rahane,DJ Bravo,2,0,"",""
ball,1,8.6,India,V Kohli,AM Rahane,DJ Bravo,4,0,"",""
ball,1,8.7,India,V Kohli,AM Rahane,DJ Bravo,2,0,"",""
ball,1,9.1,India,AM Rahane,V Kohli,S Badree,0,1,"",""
ball,1,9.2,India,AM Rahane,V Kohli,S Badree,2,0,"",""
ball,1,9.3,India,AM Rahane,V Kohli,S Badree,0,0,"",""
ball,1,9.4,India,AM Rahane,V Kohli,S Badree,1,0,"",""
ball,1,9.5,India,V Kohli,AM Rahane,S Badree,1,0,"",""
ball,1,9.6,India,AM Rahane,V Kohli,S Badree,4,0,"",""
ball,1,9.7,India,AM Rahane,V Kohli,S Badree,1,0,"",""
ball,1,10.1,India,AM Rahane,V Kohli,CR Brathwaite,1,0,"",""
ball,1,10.2,India,V Kohli,AM Rahane,CR Brathwaite,1,0,"",""
ball,1,10.3,India,V Kohli,AM Rahane,CR Brathwaite,1,0,"",""
ball,1,10.4,India,AM Rahane,V Kohli,CR Brathwaite,0,0,"",""
ball,1,10.5,India,AM Rahane,V Kohli,CR Brathwaite,1,0,"",""
ball,1,10.6,India,V Kohli,AM Rahane,CR Brathwaite,1,0,"",""
ball,1,11.1,India,V Kohli,AM Rahane,SJ Benn,1,0,"",""
ball,1,11.2,India,AM Rahane,V Kohli,SJ Benn,2,0,"",""
ball,1,11.3,India,AM Rahane,V Kohli,SJ Benn,1,0,"",""
ball,1,11.4,India,V Kohli,AM Rahane,SJ Benn,1,0,"",""
ball,1,11.5,India,AM Rahane,V Kohli,SJ Benn,1,0,"",""
ball,1,11.6,India,V Kohli,AM Rahane,SJ Benn,1,0,"",""
ball,1,12.1,India,V Kohli,AM Rahane,DJ Bravo,1,0,"",""
ball,1,12.2,India,AM Rahane,V Kohli,DJ Bravo,1,0,"",""
ball,1,12.3,India,V Kohli,AM Rahane,DJ Bravo,2,0,"",""
ball,1,12.4,India,V Kohli,AM Rahane,DJ Bravo,4,0,"",""
ball,1,12.5,India,V Kohli,AM Rahane,DJ Bravo,2,0,"",""
ball,1,12.6,India,V Kohli,AM Rahane,DJ Bravo,1,0,"",""
ball,1,13.1,India,V Kohli,AM Rahane,SJ Benn,4,0,"",""
ball,1,13.2,India,V Kohli,AM Rahane,SJ Benn,1,0,"",""
ball,1,13.3,India,AM Rahane,V Kohli,SJ Benn,2,0,"",""
ball,1,13.4,India,AM Rahane,V Kohli,SJ Benn,1,0,"",""
ball,1,13.5,India,V Kohli,AM Rahane,SJ Benn,2,0,"",""
ball,1,13.6,India,V Kohli,AM Rahane,SJ Benn,1,0,"",""
ball,1,14.1,India,V Kohli,AM Rahane,CR Brathwaite,1,0,"",""
ball,1,14.2,India,AM Rahane,V Kohli,CR Brathwaite,1,0,"",""
ball,1,14.3,India,V Kohli,AM Rahane,CR Brathwaite,0,0,"",""
ball,1,14.4,India,V Kohli,AM Rahane,CR Brathwaite,4,0,"",""
ball,1,14.5,India,V Kohli,AM Rahane,CR Brathwaite,1,0,"",""
ball,1,14.6,India,AM Rahane,V Kohli,CR Brathwaite,0,0,"",""
ball,1,15.1,India,V Kohli,AM Rahane,AD Russell,0,0,"",""
ball,1,15.2,India,V Kohli,AM Rahane,AD Russell,1,0,"",""
ball,1,15.3,India,AM Rahane,V Kohli,AD Russell,0,0,caught,AM Rahane
ball,1,15.4,India,V Kohli,MS Dhoni,AD Russell,2,0,"",""
ball,1,15.5,India,V Kohli,MS Dhoni,AD Russell,1,0,"",""
ball,1,15.6,India,MS Dhoni,V Kohli,AD Russell,0,1,"",""
ball,1,15.7,India,MS Dhoni,V Kohli,AD Russell,1,0,"",""
ball,1,16.1,India,MS Dhoni,V Kohli,CR Brathwaite,4,0,"",""
ball,1,16.2,India,MS Dhoni,V Kohli,CR Brathwaite,2,0,"",""
ball,1,16.3,India,MS Dhoni,V Kohli,CR Brathwaite,1,0,"",""
ball,1,16.4,India,V Kohli,MS Dhoni,CR Brathwaite,4,0,"",""
ball,1,16.5,India,V Kohli,MS Dhoni,CR Brathwaite,2,0,"",""
ball,1,16.6,India,V Kohli,MS Dhoni,CR Brathwaite,4,0,"",""
ball,1,17.1,India,MS Dhoni,V Kohli,DJ Bravo,1,0,"",""
ball,1,17.2,India,V Kohli,MS Dhoni,DJ Bravo,1,0,"",""
ball,1,17.3,India,MS Dhoni,V Kohli,DJ Bravo,1,0,"",""
ball,1,17.4,India,V Kohli,MS Dhoni,DJ Bravo,4,0,"",""
ball,1,17.5,India,V Kohli,MS Dhoni,DJ Bravo,0,0,"",""
ball,1,17.6,India,V Kohli,MS Dhoni,DJ Bravo,4,0,"",""
ball,1,18.1,India,MS Dhoni,V Kohli,AD Russell,1,0,"",""
ball,1,18.2,India,V Kohli,MS Dhoni,AD Russell,2,0,"",""
ball,1,18.3,India,V Kohli,MS Dhoni,AD Russell,6,0,"",""
ball,1,18.4,India,V Kohli,MS Dhoni,AD Russell,2,0,"",""
ball,1,18.5,India,V Kohli,MS Dhoni,AD Russell,4,0,"",""
ball,1,18.6,India,V Kohli,MS Dhoni,AD Russell,4,0,"",""
ball,1,19.1,India,MS Dhoni,V Kohli,DJ Bravo,1,0,"",""
ball,1,19.2,India,V Kohli,MS Dhoni,DJ Bravo,2,0,"",""
ball,1,19.3,India,V Kohli,MS Dhoni,DJ Bravo,1,0,"",""
ball,1,19.4,India,MS Dhoni,V Kohli,DJ Bravo,3,0,"",""
ball,1,19.5,India,V Kohli,MS Dhoni,DJ Bravo,4,0,"",""
ball,1,19.6,India,V Kohli,MS Dhoni,DJ Bravo,1,0,"",""
ball,2,0.1,West Indies,J Charles,CH Gayle,A Nehra,1,0,"",""
ball,2,0.2,West Indies,CH Gayle,J Charles,A Nehra,0,0,"",""
ball,2,0.3,West Indies,CH Gayle,J Charles,A Nehra,0,0,"",""
ball,2,0.4,West Indies,CH Gayle,J Charles,A Nehra,0,0,"",""
ball,2,0.5,West Indies,CH Gayle,J Charles,A Nehra,4,0,"",""
ball,2,0.6,West Indies,CH Gayle,J Charles,A Nehra,1,0,"",""
ball,2,1.1,West Indies,CH Gayle,J Charles,JJ Bumrah,0,0,bowled,CH Gayle
ball,2,1.2,West Indies,MN Samuels,J Charles,JJ Bumrah,0,0,"",""
ball,2,1.3,West Indies,MN Samuels,J Charles,JJ Bumrah,4,0,"",""
ball,2,1.4,West Indies,MN Samuels,J Charles,JJ Bumrah,0,0,"",""
ball,2,1.5,West Indies,MN Samuels,J Charles,JJ Bumrah,0,0,"",""
ball,2,1.6,West Indies,MN Samuels,J Charles,JJ Bumrah,4,0,"",""
ball,2,2.1,West Indies,J Charles,MN Samuels,A Nehra,4,0,"",""
ball,2,2.2,West Indies,J Charles,MN Samuels,A Nehra,0,0,"",""
ball,2,2.3,West Indies,J Charles,MN Samuels,A Nehra,0,0,"",""
ball,2,2.4,West Indies,J Charles,MN Samuels,A Nehra,0,1,"",""
ball,2,2.5,West Indies,MN Samuels,J Charles,A Nehra,0,0,"",""
ball,2,2.6,West Indies,MN Samuels,J Charles,A Nehra,0,0,caught,MN Samuels
ball,2,3.1,West Indies,J Charles,LMP Simmons,JJ Bumrah,4,0,"",""
ball,2,3.2,West Indies,J Charles,LMP Simmons,JJ Bumrah,4,0,"",""
ball,2,3.3,West Indies,J Charles,LMP Simmons,JJ Bumrah,0,0,"",""
ball,2,3.4,West Indies,J Charles,LMP Simmons,JJ Bumrah,1,0,"",""
ball,2,3.5,West Indies,LMP Simmons,J Charles,JJ Bumrah,0,0,"",""
ball,2,3.6,West Indies,LMP Simmons,J Charles,JJ Bumrah,0,0,"",""
ball,2,4.1,West Indies,J Charles,LMP Simmons,A Nehra,0,0,"",""
ball,2,4.2,West Indies,J Charles,LMP Simmons,A Nehra,0,0,"",""
ball,2,4.3,West Indies,J Charles,LMP Simmons,A Nehra,0,0,"",""
ball,2,4.4,West Indies,J Charles,LMP Simmons,A Nehra,1,0,"",""
ball,2,4.5,West Indies,LMP Simmons,J Charles,A Nehra,4,0,"",""
ball,2,4.6,West Indies,LMP Simmons,J Charles,A Nehra,0,0,"",""
ball,2,5.1,West Indies,J Charles,LMP Simmons,RA Jadeja,1,0,"",""
ball,2,5.2,West Indies,LMP Simmons,J Charles,RA Jadeja,2,0,"",""
ball,2,5.3,West Indies,LMP Simmons,J Charles,RA Jadeja,6,0,"",""
ball,2,5.4,West Indies,LMP Simmons,J Charles,RA Jadeja,0,0,"",""
ball,2,5.5,West Indies,LMP Simmons,J Charles,RA Jadeja,0,0,"",""
ball,2,5.6,West Indies,LMP Simmons,J Charles,RA Jadeja,2,0,"",""
ball,2,6.1,West Indies,J Charles,LMP Simmons,R Ashwin,1,0,"",""
ball,2,6.2,West Indies,LMP Simmons,J Charles,R Ashwin,4,0,"",""
ball,2,6.3,West Indies,LMP Simmons,J Charles,R Ashwin,0,0,"",""
ball,2,6.4,West Indies,LMP Simmons,J Charles,R Ashwin,0,0,"",""
ball,2,6.5,West Indies,LMP Simmons,J Charles,R Ashwin,0,1,"",""
ball,2,6.6,West Indies,LMP Simmons,J Charles,R Ashwin,0,0,"",""
ball,2,6.7,West Indies,LMP Simmons,J Charles,R Ashwin,1,0,"",""
ball,2,7.1,West Indies,LMP Simmons,J Charles,HH Pandya,1,0,"",""
ball,2,7.2,West Indies,J Charles,LMP Simmons,HH Pandya,1,0,"",""
ball,2,7.3,West Indies,LMP Simmons,J Charles,HH Pandya,1,0,"",""
ball,2,7.4,West Indies,J Charles,LMP Simmons,HH Pandya,0,0,"",""
ball,2,7.5,West Indies,J Charles,LMP Simmons,HH Pandya,4,0,"",""
ball,2,7.6,West Indies,J Charles,LMP Simmons,HH Pandya,1,0,"",""
ball,2,8.1,West Indies,J Charles,LMP Simmons,R Ashwin,6,0,"",""
ball,2,8.2,West Indies,J Charles,LMP Simmons,R Ashwin,0,0,"",""
ball,2,8.3,West Indies,J Charles,LMP Simmons,R Ashwin,4,0,"",""
ball,2,8.4,West Indies,J Charles,LMP Simmons,R Ashwin,1,0,"",""
ball,2,8.5,West Indies,LMP Simmons,J Charles,R Ashwin,0,0,"",""
ball,2,8.6,West Indies,LMP Simmons,J Charles,R Ashwin,2,0,"",""
ball,2,9.1,West Indies,J Charles,LMP Simmons,HH Pandya,0,0,"",""
ball,2,9.2,West Indies,J Charles,LMP Simmons,HH Pandya,6,0,"",""
ball,2,9.3,West Indies,J Charles,LMP Simmons,HH Pandya,4,0,"",""
ball,2,9.4,West Indies,J Charles,LMP Simmons,HH Pandya,1,0,"",""
ball,2,9.5,West Indies,LMP Simmons,J Charles,HH Pandya,0,1,"",""
ball,2,9.6,West Indies,J Charles,LMP Simmons,HH Pandya,0,0,"",""
ball,2,10.1,West Indies,LMP Simmons,J Charles,RA Jadeja,6,0,"",""
ball,2,10.2,West Indies,LMP Simmons,J Charles,RA Jadeja,0,0,"",""
ball,2,10.3,West Indies,LMP Simmons,J Charles,RA Jadeja,4,0,"",""
ball,2,10.4,West Indies,LMP Simmons,J Charles,RA Jadeja,1,0,"",""
ball,2,10.5,West Indies,J Charles,LMP Simmons,RA Jadeja,1,0,"",""
ball,2,10.6,West Indies,LMP Simmons,J Charles,RA Jadeja,1,0,"",""
ball,2,11.1,West Indies,LMP Simmons,J Charles,HH Pandya,1,0,"",""
ball,2,11.2,West Indies,J Charles,LMP Simmons,HH Pandya,4,0,"",""
ball,2,11.3,West Indies,J Charles,LMP Simmons,HH Pandya,0,0,"",""
ball,2,11.4,West Indies,J Charles,LMP Simmons,HH Pandya,0,0,"",""
ball,2,11.5,West Indies,J Charles,LMP Simmons,HH Pandya,0,1,"",""
ball,2,11.6,West Indies,LMP Simmons,J Charles,HH Pandya,1,0,"",""
ball,2,12.1,West Indies,LMP Simmons,J Charles,RA Jadeja,1,0,"",""
ball,2,12.2,West Indies,J Charles,LMP Simmons,RA Jadeja,1,0,"",""
ball,2,12.3,West Indies,LMP Simmons,J Charles,RA Jadeja,4,0,"",""
ball,2,12.4,West Indies,LMP Simmons,J Charles,RA Jadeja,1,0,"",""
ball,2,12.5,West Indies,J Charles,LMP Simmons,RA Jadeja,1,0,"",""
ball,2,12.6,West Indies,LMP Simmons,J Charles,RA Jadeja,4,0,"",""
ball,2,13.1,West Indies,J Charles,LMP Simmons,V Kohli,0,0,caught,J Charles
ball,2,13.2,West Indies,LMP Simmons,AD Russell,V Kohli,0,0,"",""
ball,2,13.3,West Indies,LMP Simmons,AD Russell,V Kohli,0,0,"",""
ball,2,13.4,West Indies,LMP Simmons,AD Russell,V Kohli,2,0,"",""
ball,2,13.5,West Indies,LMP Simmons,AD Russell,V Kohli,1,0,"",""
ball,2,13.6,West Indies,AD Russell,LMP Simmons,V Kohli,1,0,"",""
ball,2,14.1,West Indies,AD Russell,LMP Simmons,HH Pandya,4,0,"",""
ball,2,14.2,West Indies,AD Russell,LMP Simmons,HH Pandya,0,0,"",""
ball,2,14.3,West Indies,AD Russell,LMP Simmons,HH Pandya,6,0,"",""
ball,2,14.4,West Indies,AD Russell,LMP Simmons,HH Pandya,0,0,"",""
ball,2,14.5,West Indies,AD Russell,LMP Simmons,HH Pandya,1,0,"",""
ball,2,14.6,West Indies,LMP Simmons,AD Russell,HH Pandya,0,1,"",""
ball,2,14.7,West Indies,LMP Simmons,AD Russell,HH Pandya,6,0,"",""
ball,2,15.1,West Indies,AD Russell,LMP Simmons,JJ Bumrah,1,0,"",""
ball,2,15.2,West Indies,LMP Simmons,AD Russell,JJ Bumrah,0,0,"",""
ball,2,15.3,West Indies,LMP Simmons,AD Russell,JJ Bumrah,4,0,"",""
ball,2,15.4,West Indies,LMP Simmons,AD Russell,JJ Bumrah,1,0,"",""
ball,2,15.5,West Indies,AD Russell,LMP Simmons,JJ Bumrah,1,0,"",""
ball,2,15.6,West Indies,LMP Simmons,AD Russell,JJ Bumrah,6,0,"",""
ball,2,16.1,West Indies,AD Russell,LMP Simmons,A Nehra,1,0,"",""
ball,2,16.2,West Indies,LMP Simmons,AD Russell,A Nehra,0,1,"",""
ball,2,16.3,West Indies,AD Russell,LMP Simmons,A Nehra,0,0,"",""
ball,2,16.4,West Indies,AD Russell,LMP Simmons,A Nehra,6,0,"",""
ball,2,16.5,West Indies,AD Russell,LMP Simmons,A Nehra,1,0,"",""
ball,2,16.6,West Indies,LMP Simmons,AD Russell,A Nehra,1,0,"",""
ball,2,17.1,West Indies,LMP Simmons,AD Russell,JJ Bumrah,0,0,"",""
ball,2,17.2,West Indies,LMP Simmons,AD Russell,JJ Bumrah,0,0,"",""
ball,2,17.3,West Indies,LMP Simmons,AD Russell,JJ Bumrah,0,0,"",""
ball,2,17.4,West Indies,LMP Simmons,AD Russell,JJ Bumrah,6,0,"",""
ball,2,17.5,West Indies,LMP Simmons,AD Russell,JJ Bumrah,2,0,"",""
ball,2,17.6,West Indies,LMP Simmons,AD Russell,JJ Bumrah,4,0,"",""
ball,2,18.1,West Indies,AD Russell,LMP Simmons,RA Jadeja,0,0,"",""
ball,2,18.2,West Indies,AD Russell,LMP Simmons,RA Jadeja,1,0,"",""
ball,2,18.3,West Indies,LMP Simmons,AD Russell,RA Jadeja,1,0,"",""
ball,2,18.4,West Indies,AD Russell,LMP Simmons,RA Jadeja,0,0,"",""
ball,2,18.5,West Indies,AD Russell,LMP Simmons,RA Jadeja,6,0,"",""
ball,2,18.6,West Indies,AD Russell,LMP Simmons,RA Jadeja,4,0,"",""
ball,2,19.1,West Indies,LMP Simmons,AD Russell,V Kohli,1,0,"",""
ball,2,19.2,West Indies,AD Russell,LMP Simmons,V Kohli,0,0,"",""
ball,2,19.3,West Indies,AD Russell,LMP Simmons,V Kohli,4,0,"",""
ball,2,19.4,West Indies,AD Russell,LMP Simmons,V Kohli,6,0,"",""
