version,1
info,team,Bangladesh
info,team,Oman
info,gender,male
info,season,2015/16
info,date,2016/03/13
info,competition,World T20
info,match_number,12
info,venue,Himachal Pradesh Cricket Association Stadium
info,city,Dharamsala
info,neutralvenue,true
info,toss_winner,Oman
info,toss_decision,field
info,player_of_match,Tamim Iqbal
info,umpire,CB Gaffaney
info,umpire,RJ Tucker
info,reserve_umpire,S Ravi
info,tv_umpire,NJ Llong
info,match_referee,AJ Pycroft
info,winner,Bangladesh
info,winner_runs,54
info,method,D/L
ball,1,0.1,Bangladesh,Tamim Iqbal,Soumya Sarkar,Bilal Khan,0,0,"",""
ball,1,0.2,Bangladesh,Tamim Iqbal,Soumya Sarkar,Bilal Khan,0,0,"",""
ball,1,0.3,Bangladesh,Tamim Iqbal,Soumya Sarkar,Bilal Khan,0,0,"",""
ball,1,0.4,Bangladesh,Tamim Iqbal,Soumya Sarkar,Bilal Khan,0,0,"",""
ball,1,0.5,Bangladesh,Tamim Iqbal,Soumya Sarkar,Bilal Khan,1,0,"",""
ball,1,0.6,Bangladesh,Soumya Sarkar,Tamim Iqbal,Bilal Khan,0,0,"",""
ball,1,1.1,Bangladesh,Tamim Iqbal,Soumya Sarkar,Amir Ali,0,1,"",""
ball,1,1.2,Bangladesh,Tamim Iqbal,Soumya Sarkar,Amir Ali,2,0,"",""
ball,1,1.3,Bangladesh,Tamim Iqbal,Soumya Sarkar,Amir Ali,1,0,"",""
ball,1,1.4,Bangladesh,Soumya Sarkar,Tamim Iqbal,Amir Ali,1,0,"",""
ball,1,1.5,Bangladesh,Tamim Iqbal,Soumya Sarkar,Amir Ali,4,0,"",""
ball,1,1.6,Bangladesh,Tamim Iqbal,Soumya Sarkar,Amir Ali,1,0,"",""
ball,1,1.7,Bangladesh,Soumya Sarkar,Tamim Iqbal,Amir Ali,1,0,"",""
ball,1,2.1,Bangladesh,Soumya Sarkar,Tamim Iqbal,Bilal Khan,0,0,"",""
ball,1,2.2,Bangladesh,Soumya Sarkar,Tamim Iqbal,Bilal Khan,0,0,"",""
ball,1,2.3,Bangladesh,Soumya Sarkar,Tamim Iqbal,Bilal Khan,0,0,"",""
ball,1,2.4,Bangladesh,Soumya Sarkar,Tamim Iqbal,Bilal Khan,0,0,"",""
ball,1,2.5,Bangladesh,Soumya Sarkar,Tamim Iqbal,Bilal Khan,4,0,"",""
ball,1,2.6,Bangladesh,Soumya Sarkar,Tamim Iqbal,Bilal Khan,0,0,"",""
ball,1,3.1,Bangladesh,Tamim Iqbal,Soumya Sarkar,Amir Ali,0,0,"",""
ball,1,3.2,Bangladesh,Tamim Iqbal,Soumya Sarkar,Amir Ali,1,0,"",""
ball,1,3.3,Bangladesh,Soumya Sarkar,Tamim Iqbal,Amir Ali,0,0,"",""
ball,1,3.4,Bangladesh,Soumya Sarkar,Tamim Iqbal,Amir Ali,0,0,"",""
ball,1,3.5,Bangladesh,Soumya Sarkar,Tamim Iqbal,Amir Ali,0,0,"",""
ball,1,3.6,Bangladesh,Soumya Sarkar,Tamim Iqbal,Amir Ali,2,0,"",""
ball,1,4.1,Bangladesh,Tamim Iqbal,Soumya Sarkar,AV Lalcheta,0,0,"",""
ball,1,4.2,Bangladesh,Tamim Iqbal,Soumya Sarkar,AV Lalcheta,4,0,"",""
ball,1,4.3,Bangladesh,Tamim Iqbal,Soumya Sarkar,AV Lalcheta,1,0,"",""
ball,1,4.4,Bangladesh,Soumya Sarkar,Tamim Iqbal,AV Lalcheta,0,0,"",""
ball,1,4.5,Bangladesh,Soumya Sarkar,Tamim Iqbal,AV Lalcheta,0,0,"",""
ball,1,4.6,Bangladesh,Soumya Sarkar,Tamim Iqbal,AV Lalcheta,0,0,"",""
ball,1,5.1,Bangladesh,Tamim Iqbal,Soumya Sarkar,Amir Ali,1,0,"",""
ball,1,5.2,Bangladesh,Soumya Sarkar,Tamim Iqbal,Amir Ali,0,0,"",""
ball,1,5.3,Bangladesh,Soumya Sarkar,Tamim Iqbal,Amir Ali,4,0,"",""
ball,1,5.4,Bangladesh,Soumya Sarkar,Tamim Iqbal,Amir Ali,0,0,"",""
ball,1,5.5,Bangladesh,Soumya Sarkar,Tamim Iqbal,Amir Ali,0,0,"",""
ball,1,5.6,Bangladesh,Soumya Sarkar,Tamim Iqbal,Amir Ali,0,0,"",""
ball,1,6.1,Bangladesh,Tamim Iqbal,Soumya Sarkar,AV Lalcheta,2,0,"",""
ball,1,6.2,Bangladesh,Tamim Iqbal,Soumya Sarkar,AV Lalcheta,4,0,"",""
ball,1,6.3,Bangladesh,Tamim Iqbal,Soumya Sarkar,AV Lalcheta,6,0,"",""
ball,1,6.4,Bangladesh,Tamim Iqbal,Soumya Sarkar,AV Lalcheta,1,0,"",""
ball,1,6.5,Bangladesh,Soumya Sarkar,Tamim Iqbal,AV Lalcheta,0,0,bowled,Soumya Sarkar
ball,1,6.6,Bangladesh,Sabbir Rahman,Tamim Iqbal,AV Lalcheta,1,0,"",""
ball,1,7.1,Bangladesh,Sabbir Rahman,Tamim Iqbal,Amir Ali,1,0,"",""
ball,1,7.2,Bangladesh,Tamim Iqbal,Sabbir Rahman,Amir Ali,1,0,"",""
ball,1,7.3,Bangladesh,Sabbir Rahman,Tamim Iqbal,Amir Ali,4,0,"",""
ball,1,7.4,Bangladesh,Sabbir Rahman,Tamim Iqbal,Amir Ali,1,0,"",""
ball,1,7.5,Bangladesh,Tamim Iqbal,Sabbir Rahman,Amir Ali,1,0,"",""
ball,1,7.6,Bangladesh,Sabbir Rahman,Tamim Iqbal,Amir Ali,1,0,"",""
ball,1,8.1,Bangladesh,Sabbir Rahman,Tamim Iqbal,M Ansari,0,0,"",""
ball,1,8.2,Bangladesh,Sabbir Rahman,Tamim Iqbal,M Ansari,1,0,"",""
ball,1,8.3,Bangladesh,Tamim Iqbal,Sabbir Rahman,M Ansari,0,0,"",""
ball,1,8.4,Bangladesh,Tamim Iqbal,Sabbir Rahman,M Ansari,1,0,"",""
ball,1,8.5,Bangladesh,Sabbir Rahman,Tamim Iqbal,M Ansari,4,0,"",""
ball,1,8.6,Bangladesh,Sabbir Rahman,Tamim Iqbal,M Ansari,0,1,"",""
ball,1,9.1,Bangladesh,Sabbir Rahman,Tamim Iqbal,Mehran Khan,0,0,"",""
ball,1,9.2,Bangladesh,Sabbir Rahman,Tamim Iqbal,Mehran Khan,1,0,"",""
ball,1,9.3,Bangladesh,Tamim Iqbal,Sabbir Rahman,Mehran Khan,1,0,"",""
ball,1,9.4,Bangladesh,Sabbir Rahman,Tamim Iqbal,Mehran Khan,4,0,"",""
ball,1,9.5,Bangladesh,Sabbir Rahman,Tamim Iqbal,Mehran Khan,1,0,"",""
ball,1,9.6,Bangladesh,Tamim Iqbal,Sabbir Rahman,Mehran Khan,4,0,"",""
ball,1,10.1,Bangladesh,Sabbir Rahman,Tamim Iqbal,M Ansari,4,0,"",""
ball,1,10.2,Bangladesh,Sabbir Rahman,Tamim Iqbal,M Ansari,1,0,"",""
ball,1,10.3,Bangladesh,Tamim Iqbal,Sabbir Rahman,M Ansari,4,0,"",""
ball,1,10.4,Bangladesh,Tamim Iqbal,Sabbir Rahman,M Ansari,0,0,"",""
ball,1,10.5,Bangladesh,Tamim Iqbal,Sabbir Rahman,M Ansari,4,0,"",""
ball,1,10.6,Bangladesh,Tamim Iqbal,Sabbir Rahman,M Ansari,1,0,"",""
ball,1,11.1,Bangladesh,Tamim Iqbal,Sabbir Rahman,Khawar Ali,0,0,"",""
ball,1,11.2,Bangladesh,Tamim Iqbal,Sabbir Rahman,Khawar Ali,0,0,"",""
ball,1,11.3,Bangladesh,Tamim Iqbal,Sabbir Rahman,Khawar Ali,1,0,"",""
ball,1,11.4,Bangladesh,Sabbir Rahman,Tamim Iqbal,Khawar Ali,1,0,"",""
ball,1,11.5,Bangladesh,Tamim Iqbal,Sabbir Rahman,Khawar Ali,0,0,"",""
ball,1,11.6,Bangladesh,Tamim Iqbal,Sabbir Rahman,Khawar Ali,1,0,"",""
ball,1,12.1,Bangladesh,Tamim Iqbal,Sabbir Rahman,Aamir Kaleem,4,0,"",""
ball,1,12.2,Bangladesh,Tamim Iqbal,Sabbir Rahman,Aamir Kaleem,6,0,"",""
ball,1,12.3,Bangladesh,Tamim Iqbal,Sabbir Rahman,Aamir Kaleem,1,0,"",""
ball,1,12.4,Bangladesh,Sabbir Rahman,Tamim Iqbal,Aamir Kaleem,2,0,"",""
ball,1,12.5,Bangladesh,Sabbir Rahman,Tamim Iqbal,Aamir Kaleem,1,0,"",""
ball,1,12.6,Bangladesh,Tamim Iqbal,Sabbir Rahman,Aamir Kaleem,1,0,"",""
ball,1,13.1,Bangladesh,Tamim Iqbal,Sabbir Rahman,Khawar Ali,1,0,"",""
ball,1,13.2,Bangladesh,Sabbir Rahman,Tamim Iqbal,Khawar Ali,6,0,"",""
ball,1,13.3,Bangladesh,Sabbir Rahman,Tamim Iqbal,Khawar Ali,1,0,"",""
ball,1,13.4,Bangladesh,Tamim Iqbal,Sabbir Rahman,Khawar Ali,0,0,"",""
ball,1,13.5,Bangladesh,Tamim Iqbal,Sabbir Rahman,Khawar Ali,1,0,"",""
ball,1,13.6,Bangladesh,Sabbir Rahman,Tamim Iqbal,Khawar Ali,2,0,"",""
ball,1,14.1,Bangladesh,Tamim Iqbal,Sabbir Rahman,AV Lalcheta,4,0,"",""
ball,1,14.2,Bangladesh,Tamim Iqbal,Sabbir Rahman,AV Lalcheta,6,0,"",""
ball,1,14.3,Bangladesh,Tamim Iqbal,Sabbir Rahman,AV Lalcheta,0,0,"",""
ball,1,14.4,Bangladesh,Tamim Iqbal,Sabbir Rahman,AV Lalcheta,1,0,"",""
ball,1,14.5,Bangladesh,Sabbir Rahman,Tamim Iqbal,AV Lalcheta,4,0,"",""
ball,1,14.6,Bangladesh,Sabbir Rahman,Tamim Iqbal,AV Lalcheta,1,0,"",""
ball,1,15.1,Bangladesh,Sabbir Rahman,Tamim Iqbal,Khawar Ali,1,0,"",""
ball,1,15.2,Bangladesh,Tamim Iqbal,Sabbir Rahman,Khawar Ali,6,0,"",""
ball,1,15.3,Bangladesh,Tamim Iqbal,Sabbir Rahman,Khawar Ali,1,0,"",""
ball,1,15.4,Bangladesh,Sabbir Rahman,Tamim Iqbal,Khawar Ali,1,0,"",""
ball,1,15.5,Bangladesh,Tamim Iqbal,Sabbir Rahman,Khawar Ali,1,0,"",""
ball,1,15.6,Bangladesh,Sabbir Rahman,Tamim Iqbal,Khawar Ali,0,0,bowled,Sabbir Rahman
ball,1,16.1,Bangladesh,Tamim Iqbal,Shakib Al Hasan,Bilal Khan,0,0,"",""
ball,1,16.2,Bangladesh,Tamim Iqbal,Shakib Al Hasan,Bilal Khan,4,0,"",""
ball,1,16.3,Bangladesh,Tamim Iqbal,Shakib Al Hasan,Bilal Khan,1,0,"",""
ball,1,16.4,Bangladesh,Shakib Al Hasan,Tamim Iqbal,Bilal Khan,0,0,"",""
ball,1,16.5,Bangladesh,Shakib Al Hasan,Tamim Iqbal,Bilal Khan,0,0,"",""
ball,1,16.6,Bangladesh,Shakib Al Hasan,Tamim Iqbal,Bilal Khan,0,0,"",""
ball,1,17.1,Bangladesh,Tamim Iqbal,Shakib Al Hasan,M Ansari,2,0,"",""
ball,1,17.2,Bangladesh,Tamim Iqbal,Shakib Al Hasan,M Ansari,0,0,"",""
ball,1,17.3,Bangladesh,Tamim Iqbal,Shakib Al Hasan,M Ansari,6,0,"",""
ball,1,17.4,Bangladesh,Tamim Iqbal,Shakib Al Hasan,M Ansari,2,0,"",""
ball,1,17.5,Bangladesh,Tamim Iqbal,Shakib Al Hasan,M Ansari,1,0,"",""
ball,1,17.6,Bangladesh,Shakib Al Hasan,Tamim Iqbal,M Ansari,4,0,"",""
ball,1,18.1,Bangladesh,Tamim Iqbal,Shakib Al Hasan,Bilal Khan,0,0,"",""
ball,1,18.2,Bangladesh,Tamim Iqbal,Shakib Al Hasan,Bilal Khan,0,0,"",""
ball,1,18.3,Bangladesh,Tamim Iqbal,Shakib Al Hasan,Bilal Khan,0,0,"",""
ball,1,18.4,Bangladesh,Tamim Iqbal,Shakib Al Hasan,Bilal Khan,4,0,"",""
ball,1,18.5,Bangladesh,Tamim Iqbal,Shakib Al Hasan,Bilal Khan,1,0,"",""
ball,1,18.6,Bangladesh,Shakib Al Hasan,Tamim Iqbal,Bilal Khan,1,0,"",""
ball,1,19.1,Bangladesh,Shakib Al Hasan,Tamim Iqbal,M Ansari,4,0,"",""
ball,1,19.2,Bangladesh,Shakib Al Hasan,Tamim Iqbal,M Ansari,6,0,"",""
ball,1,19.3,Bangladesh,Shakib Al Hasan,Tamim Iqbal,M Ansari,0,1,"",""
ball,1,19.4,Bangladesh,Shakib Al Hasan,Tamim Iqbal,M Ansari,0,1,"",""
ball,1,19.5,Bangladesh,Shakib Al Hasan,Tamim Iqbal,M Ansari,1,0,"",""
ball,1,19.6,Bangladesh,Tamim Iqbal,Shakib Al Hasan,M Ansari,0,0,"",""
ball,1,19.7,Bangladesh,Tamim Iqbal,Shakib Al Hasan,M Ansari,1,0,"",""
ball,1,19.8,Bangladesh,Shakib Al Hasan,Tamim Iqbal,M Ansari,1,0,"",""
ball,2,0.1,Oman,Zeeshan Maqsood,Khawar Ali,Taskin Ahmed,0,0,"",""
ball,2,0.2,Oman,Zeeshan Maqsood,Khawar Ali,Taskin Ahmed,0,1,"",""
ball,2,0.3,Oman,Zeeshan Maqsood,Khawar Ali,Taskin Ahmed,0,0,caught,Zeeshan Maqsood
ball,2,0.4,Oman,Khawar Ali,Jatinder Singh,Taskin Ahmed,0,0,"",""
ball,2,0.5,Oman,Khawar Ali,Jatinder Singh,Taskin Ahmed,0,0,"",""
ball,2,0.6,Oman,Khawar Ali,Jatinder Singh,Taskin Ahmed,0,0,"",""
ball,2,0.7,Oman,Khawar Ali,Jatinder Singh,Taskin Ahmed,0,1,"",""
ball,2,1.1,Oman,Khawar Ali,Jatinder Singh,Al-Amin Hossain,0,0,"",""
ball,2,1.2,Oman,Khawar Ali,Jatinder Singh,Al-Amin Hossain,0,0,"",""
ball,2,1.3,Oman,Khawar Ali,Jatinder Singh,Al-Amin Hossain,1,0,"",""
ball,2,1.4,Oman,Jatinder Singh,Khawar Ali,Al-Amin Hossain,0,0,"",""
ball,2,1.5,Oman,Jatinder Singh,Khawar Ali,Al-Amin Hossain,0,0,"",""
ball,2,1.6,Oman,Jatinder Singh,Khawar Ali,Al-Amin Hossain,4,0,"",""
ball,2,2.1,Oman,Khawar Ali,Jatinder Singh,Taskin Ahmed,6,0,"",""
ball,2,2.2,Oman,Khawar Ali,Jatinder Singh,Taskin Ahmed,0,0,"",""
ball,2,2.3,Oman,Khawar Ali,Jatinder Singh,Taskin Ahmed,0,0,"",""
ball,2,2.4,Oman,Khawar Ali,Jatinder Singh,Taskin Ahmed,0,0,"",""
ball,2,2.5,Oman,Khawar Ali,Jatinder Singh,Taskin Ahmed,1,0,"",""
ball,2,2.6,Oman,Jatinder Singh,Khawar Ali,Taskin Ahmed,0,0,"",""
ball,2,3.1,Oman,Khawar Ali,Jatinder Singh,Al-Amin Hossain,0,0,"",""
ball,2,3.2,Oman,Khawar Ali,Jatinder Singh,Al-Amin Hossain,0,0,caught,Khawar Ali
ball,2,3.3,Oman,Jatinder Singh,Adnan Ilyas,Al-Amin Hossain,1,0,"",""
ball,2,3.4,Oman,Adnan Ilyas,Jatinder Singh,Al-Amin Hossain,0,0,"",""
ball,2,3.5,Oman,Adnan Ilyas,Jatinder Singh,Al-Amin Hossain,4,0,"",""
ball,2,3.6,Oman,Adnan Ilyas,Jatinder Singh,Al-Amin Hossain,0,0,"",""
ball,2,4.1,Oman,Jatinder Singh,Adnan Ilyas,Abu Hider,0,0,"",""
ball,2,4.2,Oman,Jatinder Singh,Adnan Ilyas,Abu Hider,4,0,"",""
ball,2,4.3,Oman,Jatinder Singh,Adnan Ilyas,Abu Hider,0,0,"",""
ball,2,4.4,Oman,Jatinder Singh,Adnan Ilyas,Abu Hider,1,0,"",""
ball,2,4.5,Oman,Adnan Ilyas,Jatinder Singh,Abu Hider,4,0,"",""
ball,2,4.6,Oman,Adnan Ilyas,Jatinder Singh,Abu Hider,0,0,"",""
ball,2,5.1,Oman,Jatinder Singh,Adnan Ilyas,Shakib Al Hasan,1,0,"",""
ball,2,5.2,Oman,Adnan Ilyas,Jatinder Singh,Shakib Al Hasan,0,0,"",""
ball,2,5.3,Oman,Adnan Ilyas,Jatinder Singh,Shakib Al Hasan,1,0,"",""
ball,2,5.4,Oman,Jatinder Singh,Adnan Ilyas,Shakib Al Hasan,0,0,"",""
ball,2,5.5,Oman,Jatinder Singh,Adnan Ilyas,Shakib Al Hasan,4,0,"",""
ball,2,5.6,Oman,Jatinder Singh,Adnan Ilyas,Shakib Al Hasan,1,0,"",""
ball,2,6.1,Oman,Jatinder Singh,Adnan Ilyas,Abu Hider,1,0,"",""
ball,2,6.2,Oman,Adnan Ilyas,Jatinder Singh,Abu Hider,0,1,"",""
ball,2,6.3,Oman,Adnan Ilyas,Jatinder Singh,Abu Hider,0,0,"",""
ball,2,6.4,Oman,Adnan Ilyas,Jatinder Singh,Abu Hider,1,0,"",""
ball,2,6.5,Oman,Jatinder Singh,Adnan Ilyas,Abu Hider,1,0,"",""
ball,2,6.6,Oman,Adnan Ilyas,Jatinder Singh,Abu Hider,1,0,"",""
ball,2,6.7,Oman,Jatinder Singh,Adnan Ilyas,Abu Hider,1,0,"",""
ball,2,7.1,Oman,Jatinder Singh,Adnan Ilyas,Mashrafe Mortaza,1,0,"",""
ball,2,7.2,Oman,Adnan Ilyas,Jatinder Singh,Mashrafe Mortaza,0,0,"",""
ball,2,7.3,Oman,Adnan Ilyas,Jatinder Singh,Mashrafe Mortaza,2,0,"",""
ball,2,7.4,Oman,Adnan Ilyas,Jatinder Singh,Mashrafe Mortaza,0,0,run out,Adnan Ilyas
ball,2,7.5,Oman,Aamir Kaleem,Jatinder Singh,Mashrafe Mortaza,0,0,"",""
ball,2,7.6,Oman,Aamir Kaleem,Jatinder Singh,Mashrafe Mortaza,0,0,"",""
ball,2,8.1,Oman,Jatinder Singh,Aamir Kaleem,Shakib Al Hasan,1,0,"",""
ball,2,8.2,Oman,Aamir Kaleem,Jatinder Singh,Shakib Al Hasan,0,0,caught,Aamir Kaleem
ball,2,8.3,Oman,Amir Ali,Jatinder Singh,Shakib Al Hasan,0,0,"",""
ball,2,8.4,Oman,Amir Ali,Jatinder Singh,Shakib Al Hasan,0,1,"",""
ball,2,8.5,Oman,Amir Ali,Jatinder Singh,Shakib Al Hasan,4,0,"",""
ball,2,8.6,Oman,Amir Ali,Jatinder Singh,Shakib Al Hasan,0,0,stumped,Amir Ali
ball,2,8.7,Oman,Mehran Khan,Jatinder Singh,Shakib Al Hasan,1,0,"",""
ball,2,9.1,Oman,Mehran Khan,Jatinder Singh,Mashrafe Mortaza,1,0,"",""
ball,2,9.2,Oman,Jatinder Singh,Mehran Khan,Mashrafe Mortaza,4,0,"",""
ball,2,9.3,Oman,Jatinder Singh,Mehran Khan,Mashrafe Mortaza,0,0,caught,Jatinder Singh
ball,2,9.4,Oman,Mehran Khan,Sultan Ahmed,Mashrafe Mortaza,0,1,"",""
ball,2,9.5,Oman,Sultan Ahmed,Mehran Khan,Mashrafe Mortaza,1,0,"",""
ball,2,9.6,Oman,Mehran Khan,Sultan Ahmed,Mashrafe Mortaza,1,0,"",""
ball,2,10.1,Oman,Mehran Khan,Sultan Ahmed,Shakib Al Hasan,0,0,caught,Mehran Khan
ball,2,10.2,Oman,Sultan Ahmed,AV Lalcheta,Shakib Al Hasan,0,0,"",""
ball,2,10.3,Oman,Sultan Ahmed,AV Lalcheta,Shakib Al Hasan,0,0,caught,Sultan Ahmed
ball,2,10.4,Oman,M Ansari,AV Lalcheta,Shakib Al Hasan,1,0,"",""
ball,2,10.5,Oman,AV Lalcheta,M Ansari,Shakib Al Hasan,0,0,"",""
ball,2,10.6,Oman,AV Lalcheta,M Ansari,Shakib Al Hasan,0,0,"",""
ball,2,11.1,Oman,M Ansari,AV Lalcheta,Sabbir Rahman,0,1,"",""
ball,2,11.2,Oman,M Ansari,AV Lalcheta,Sabbir Rahman,1,0,"",""
ball,2,11.3,Oman,AV Lalcheta,M Ansari,Sabbir Rahman,0,0,"",""
ball,2,11.4,Oman,AV Lalcheta,M Ansari,Sabbir Rahman,1,0,"",""
ball,2,11.5,Oman,M Ansari,AV Lalcheta,Sabbir Rahman,1,0,"",""
ball,2,11.6,Oman,AV Lalcheta,M Ansari,Sabbir Rahman,0,0,caught,AV Lalcheta
ball,2,11.7,Oman,Bilal Khan,M Ansari,Sabbir Rahman,1,0,"",""
