version,1
info,team,England
info,team,West Indies
info,gender,male
info,season,2015/16
info,date,2016/03/16
info,competition,World T20
info,match_number,15
info,venue,Wankhede Stadium
info,city,Mumbai
info,neutralvenue,true
info,toss_winner,West Indies
info,toss_decision,field
info,player_of_match,CH Gayle
info,umpire,CB Gaffaney
info,umpire,RJ Tucker
info,reserve_umpire,S Ravi
info,tv_umpire,PR Reiffel
info,match_referee,DC Boon
info,winner,West Indies
info,winner_wickets,6
ball,1,0.1,England,JJ Roy,AD Hales,JE Taylor,0,0,"",""
ball,1,0.2,England,JJ Roy,AD Hales,JE Taylor,1,0,"",""
ball,1,0.3,England,AD Hales,JJ Roy,JE Taylor,0,0,"",""
ball,1,0.4,England,AD Hales,JJ Roy,JE Taylor,0,0,"",""
ball,1,0.5,England,AD Hales,JJ Roy,JE Taylor,0,0,"",""
ball,1,0.6,England,AD Hales,JJ Roy,JE Taylor,0,0,"",""
ball,1,1.1,England,JJ Roy,AD Hales,S Badree,1,0,"",""
ball,1,1.2,England,AD Hales,JJ Roy,S Badree,1,0,"",""
ball,1,1.3,England,JJ Roy,AD Hales,S Badree,0,1,"",""
ball,1,1.4,England,JJ Roy,AD Hales,S Badree,0,0,"",""
ball,1,1.5,England,JJ Roy,AD Hales,S Badree,0,0,"",""
ball,1,1.6,England,JJ Roy,AD Hales,S Badree,0,0,"",""
ball,1,1.7,England,JJ Roy,AD Hales,S Badree,1,0,"",""
ball,1,2.1,England,JJ Roy,AD Hales,JE Taylor,4,0,"",""
ball,1,2.2,England,JJ Roy,AD Hales,JE Taylor,2,0,"",""
ball,1,2.3,England,JJ Roy,AD Hales,JE Taylor,0,1,"",""
ball,1,2.4,England,JJ Roy,AD Hales,JE Taylor,0,0,"",""
ball,1,2.5,England,JJ Roy,AD Hales,JE Taylor,2,0,"",""
ball,1,2.6,England,JJ Roy,AD Hales,JE Taylor,0,5,"",""
ball,1,2.7,England,JJ Roy,AD Hales,JE Taylor,0,0,"",""
ball,1,2.8,England,JJ Roy,AD Hales,JE Taylor,4,0,"",""
ball,1,3.1,England,AD Hales,JJ Roy,S Badree,0,0,"",""
ball,1,3.2,England,AD Hales,JJ Roy,S Badree,4,0,"",""
ball,1,3.3,England,AD Hales,JJ Roy,S Badree,4,0,"",""
ball,1,3.4,England,AD Hales,JJ Roy,S Badree,4,0,"",""
ball,1,3.5,England,AD Hales,JJ Roy,S Badree,0,0,"",""
ball,1,3.6,England,AD Hales,JJ Roy,S Badree,1,0,"",""
ball,1,4.1,England,AD Hales,JJ Roy,AD Russell,1,0,"",""
ball,1,4.2,England,JJ Roy,AD Hales,AD Russell,0,0,"",""
ball,1,4.3,England,JJ Roy,AD Hales,AD Russell,0,0,caught,JJ Roy
ball,1,4.4,England,JE Root,AD Hales,AD Russell,0,0,"",""
ball,1,4.5,England,JE Root,AD Hales,AD Russell,4,0,"",""
ball,1,4.6,England,JE Root,AD Hales,AD Russell,0,1,"",""
ball,1,4.7,England,JE Root,AD Hales,AD Russell,0,0,"",""
ball,1,5.1,England,AD Hales,JE Root,DJ Bravo,3,0,"",""
ball,1,5.2,England,JE Root,AD Hales,DJ Bravo,1,0,"",""
ball,1,5.3,England,AD Hales,JE Root,DJ Bravo,0,0,"",""
ball,1,5.4,England,AD Hales,JE Root,DJ Bravo,1,0,"",""
ball,1,5.5,England,JE Root,AD Hales,DJ Bravo,0,1,"",""
ball,1,5.6,England,JE Root,AD Hales,DJ Bravo,1,0,"",""
ball,1,5.7,England,AD Hales,JE Root,DJ Bravo,0,0,"",""
ball,1,6.1,England,JE Root,AD Hales,AD Russell,0,0,"",""
ball,1,6.2,England,JE Root,AD Hales,AD Russell,0,0,"",""
ball,1,6.3,England,JE Root,AD Hales,AD Russell,2,0,"",""
ball,1,6.4,England,JE Root,AD Hales,AD Russell,0,0,"",""
ball,1,6.5,England,JE Root,AD Hales,AD Russell,6,0,"",""
ball,1,6.6,England,JE Root,AD Hales,AD Russell,1,0,"",""
ball,1,7.1,England,JE Root,AD Hales,SJ Benn,1,0,"",""
ball,1,7.2,England,AD Hales,JE Root,SJ Benn,1,0,"",""
ball,1,7.3,England,JE Root,AD Hales,SJ Benn,1,0,"",""
ball,1,7.4,England,AD Hales,JE Root,SJ Benn,0,0,"",""
ball,1,7.5,England,AD Hales,JE Root,SJ Benn,1,0,"",""
ball,1,7.6,England,JE Root,AD Hales,SJ Benn,1,0,"",""
ball,1,8.1,England,JE Root,AD Hales,CR Brathwaite,1,0,"",""
ball,1,8.2,England,AD Hales,JE Root,CR Brathwaite,0,0,"",""
ball,1,8.3,England,AD Hales,JE Root,CR Brathwaite,1,0,"",""
ball,1,8.4,England,JE Root,AD Hales,CR Brathwaite,4,0,"",""
ball,1,8.5,England,JE Root,AD Hales,CR Brathwaite,1,0,"",""
ball,1,8.6,England,AD Hales,JE Root,CR Brathwaite,4,0,"",""
ball,1,9.1,England,JE Root,AD Hales,S Badree,1,0,"",""
ball,1,9.2,England,AD Hales,JE Root,S Badree,0,1,"",""
ball,1,9.3,England,JE Root,AD Hales,S Badree,2,0,"",""
ball,1,9.4,England,JE Root,AD Hales,S Badree,1,0,"",""
ball,1,9.5,England,AD Hales,JE Root,S Badree,1,0,"",""
ball,1,9.6,England,JE Root,AD Hales,S Badree,1,0,"",""
ball,1,10.1,England,JE Root,AD Hales,JE Taylor,0,1,"",""
ball,1,10.2,England,JE Root,AD Hales,JE Taylor,6,0,"",""
ball,1,10.3,England,JE Root,AD Hales,JE Taylor,0,0,"",""
ball,1,10.4,England,JE Root,AD Hales,JE Taylor,2,0,"",""
ball,1,10.5,England,JE Root,AD Hales,JE Taylor,1,0,"",""
ball,1,10.6,England,AD Hales,JE Root,JE Taylor,1,0,"",""
ball,1,10.7,England,JE Root,AD Hales,JE Taylor,0,0,"",""
ball,1,11.1,England,AD Hales,JE Root,SJ Benn,0,0,bowled,AD Hales
ball,1,11.2,England,JC Buttler,JE Root,SJ Benn,0,0,"",""
ball,1,11.3,England,JC Buttler,JE Root,SJ Benn,1,0,"",""
ball,1,11.4,England,JE Root,JC Buttler,SJ Benn,1,0,"",""
ball,1,11.5,England,JC Buttler,JE Root,SJ Benn,1,0,"",""
ball,1,11.6,England,JE Root,JC Buttler,SJ Benn,1,0,"",""
ball,1,12.1,England,JE Root,JC Buttler,DJ Bravo,0,0,"",""
ball,1,12.2,England,JE Root,JC Buttler,DJ Bravo,4,0,"",""
ball,1,12.3,England,JE Root,JC Buttler,DJ Bravo,1,0,"",""
ball,1,12.4,England,JC Buttler,JE Root,DJ Bravo,0,1,"",""
ball,1,12.5,England,JE Root,JC Buttler,DJ Bravo,1,0,"",""
ball,1,12.6,England,JC Buttler,JE Root,DJ Bravo,0,0,"",""
ball,1,13.1,England,JE Root,JC Buttler,S Badree,1,0,"",""
ball,1,13.2,England,JC Buttler,JE Root,S Badree,1,0,"",""
ball,1,13.3,England,JE Root,JC Buttler,S Badree,1,0,"",""
ball,1,13.4,England,JC Buttler,JE Root,S Badree,6,0,"",""
ball,1,13.5,England,JC Buttler,JE Root,S Badree,2,0,"",""
ball,1,13.6,England,JC Buttler,JE Root,S Badree,0,0,"",""
ball,1,14.1,England,JE Root,JC Buttler,AD Russell,0,0,"",""
ball,1,14.2,England,JE Root,JC Buttler,AD Russell,0,0,caught,JE Root
ball,1,14.3,England,EJG Morgan,JC Buttler,AD Russell,1,0,"",""
ball,1,14.4,England,JC Buttler,EJG Morgan,AD Russell,1,0,"",""
ball,1,14.5,England,EJG Morgan,JC Buttler,AD Russell,6,0,"",""
ball,1,14.6,England,EJG Morgan,JC Buttler,AD Russell,1,0,"",""
ball,1,15.1,England,EJG Morgan,JC Buttler,CR Brathwaite,1,0,"",""
ball,1,15.2,England,JC Buttler,EJG Morgan,CR Brathwaite,1,0,"",""
ball,1,15.3,England,EJG Morgan,JC Buttler,CR Brathwaite,1,0,"",""
ball,1,15.4,England,JC Buttler,EJG Morgan,CR Brathwaite,1,0,"",""
ball,1,15.5,England,EJG Morgan,JC Buttler,CR Brathwaite,1,0,"",""
ball,1,15.6,England,JC Buttler,EJG Morgan,CR Brathwaite,0,0,"",""
ball,1,16.1,England,EJG Morgan,JC Buttler,SJ Benn,1,0,"",""
ball,1,16.2,England,JC Buttler,EJG Morgan,SJ Benn,6,0,"",""
ball,1,16.3,England,JC Buttler,EJG Morgan,SJ Benn,0,0,"",""
ball,1,16.4,England,JC Buttler,EJG Morgan,SJ Benn,1,0,"",""
ball,1,16.5,England,EJG Morgan,JC Buttler,SJ Benn,2,0,"",""
ball,1,16.6,England,EJG Morgan,JC Buttler,SJ Benn,4,0,"",""
ball,1,17.1,England,JC Buttler,EJG Morgan,DJ Bravo,1,0,"",""
ball,1,17.2,England,EJG Morgan,JC Buttler,DJ Bravo,1,0,"",""
ball,1,17.3,England,JC Buttler,EJG Morgan,DJ Bravo,6,0,"",""
ball,1,17.4,England,JC Buttler,EJG Morgan,DJ Bravo,2,0,"",""
ball,1,17.5,England,JC Buttler,EJG Morgan,DJ Bravo,0,0,caught,JC Buttler
ball,1,17.6,England,EJG Morgan,BA Stokes,DJ Bravo,0,0,"",""
ball,1,18.1,England,BA Stokes,EJG Morgan,AD Russell,4,0,"",""
ball,1,18.2,England,BA Stokes,EJG Morgan,AD Russell,0,0,"",""
ball,1,18.3,England,BA Stokes,EJG Morgan,AD Russell,6,0,"",""
ball,1,18.4,England,BA Stokes,EJG Morgan,AD Russell,1,0,"",""
ball,1,18.5,England,EJG Morgan,BA Stokes,AD Russell,1,0,"",""
ball,1,18.6,England,BA Stokes,EJG Morgan,AD Russell,0,0,"",""
ball,1,19.1,England,EJG Morgan,BA Stokes,DJ Bravo,6,0,"",""
ball,1,19.2,England,EJG Morgan,BA Stokes,DJ Bravo,1,0,"",""
ball,1,19.3,England,BA Stokes,EJG Morgan,DJ Bravo,4,0,"",""
ball,1,19.4,England,BA Stokes,EJG Morgan,DJ Bravo,0,0,lbw,BA Stokes
ball,1,19.5,England,MM Ali,EJG Morgan,DJ Bravo,6,0,"",""
ball,1,19.6,England,MM Ali,EJG Morgan,DJ Bravo,1,0,run out,MM Ali
ball,2,0.1,West Indies,J Charles,CH Gayle,DJ Willey,0,1,"",""
ball,2,0.2,West Indies,J Charles,CH Gayle,DJ Willey,0,1,"",""
ball,2,0.3,West Indies,J Charles,CH Gayle,DJ Willey,0,0,"",""
ball,2,0.4,West Indies,J Charles,CH Gayle,DJ Willey,0,0,caught,J Charles
ball,2,0.5,West Indies,MN Samuels,CH Gayle,DJ Willey,0,0,"",""
ball,2,0.6,West Indies,MN Samuels,CH Gayle,DJ Willey,0,0,"",""
ball,2,0.7,West Indies,MN Samuels,CH Gayle,DJ Willey,4,0,"",""
ball,2,0.8,West Indies,MN Samuels,CH Gayle,DJ Willey,0,0,"",""
ball,2,1.1,West Indies,CH Gayle,MN Samuels,RJW Topley,0,0,"",""
ball,2,1.2,West Indies,CH Gayle,MN Samuels,RJW Topley,0,0,"",""
ball,2,1.3,West Indies,CH Gayle,MN Samuels,RJW Topley,4,0,"",""
ball,2,1.4,West Indies,CH Gayle,MN Samuels,RJW Topley,6,0,"",""
ball,2,1.5,West Indies,CH Gayle,MN Samuels,RJW Topley,0,0,"",""
ball,2,1.6,West Indies,CH Gayle,MN Samuels,RJW Topley,0,0,"",""
ball,2,2.1,West Indies,MN Samuels,CH Gayle,DJ Willey,0,0,"",""
ball,2,2.2,West Indies,MN Samuels,CH Gayle,DJ Willey,0,0,"",""
ball,2,2.3,West Indies,MN Samuels,CH Gayle,DJ Willey,0,0,"",""
ball,2,2.4,West Indies,MN Samuels,CH Gayle,DJ Willey,4,0,"",""
ball,2,2.5,West Indies,MN Samuels,CH Gayle,DJ Willey,4,0,"",""
ball,2,2.6,West Indies,MN Samuels,CH Gayle,DJ Willey,1,0,"",""
ball,2,3.1,West Indies,MN Samuels,CH Gayle,CJ Jordan,0,0,"",""
ball,2,3.2,West Indies,MN Samuels,CH Gayle,CJ Jordan,0,0,"",""
ball,2,3.3,West Indies,MN Samuels,CH Gayle,CJ Jordan,0,0,"",""
ball,2,3.4,West Indies,MN Samuels,CH Gayle,CJ Jordan,4,0,"",""
ball,2,3.5,West Indies,MN Samuels,CH Gayle,CJ Jordan,0,0,"",""
ball,2,3.6,West Indies,MN Samuels,CH Gayle,CJ Jordan,1,0,"",""
ball,2,4.1,West Indies,MN Samuels,CH Gayle,BA Stokes,0,0,"",""
ball,2,4.2,West Indies,MN Samuels,CH Gayle,BA Stokes,4,0,"",""
ball,2,4.3,West Indies,MN Samuels,CH Gayle,BA Stokes,4,0,"",""
ball,2,4.4,West Indies,MN Samuels,CH Gayle,BA Stokes,4,0,"",""
ball,2,4.5,West Indies,MN Samuels,CH Gayle,BA Stokes,0,0,"",""
ball,2,4.6,West Indies,MN Samuels,CH Gayle,BA Stokes,0,1,"",""
ball,2,4.7,West Indies,MN Samuels,CH Gayle,BA Stokes,1,0,"",""
ball,2,5.1,West Indies,MN Samuels,CH Gayle,CJ Jordan,4,0,"",""
ball,2,5.2,West Indies,MN Samuels,CH Gayle,CJ Jordan,1,0,"",""
ball,2,5.3,West Indies,CH Gayle,MN Samuels,CJ Jordan,0,1,"",""
ball,2,5.4,West Indies,CH Gayle,MN Samuels,CJ Jordan,0,1,"",""
ball,2,5.5,West Indies,CH Gayle,MN Samuels,CJ Jordan,0,0,"",""
ball,2,5.6,West Indies,CH Gayle,MN Samuels,CJ Jordan,0,0,"",""
ball,2,5.7,West Indies,CH Gayle,MN Samuels,CJ Jordan,0,0,"",""
ball,2,5.8,West Indies,CH Gayle,MN Samuels,CJ Jordan,4,0,"",""
ball,2,6.1,West Indies,MN Samuels,CH Gayle,AU Rashid,1,0,"",""
ball,2,6.2,West Indies,CH Gayle,MN Samuels,AU Rashid,0,0,"",""
ball,2,6.3,West Indies,CH Gayle,MN Samuels,AU Rashid,1,0,"",""
ball,2,6.4,West Indies,MN Samuels,CH Gayle,AU Rashid,0,0,caught,MN Samuels
ball,2,6.5,West Indies,D Ramdin,CH Gayle,AU Rashid,1,0,"",""
ball,2,6.6,West Indies,CH Gayle,D Ramdin,AU Rashid,1,0,"",""
ball,2,7.1,West Indies,CH Gayle,D Ramdin,MM Ali,4,0,"",""
ball,2,7.2,West Indies,CH Gayle,D Ramdin,MM Ali,1,0,"",""
ball,2,7.3,West Indies,D Ramdin,CH Gayle,MM Ali,1,0,"",""
ball,2,7.4,West Indies,CH Gayle,D Ramdin,MM Ali,1,0,"",""
ball,2,7.5,West Indies,D Ramdin,CH Gayle,MM Ali,0,0,"",""
ball,2,7.6,West Indies,D Ramdin,CH Gayle,MM Ali,1,0,"",""
ball,2,8.1,West Indies,D Ramdin,CH Gayle,AU Rashid,0,0,"",""
ball,2,8.2,West Indies,D Ramdin,CH Gayle,AU Rashid,2,0,"",""
ball,2,8.3,West Indies,D Ramdin,CH Gayle,AU Rashid,1,0,"",""
ball,2,8.4,West Indies,CH Gayle,D Ramdin,AU Rashid,6,0,"",""
ball,2,8.5,West Indies,CH Gayle,D Ramdin,AU Rashid,6,0,"",""
ball,2,8.6,West Indies,CH Gayle,D Ramdin,AU Rashid,1,0,"",""
ball,2,9.1,West Indies,CH Gayle,D Ramdin,MM Ali,0,0,"",""
ball,2,9.2,West Indies,CH Gayle,D Ramdin,MM Ali,1,0,"",""
ball,2,9.3,West Indies,D Ramdin,CH Gayle,MM Ali,0,0,"",""
ball,2,9.4,West Indies,D Ramdin,CH Gayle,MM Ali,0,0,"",""
ball,2,9.5,West Indies,D Ramdin,CH Gayle,MM Ali,0,0,"",""
ball,2,9.6,West Indies,D Ramdin,CH Gayle,MM Ali,1,0,"",""
ball,2,10.1,West Indies,D Ramdin,CH Gayle,BA Stokes,4,0,"",""
ball,2,10.2,West Indies,D Ramdin,CH Gayle,BA Stokes,1,0,"",""
ball,2,10.3,West Indies,CH Gayle,D Ramdin,BA Stokes,0,0,"",""
ball,2,10.4,West Indies,CH Gayle,D Ramdin,BA Stokes,0,1,"",""
ball,2,10.5,West Indies,CH Gayle,D Ramdin,BA Stokes,0,0,"",""
ball,2,10.6,West Indies,CH Gayle,D Ramdin,BA Stokes,6,0,"",""
ball,2,10.7,West Indies,CH Gayle,D Ramdin,BA Stokes,6,0,"",""
ball,2,11.1,West Indies,D Ramdin,CH Gayle,MM Ali,0,0,caught,D Ramdin
ball,2,11.2,West Indies,CH Gayle,DJ Bravo,MM Ali,1,0,"",""
ball,2,11.3,West Indies,DJ Bravo,CH Gayle,MM Ali,1,0,"",""
ball,2,11.4,West Indies,CH Gayle,DJ Bravo,MM Ali,1,0,"",""
ball,2,11.5,West Indies,DJ Bravo,CH Gayle,MM Ali,1,0,"",""
ball,2,11.6,West Indies,CH Gayle,DJ Bravo,MM Ali,6,0,"",""
ball,2,12.1,West Indies,DJ Bravo,CH Gayle,RJW Topley,0,0,"",""
ball,2,12.2,West Indies,DJ Bravo,CH Gayle,RJW Topley,0,0,caught,DJ Bravo
ball,2,12.3,West Indies,CH Gayle,AD Russell,RJW Topley,4,0,"",""
ball,2,12.4,West Indies,CH Gayle,AD Russell,RJW Topley,0,1,"",""
ball,2,12.5,West Indies,CH Gayle,AD Russell,RJW Topley,1,0,"",""
ball,2,12.6,West Indies,AD Russell,CH Gayle,RJW Topley,0,0,"",""
ball,2,12.7,West Indies,AD Russell,CH Gayle,RJW Topley,0,1,"",""
ball,2,12.8,West Indies,AD Russell,CH Gayle,RJW Topley,4,0,"",""
ball,2,13.1,West Indies,CH Gayle,AD Russell,MM Ali,0,0,"",""
ball,2,13.2,West Indies,CH Gayle,AD Russell,MM Ali,0,4,"",""
ball,2,13.3,West Indies,CH Gayle,AD Russell,MM Ali,0,0,"",""
ball,2,13.4,West Indies,CH Gayle,AD Russell,MM Ali,6,0,"",""
ball,2,13.5,West Indies,CH Gayle,AD Russell,MM Ali,6,0,"",""
ball,2,13.6,West Indies,CH Gayle,AD Russell,MM Ali,6,0,"",""
ball,2,14.1,West Indies,AD Russell,CH Gayle,CJ Jordan,0,0,"",""
ball,2,14.2,West Indies,AD Russell,CH Gayle,CJ Jordan,0,0,"",""
ball,2,14.3,West Indies,AD Russell,CH Gayle,CJ Jordan,1,0,"",""
ball,2,14.4,West Indies,CH Gayle,AD Russell,CJ Jordan,1,0,"",""
ball,2,14.5,West Indies,AD Russell,CH Gayle,CJ Jordan,0,1,"",""
ball,2,14.6,West Indies,AD Russell,CH Gayle,CJ Jordan,1,0,"",""
ball,2,14.7,West Indies,CH Gayle,AD Russell,CJ Jordan,0,1,"",""
ball,2,14.8,West Indies,CH Gayle,AD Russell,CJ Jordan,0,0,"",""
ball,2,15.1,West Indies,AD Russell,CH Gayle,DJ Willey,1,0,"",""
ball,2,15.2,West Indies,CH Gayle,AD Russell,DJ Willey,4,0,"",""
ball,2,15.3,West Indies,CH Gayle,AD Russell,DJ Willey,6,0,"",""
ball,2,15.4,West Indies,CH Gayle,AD Russell,DJ Willey,0,0,"",""
ball,2,15.5,West Indies,CH Gayle,AD Russell,DJ Willey,6,0,"",""
ball,2,15.6,West Indies,CH Gayle,AD Russell,DJ Willey,1,0,"",""
ball,2,16.1,West Indies,CH Gayle,AD Russell,CJ Jordan,1,0,"",""
ball,2,16.2,West Indies,AD Russell,CH Gayle,CJ Jordan,1,0,"",""
ball,2,16.3,West Indies,CH Gayle,AD Russell,CJ Jordan,0,0,"",""
ball,2,16.4,West Indies,CH Gayle,AD Russell,CJ Jordan,1,0,"",""
ball,2,16.5,West Indies,AD Russell,CH Gayle,CJ Jordan,0,0,"",""
ball,2,16.6,West Indies,AD Russell,CH Gayle,CJ Jordan,0,0,"",""
ball,2,17.1,West Indies,CH Gayle,AD Russell,BA Stokes,1,0,"",""
ball,2,17.2,West Indies,AD Russell,CH Gayle,BA Stokes,4,1,"",""
ball,2,17.3,West Indies,AD Russell,CH Gayle,BA Stokes,0,0,"",""
ball,2,17.4,West Indies,AD Russell,CH Gayle,BA Stokes,0,0,"",""
ball,2,17.5,West Indies,AD Russell,CH Gayle,BA Stokes,2,0,"",""
ball,2,17.6,West Indies,AD Russell,CH Gayle,BA Stokes,0,1,"",""
ball,2,17.7,West Indies,AD Russell,CH Gayle,BA Stokes,1,0,"",""
ball,2,17.8,West Indies,CH Gayle,AD Russell,BA Stokes,0,0,"",""
ball,2,18.1,West Indies,AD Russell,CH Gayle,RJW Topley,1,0,"",""
