version,1
info,team,Afghanistan
info,team,Zimbabwe
info,gender,male
info,season,2015/16
info,date,2016/03/12
info,competition,World T20
info,match_number,9
info,venue,"Vidarbha Cricket Association Stadium, Jamtha"
info,city,Nagpur
info,neutralvenue,true
info,toss_winner,Afghanistan
info,toss_decision,bat
info,player_of_match,Mohammad Nabi
info,umpire,Aleem Dar
info,umpire,RK Illingworth
info,reserve_umpire,M Erasmus
info,tv_umpire,IJ Gould
info,match_referee,J Srinath
info,winner,Afghanistan
info,winner_runs,59
ball,1,0.1,Afghanistan,Mohammad Shahzad,Noor Ali Zadran,WP Masakadza,2,0,"",""
ball,1,0.2,Afghanistan,Mohammad Shahzad,Noor Ali Zadran,WP Masakadza,0,0,"",""
ball,1,0.3,Afghanistan,Mohammad Shahzad,Noor Ali Zadran,WP Masakadza,0,0,"",""
ball,1,0.4,Afghanistan,Mohammad Shahzad,Noor Ali Zadran,WP Masakadza,0,0,"",""
ball,1,0.5,Afghanistan,Mohammad Shahzad,Noor Ali Zadran,WP Masakadza,2,0,"",""
ball,1,0.6,Afghanistan,Mohammad Shahzad,Noor Ali Zadran,WP Masakadza,0,0,"",""
ball,1,1.1,Afghanistan,Noor Ali Zadran,Mohammad Shahzad,TL Chatara,1,0,"",""
ball,1,1.2,Afghanistan,Mohammad Shahzad,Noor Ali Zadran,TL Chatara,0,0,"",""
ball,1,1.3,Afghanistan,Mohammad Shahzad,Noor Ali Zadran,TL Chatara,4,0,"",""
ball,1,1.4,Afghanistan,Mohammad Shahzad,Noor Ali Zadran,TL Chatara,4,0,"",""
ball,1,1.5,Afghanistan,Mohammad Shahzad,Noor Ali Zadran,TL Chatara,4,0,"",""
ball,1,1.6,Afghanistan,Mohammad Shahzad,Noor Ali Zadran,TL Chatara,4,0,"",""
ball,1,2.1,Afghanistan,Noor Ali Zadran,Mohammad Shahzad,WP Masakadza,0,1,"",""
ball,1,2.2,Afghanistan,Mohammad Shahzad,Noor Ali Zadran,WP Masakadza,0,0,"",""
ball,1,2.3,Afghanistan,Mohammad Shahzad,Noor Ali Zadran,WP Masakadza,0,0,"",""
ball,1,2.4,Afghanistan,Mohammad Shahzad,Noor Ali Zadran,WP Masakadza,0,0,"",""
ball,1,2.5,Afghanistan,Mohammad Shahzad,Noor Ali Zadran,WP Masakadza,0,0,"",""
ball,1,2.6,Afghanistan,Mohammad Shahzad,Noor Ali Zadran,WP Masakadza,0,0,"",""
ball,1,3.1,Afghanistan,Noor Ali Zadran,Mohammad Shahzad,DT Tiripano,0,0,"",""
ball,1,3.2,Afghanistan,Noor Ali Zadran,Mohammad Shahzad,DT Tiripano,0,1,"",""
ball,1,3.3,Afghanistan,Noor Ali Zadran,Mohammad Shahzad,DT Tiripano,1,0,"",""
ball,1,3.4,Afghanistan,Mohammad Shahzad,Noor Ali Zadran,DT Tiripano,4,0,"",""
ball,1,3.5,Afghanistan,Mohammad Shahzad,Noor Ali Zadran,DT Tiripano,4,0,"",""
ball,1,3.6,Afghanistan,Mohammad Shahzad,Noor Ali Zadran,DT Tiripano,4,0,"",""
ball,1,3.7,Afghanistan,Mohammad Shahzad,Noor Ali Zadran,DT Tiripano,1,0,"",""
ball,1,4.1,Afghanistan,Mohammad Shahzad,Noor Ali Zadran,SC Williams,6,0,"",""
ball,1,4.2,Afghanistan,Mohammad Shahzad,Noor Ali Zadran,SC Williams,1,0,"",""
ball,1,4.3,Afghanistan,Noor Ali Zadran,Mohammad Shahzad,SC Williams,4,0,"",""
ball,1,4.4,Afghanistan,Noor Ali Zadran,Mohammad Shahzad,SC Williams,1,0,"",""
ball,1,4.5,Afghanistan,Mohammad Shahzad,Noor Ali Zadran,SC Williams,0,0,caught,Mohammad Shahzad
ball,1,4.6,Afghanistan,Asghar Stanikzai,Noor Ali Zadran,SC Williams,0,0,"",""
ball,1,5.1,Afghanistan,Noor Ali Zadran,Asghar Stanikzai,T Panyangara,0,0,"",""
ball,1,5.2,Afghanistan,Noor Ali Zadran,Asghar Stanikzai,T Panyangara,1,0,"",""
ball,1,5.3,Afghanistan,Asghar Stanikzai,Noor Ali Zadran,T Panyangara,0,0,caught,Asghar Stanikzai
ball,1,5.4,Afghanistan,Gulbadin Naib,Noor Ali Zadran,T Panyangara,0,0,"",""
ball,1,5.5,Afghanistan,Gulbadin Naib,Noor Ali Zadran,T Panyangara,4,0,"",""
ball,1,5.6,Afghanistan,Gulbadin Naib,Noor Ali Zadran,T Panyangara,0,1,"",""
ball,1,6.1,Afghanistan,Gulbadin Naib,Noor Ali Zadran,SC Williams,1,0,"",""
ball,1,6.2,Afghanistan,Noor Ali Zadran,Gulbadin Naib,SC Williams,0,0,"",""
ball,1,6.3,Afghanistan,Noor Ali Zadran,Gulbadin Naib,SC Williams,0,0,"",""
ball,1,6.4,Afghanistan,Noor Ali Zadran,Gulbadin Naib,SC Williams,2,0,"",""
ball,1,6.5,Afghanistan,Noor Ali Zadran,Gulbadin Naib,SC Williams,0,0,"",""
ball,1,6.6,Afghanistan,Noor Ali Zadran,Gulbadin Naib,SC Williams,0,0,"",""
ball,1,7.1,Afghanistan,Gulbadin Naib,Noor Ali Zadran,T Panyangara,0,0,"",""
ball,1,7.2,Afghanistan,Gulbadin Naib,Noor Ali Zadran,T Panyangara,2,0,"",""
ball,1,7.3,Afghanistan,Gulbadin Naib,Noor Ali Zadran,T Panyangara,0,0,bowled,Gulbadin Naib
ball,1,7.4,Afghanistan,Samiullah Shenwari,Noor Ali Zadran,T Panyangara,2,0,"",""
ball,1,7.5,Afghanistan,Samiullah Shenwari,Noor Ali Zadran,T Panyangara,1,0,"",""
ball,1,7.6,Afghanistan,Noor Ali Zadran,Samiullah Shenwari,T Panyangara,0,0,caught,Noor Ali Zadran
ball,1,8.1,Afghanistan,Mohammad Nabi,Samiullah Shenwari,SC Williams,1,0,"",""
ball,1,8.2,Afghanistan,Samiullah Shenwari,Mohammad Nabi,SC Williams,1,0,"",""
ball,1,8.3,Afghanistan,Mohammad Nabi,Samiullah Shenwari,SC Williams,1,0,"",""
ball,1,8.4,Afghanistan,Samiullah Shenwari,Mohammad Nabi,SC Williams,0,0,"",""
ball,1,8.5,Afghanistan,Samiullah Shenwari,Mohammad Nabi,SC Williams,0,0,"",""
ball,1,8.6,Afghanistan,Samiullah Shenwari,Mohammad Nabi,SC Williams,0,0,"",""
ball,1,9.1,Afghanistan,Mohammad Nabi,Samiullah Shenwari,T Panyangara,1,0,"",""
ball,1,9.2,Afghanistan,Samiullah Shenwari,Mohammad Nabi,T Panyangara,1,0,"",""
ball,1,9.3,Afghanistan,Mohammad Nabi,Samiullah Shenwari,T Panyangara,1,0,"",""
ball,1,9.4,Afghanistan,Samiullah Shenwari,Mohammad Nabi,T Panyangara,2,0,"",""
ball,1,9.5,Afghanistan,Samiullah Shenwari,Mohammad Nabi,T Panyangara,1,0,"",""
ball,1,9.6,Afghanistan,Mohammad Nabi,Samiullah Shenwari,T Panyangara,1,0,"",""
ball,1,10.1,Afghanistan,Mohammad Nabi,Samiullah Shenwari,SC Williams,4,0,"",""
ball,1,10.2,Afghanistan,Mohammad Nabi,Samiullah Shenwari,SC Williams,0,0,"",""
ball,1,10.3,Afghanistan,Mohammad Nabi,Samiullah Shenwari,SC Williams,1,0,"",""
ball,1,10.4,Afghanistan,Samiullah Shenwari,Mohammad Nabi,SC Williams,1,0,"",""
ball,1,10.5,Afghanistan,Mohammad Nabi,Samiullah Shenwari,SC Williams,1,0,"",""
ball,1,10.6,Afghanistan,Samiullah Shenwari,Mohammad Nabi,SC Williams,0,0,"",""
ball,1,11.1,Afghanistan,Mohammad Nabi,Samiullah Shenwari,TL Chatara,1,0,"",""
ball,1,11.2,Afghanistan,Samiullah Shenwari,Mohammad Nabi,TL Chatara,0,0,"",""
ball,1,11.3,Afghanistan,Samiullah Shenwari,Mohammad Nabi,TL Chatara,1,0,"",""
ball,1,11.4,Afghanistan,Mohammad Nabi,Samiullah Shenwari,TL Chatara,2,0,"",""
ball,1,11.5,Afghanistan,Mohammad Nabi,Samiullah Shenwari,TL Chatara,1,0,"",""
ball,1,11.6,Afghanistan,Samiullah Shenwari,Mohammad Nabi,TL Chatara,1,0,"",""
ball,1,12.1,Afghanistan,Samiullah Shenwari,Mohammad Nabi,Sikandar Raza,0,1,"",""
ball,1,12.2,Afghanistan,Samiullah Shenwari,Mohammad Nabi,Sikandar Raza,0,1,"",""
ball,1,12.3,Afghanistan,Mohammad Nabi,Samiullah Shenwari,Sikandar Raza,1,0,"",""
ball,1,12.4,Afghanistan,Samiullah Shenwari,Mohammad Nabi,Sikandar Raza,0,0,"",""
ball,1,12.5,Afghanistan,Samiullah Shenwari,Mohammad Nabi,Sikandar Raza,0,1,"",""
ball,1,12.6,Afghanistan,Samiullah Shenwari,Mohammad Nabi,Sikandar Raza,0,0,"",""
ball,1,12.7,Afghanistan,Samiullah Shenwari,Mohammad Nabi,Sikandar Raza,0,0,"",""
ball,1,12.8,Afghanistan,Samiullah Shenwari,Mohammad Nabi,Sikandar Raza,1,0,"",""
ball,1,13.1,Afghanistan,Samiullah Shenwari,Mohammad Nabi,WP Masakadza,0,0,"",""
ball,1,13.2,Afghanistan,Samiullah Shenwari,Mohammad Nabi,WP Masakadza,1,0,"",""
ball,1,13.3,Afghanistan,Mohammad Nabi,Samiullah Shenwari,WP Masakadza,4,0,"",""
ball,1,13.4,Afghanistan,Mohammad Nabi,Samiullah Shenwari,WP Masakadza,0,0,"",""
ball,1,13.5,Afghanistan,Mohammad Nabi,Samiullah Shenwari,WP Masakadza,0,1,"",""
ball,1,13.6,Afghanistan,Samiullah Shenwari,Mohammad Nabi,WP Masakadza,1,0,"",""
ball,1,14.1,Afghanistan,Samiullah Shenwari,Mohammad Nabi,Sikandar Raza,0,0,"",""
ball,1,14.2,Afghanistan,Samiullah Shenwari,Mohammad Nabi,Sikandar Raza,0,3,"",""
ball,1,14.3,Afghanistan,Samiullah Shenwari,Mohammad Nabi,Sikandar Raza,1,0,"",""
ball,1,14.4,Afghanistan,Mohammad Nabi,Samiullah Shenwari,Sikandar Raza,4,0,"",""
ball,1,14.5,Afghanistan,Mohammad Nabi,Samiullah Shenwari,Sikandar Raza,1,0,"",""
ball,1,14.6,Afghanistan,Samiullah Shenwari,Mohammad Nabi,Sikandar Raza,1,0,"",""
ball,1,14.7,Afghanistan,Mohammad Nabi,Samiullah Shenwari,Sikandar Raza,1,0,"",""
ball,1,15.1,Afghanistan,Mohammad Nabi,Samiullah Shenwari,WP Masakadza,6,0,"",""
ball,1,15.2,Afghanistan,Mohammad Nabi,Samiullah Shenwari,WP Masakadza,1,0,"",""
ball,1,15.3,Afghanistan,Samiullah Shenwari,Mohammad Nabi,WP Masakadza,4,0,"",""
ball,1,15.4,Afghanistan,Samiullah Shenwari,Mohammad Nabi,WP Masakadza,1,0,"",""
ball,1,15.5,Afghanistan,Mohammad Nabi,Samiullah Shenwari,WP Masakadza,6,0,"",""
ball,1,15.6,Afghanistan,Mohammad Nabi,Samiullah Shenwari,WP Masakadza,0,1,"",""
ball,1,15.7,Afghanistan,Mohammad Nabi,Samiullah Shenwari,WP Masakadza,2,0,"",""
ball,1,16.1,Afghanistan,Samiullah Shenwari,Mohammad Nabi,DT Tiripano,2,0,"",""
ball,1,16.2,Afghanistan,Samiullah Shenwari,Mohammad Nabi,DT Tiripano,0,2,"",""
ball,1,16.3,Afghanistan,Mohammad Nabi,Samiullah Shenwari,DT Tiripano,1,0,"",""
ball,1,16.4,Afghanistan,Samiullah Shenwari,Mohammad Nabi,DT Tiripano,4,0,"",""
ball,1,16.5,Afghanistan,Samiullah Shenwari,Mohammad Nabi,DT Tiripano,1,0,"",""
ball,1,16.6,Afghanistan,Mohammad Nabi,Samiullah Shenwari,DT Tiripano,2,0,"",""
ball,1,16.7,Afghanistan,Mohammad Nabi,Samiullah Shenwari,DT Tiripano,1,0,"",""
ball,1,17.1,Afghanistan,Mohammad Nabi,Samiullah Shenwari,T Panyangara,1,0,"",""
ball,1,17.2,Afghanistan,Samiullah Shenwari,Mohammad Nabi,T Panyangara,0,0,"",""
ball,1,17.3,Afghanistan,Samiullah Shenwari,Mohammad Nabi,T Panyangara,0,0,"",""
ball,1,17.4,Afghanistan,Samiullah Shenwari,Mohammad Nabi,T Panyangara,4,0,"",""
ball,1,17.5,Afghanistan,Samiullah Shenwari,Mohammad Nabi,T Panyangara,4,0,"",""
ball,1,17.6,Afghanistan,Samiullah Shenwari,Mohammad Nabi,T Panyangara,6,0,"",""
ball,1,18.1,Afghanistan,Mohammad Nabi,Samiullah Shenwari,DT Tiripano,0,1,"",""
ball,1,18.2,Afghanistan,Samiullah Shenwari,Mohammad Nabi,DT Tiripano,1,0,"",""
ball,1,18.3,Afghanistan,Mohammad Nabi,Samiullah Shenwari,DT Tiripano,0,1,"",""
ball,1,18.4,Afghanistan,Samiullah Shenwari,Mohammad Nabi,DT Tiripano,0,0,caught,Samiullah Shenwari
ball,1,18.5,Afghanistan,Mohammad Nabi,Shafiqullah,DT Tiripano,0,5,"",""
ball,1,18.6,Afghanistan,Mohammad Nabi,Shafiqullah,DT Tiripano,0,1,"",""
ball,1,18.7,Afghanistan,Mohammad Nabi,Shafiqullah,DT Tiripano,4,0,"",""
ball,1,18.8,Afghanistan,Mohammad Nabi,Shafiqullah,DT Tiripano,2,0,"",""
ball,1,19.1,Afghanistan,Shafiqullah,Mohammad Nabi,TL Chatara,6,0,"",""
ball,1,19.2,Afghanistan,Shafiqullah,Mohammad Nabi,TL Chatara,1,0,"",""
ball,1,19.3,Afghanistan,Mohammad Nabi,Shafiqullah,TL Chatara,0,1,"",""
ball,1,19.4,Afghanistan,Shafiqullah,Mohammad Nabi,TL Chatara,0,1,"",""
ball,1,19.5,Afghanistan,Shafiqullah,Mohammad Nabi,TL Chatara,2,0,"",""
ball,1,19.6,Afghanistan,Shafiqullah,Mohammad Nabi,TL Chatara,0,0,run out,Mohammad Nabi
ball,1,19.7,Afghanistan,Dawlat Zadran,Shafiqullah,TL Chatara,0,1,"",""
ball,1,19.8,Afghanistan,Dawlat Zadran,Shafiqullah,TL Chatara,0,1,"",""
ball,2,0.1,Zimbabwe,V Sibanda,H Masakadza,Dawlat Zadran,0,0,"",""
ball,2,0.2,Zimbabwe,V Sibanda,H Masakadza,Dawlat Zadran,2,0,"",""
ball,2,0.3,Zimbabwe,V Sibanda,H Masakadza,Dawlat Zadran,2,0,"",""
ball,2,0.4,Zimbabwe,V Sibanda,H Masakadza,Dawlat Zadran,1,0,"",""
ball,2,0.5,Zimbabwe,H Masakadza,V Sibanda,Dawlat Zadran,0,0,"",""
ball,2,0.6,Zimbabwe,H Masakadza,V Sibanda,Dawlat Zadran,2,0,"",""
ball,2,1.1,Zimbabwe,V Sibanda,H Masakadza,Hamid Hassan,1,0,"",""
ball,2,1.2,Zimbabwe,H Masakadza,V Sibanda,Hamid Hassan,1,0,"",""
ball,2,1.3,Zimbabwe,V Sibanda,H Masakadza,Hamid Hassan,0,0,"",""
ball,2,1.4,Zimbabwe,V Sibanda,H Masakadza,Hamid Hassan,1,0,"",""
ball,2,1.5,Zimbabwe,H Masakadza,V Sibanda,Hamid Hassan,0,1,"",""
ball,2,1.6,Zimbabwe,H Masakadza,V Sibanda,Hamid Hassan,1,0,"",""
ball,2,1.7,Zimbabwe,V Sibanda,H Masakadza,Hamid Hassan,1,0,"",""
ball,2,2.1,Zimbabwe,V Sibanda,H Masakadza,Dawlat Zadran,1,0,"",""
ball,2,2.2,Zimbabwe,H Masakadza,V Sibanda,Dawlat Zadran,6,0,"",""
ball,2,2.3,Zimbabwe,H Masakadza,V Sibanda,Dawlat Zadran,0,2,"",""
ball,2,2.4,Zimbabwe,V Sibanda,H Masakadza,Dawlat Zadran,0,0,"",""
ball,2,2.5,Zimbabwe,V Sibanda,H Masakadza,Dawlat Zadran,0,1,"",""
ball,2,2.6,Zimbabwe,H Masakadza,V Sibanda,Dawlat Zadran,1,0,"",""
ball,2,2.7,Zimbabwe,V Sibanda,H Masakadza,Dawlat Zadran,0,1,"",""
ball,2,3.1,Zimbabwe,V Sibanda,H Masakadza,Hamid Hassan,0,0,"",""
ball,2,3.2,Zimbabwe,V Sibanda,H Masakadza,Hamid Hassan,1,0,"",""
ball,2,3.3,Zimbabwe,H Masakadza,V Sibanda,Hamid Hassan,0,0,bowled,H Masakadza
ball,2,3.4,Zimbabwe,R Mutumbami,V Sibanda,Hamid Hassan,0,0,"",""
ball,2,3.5,Zimbabwe,R Mutumbami,V Sibanda,Hamid Hassan,0,0,"",""
ball,2,3.6,Zimbabwe,R Mutumbami,V Sibanda,Hamid Hassan,0,0,"",""
ball,2,4.1,Zimbabwe,V Sibanda,R Mutumbami,Samiullah Shenwari,0,0,"",""
ball,2,4.2,Zimbabwe,V Sibanda,R Mutumbami,Samiullah Shenwari,1,0,"",""
ball,2,4.3,Zimbabwe,R Mutumbami,V Sibanda,Samiullah Shenwari,4,0,"",""
ball,2,4.4,Zimbabwe,R Mutumbami,V Sibanda,Samiullah Shenwari,4,0,"",""
ball,2,4.5,Zimbabwe,R Mutumbami,V Sibanda,Samiullah Shenwari,0,0,"",""
ball,2,4.6,Zimbabwe,R Mutumbami,V Sibanda,Samiullah Shenwari,0,0,"",""
ball,2,5.1,Zimbabwe,V Sibanda,R Mutumbami,Mohammad Nabi,1,0,"",""
ball,2,5.2,Zimbabwe,R Mutumbami,V Sibanda,Mohammad Nabi,1,0,"",""
ball,2,5.3,Zimbabwe,V Sibanda,R Mutumbami,Mohammad Nabi,0,0,"",""
ball,2,5.4,Zimbabwe,V Sibanda,R Mutumbami,Mohammad Nabi,1,0,"",""
ball,2,5.5,Zimbabwe,R Mutumbami,V Sibanda,Mohammad Nabi,0,0,"",""
ball,2,5.6,Zimbabwe,R Mutumbami,V Sibanda,Mohammad Nabi,0,1,"",""
ball,2,5.7,Zimbabwe,R Mutumbami,V Sibanda,Mohammad Nabi,0,0,"",""
ball,2,6.1,Zimbabwe,V Sibanda,R Mutumbami,Rashid Khan,0,4,"",""
ball,2,6.2,Zimbabwe,V Sibanda,R Mutumbami,Rashid Khan,0,0,caught,V Sibanda
ball,2,6.3,Zimbabwe,SC Williams,R Mutumbami,Rashid Khan,0,0,"",""
ball,2,6.4,Zimbabwe,SC Williams,R Mutumbami,Rashid Khan,1,0,"",""
ball,2,6.5,Zimbabwe,R Mutumbami,SC Williams,Rashid Khan,1,0,"",""
ball,2,6.6,Zimbabwe,SC Williams,R Mutumbami,Rashid Khan,1,0,"",""
ball,2,7.1,Zimbabwe,SC Williams,R Mutumbami,Mohammad Nabi,0,0,"",""
ball,2,7.2,Zimbabwe,SC Williams,R Mutumbami,Mohammad Nabi,1,0,"",""
ball,2,7.3,Zimbabwe,R Mutumbami,SC Williams,Mohammad Nabi,0,0,caught,R Mutumbami
ball,2,7.4,Zimbabwe,SC Williams,MN Waller,Mohammad Nabi,1,0,"",""
ball,2,7.5,Zimbabwe,MN Waller,SC Williams,Mohammad Nabi,0,0,"",""
ball,2,7.6,Zimbabwe,MN Waller,SC Williams,Mohammad Nabi,2,0,"",""
ball,2,8.1,Zimbabwe,SC Williams,MN Waller,Samiullah Shenwari,1,0,"",""
ball,2,8.2,Zimbabwe,MN Waller,SC Williams,Samiullah Shenwari,0,0,"",""
ball,2,8.3,Zimbabwe,MN Waller,SC Williams,Samiullah Shenwari,0,0,"",""
ball,2,8.4,Zimbabwe,MN Waller,SC Williams,Samiullah Shenwari,1,0,"",""
ball,2,8.5,Zimbabwe,SC Williams,MN Waller,Samiullah Shenwari,1,0,"",""
ball,2,8.6,Zimbabwe,MN Waller,SC Williams,Samiullah Shenwari,1,0,"",""
ball,2,9.1,Zimbabwe,MN Waller,SC Williams,Rashid Khan,2,0,"",""
ball,2,9.2,Zimbabwe,MN Waller,SC Williams,Rashid Khan,0,0,"",""
ball,2,9.3,Zimbabwe,MN Waller,SC Williams,Rashid Khan,1,0,"",""
ball,2,9.4,Zimbabwe,SC Williams,MN Waller,Rashid Khan,0,0,"",""
ball,2,9.5,Zimbabwe,SC Williams,MN Waller,Rashid Khan,0,0,"",""
ball,2,9.6,Zimbabwe,SC Williams,MN Waller,Rashid Khan,1,0,"",""
ball,2,10.1,Zimbabwe,SC Williams,MN Waller,Samiullah Shenwari,1,0,"",""
ball,2,10.2,Zimbabwe,MN Waller,SC Williams,Samiullah Shenwari,0,0,bowled,MN Waller
ball,2,10.3,Zimbabwe,Sikandar Raza,SC Williams,Samiullah Shenwari,1,0,"",""
ball,2,10.4,Zimbabwe,SC Williams,Sikandar Raza,Samiullah Shenwari,4,0,"",""
ball,2,10.5,Zimbabwe,SC Williams,Sikandar Raza,Samiullah Shenwari,0,0,"",""
ball,2,10.6,Zimbabwe,SC Williams,Sikandar Raza,Samiullah Shenwari,1,0,"",""
ball,2,11.1,Zimbabwe,SC Williams,Sikandar Raza,Rashid Khan,0,0,stumped,SC Williams
ball,2,11.2,Zimbabwe,E Chigumbura,Sikandar Raza,Rashid Khan,0,0,"",""
ball,2,11.3,Zimbabwe,E Chigumbura,Sikandar Raza,Rashid Khan,0,0,"",""
ball,2,11.4,Zimbabwe,E Chigumbura,Sikandar Raza,Rashid Khan,1,0,"",""
ball,2,11.5,Zimbabwe,Sikandar Raza,E Chigumbura,Rashid Khan,0,0,"",""
ball,2,11.6,Zimbabwe,Sikandar Raza,E Chigumbura,Rashid Khan,1,0,"",""
ball,2,12.1,Zimbabwe,Sikandar Raza,E Chigumbura,Samiullah Shenwari,1,0,"",""
ball,2,12.2,Zimbabwe,E Chigumbura,Sikandar Raza,Samiullah Shenwari,1,0,"",""
ball,2,12.3,Zimbabwe,Sikandar Raza,E Chigumbura,Samiullah Shenwari,1,0,"",""
ball,2,12.4,Zimbabwe,E Chigumbura,Sikandar Raza,Samiullah Shenwari,0,4,"",""
ball,2,12.5,Zimbabwe,E Chigumbura,Sikandar Raza,Samiullah Shenwari,2,0,"",""
ball,2,12.6,Zimbabwe,E Chigumbura,Sikandar Raza,Samiullah Shenwari,6,0,"",""
ball,2,13.1,Zimbabwe,Sikandar Raza,E Chigumbura,Mohammad Nabi,2,0,"",""
ball,2,13.2,Zimbabwe,Sikandar Raza,E Chigumbura,Mohammad Nabi,0,0,"",""
ball,2,13.3,Zimbabwe,Sikandar Raza,E Chigumbura,Mohammad Nabi,1,0,"",""
ball,2,13.4,Zimbabwe,E Chigumbura,Sikandar Raza,Mohammad Nabi,0,1,"",""
ball,2,13.5,Zimbabwe,Sikandar Raza,E Chigumbura,Mohammad Nabi,2,0,"",""
ball,2,13.6,Zimbabwe,Sikandar Raza,E Chigumbura,Mohammad Nabi,1,0,"",""
ball,2,14.1,Zimbabwe,Sikandar Raza,E Chigumbura,Rashid Khan,1,0,"",""
ball,2,14.2,Zimbabwe,E Chigumbura,Sikandar Raza,Rashid Khan,0,0,"",""
ball,2,14.3,Zimbabwe,E Chigumbura,Sikandar Raza,Rashid Khan,0,0,caught,E Chigumbura
ball,2,14.4,Zimbabwe,Sikandar Raza,WP Masakadza,Rashid Khan,0,0,"",""
ball,2,14.5,Zimbabwe,Sikandar Raza,WP Masakadza,Rashid Khan,1,0,"",""
ball,2,14.6,Zimbabwe,WP Masakadza,Sikandar Raza,Rashid Khan,0,0,"",""
ball,2,15.1,Zimbabwe,Sikandar Raza,WP Masakadza,Hamid Hassan,0,0,"",""
ball,2,15.2,Zimbabwe,Sikandar Raza,WP Masakadza,Hamid Hassan,1,0,"",""
ball,2,15.3,Zimbabwe,WP Masakadza,Sikandar Raza,Hamid Hassan,1,0,"",""
ball,2,15.4,Zimbabwe,Sikandar Raza,WP Masakadza,Hamid Hassan,2,0,"",""
ball,2,15.5,Zimbabwe,Sikandar Raza,WP Masakadza,Hamid Hassan,0,0,bowled,Sikandar Raza
ball,2,15.6,Zimbabwe,DT Tiripano,WP Masakadza,Hamid Hassan,0,0,"",""
ball,2,16.1,Zimbabwe,WP Masakadza,DT Tiripano,Dawlat Zadran,1,0,"",""
ball,2,16.2,Zimbabwe,DT Tiripano,WP Masakadza,Dawlat Zadran,2,0,"",""
ball,2,16.3,Zimbabwe,DT Tiripano,WP Masakadza,Dawlat Zadran,0,0,"",""
ball,2,16.4,Zimbabwe,DT Tiripano,WP Masakadza,Dawlat Zadran,0,0,run out,DT Tiripano
ball,2,16.5,Zimbabwe,WP Masakadza,T Panyangara,Dawlat Zadran,0,0,"",""
ball,2,16.6,Zimbabwe,WP Masakadza,T Panyangara,Dawlat Zadran,4,0,"",""
ball,2,17.1,Zimbabwe,T Panyangara,WP Masakadza,Gulbadin Naib,6,0,"",""
ball,2,17.2,Zimbabwe,T Panyangara,WP Masakadza,Gulbadin Naib,0,0,"",""
ball,2,17.3,Zimbabwe,T Panyangara,WP Masakadza,Gulbadin Naib,6,0,"",""
ball,2,17.4,Zimbabwe,T Panyangara,WP Masakadza,Gulbadin Naib,2,0,"",""
ball,2,17.5,Zimbabwe,T Panyangara,WP Masakadza,Gulbadin Naib,1,0,"",""
ball,2,17.6,Zimbabwe,WP Masakadza,T Panyangara,Gulbadin Naib,0,0,"",""
ball,2,18.1,Zimbabwe,T Panyangara,WP Masakadza,Dawlat Zadran,1,0,"",""
ball,2,18.2,Zimbabwe,WP Masakadza,T Panyangara,Dawlat Zadran,0,0,bowled,WP Masakadza
ball,2,18.3,Zimbabwe,TL Chatara,T Panyangara,Dawlat Zadran,0,0,"",""
ball,2,18.4,Zimbabwe,TL Chatara,T Panyangara,Dawlat Zadran,0,0,"",""
ball,2,18.5,Zimbabwe,TL Chatara,T Panyangara,Dawlat Zadran,4,0,"",""
ball,2,18.6,Zimbabwe,TL Chatara,T Panyangara,Dawlat Zadran,1,0,"",""
ball,2,19.1,Zimbabwe,TL Chatara,T Panyangara,Asghar Stanikzai,1,0,"",""
ball,2,19.2,Zimbabwe,T Panyangara,TL Chatara,Asghar Stanikzai,1,0,"",""
ball,2,19.3,Zimbabwe,TL Chatara,T Panyangara,Asghar Stanikzai,2,0,"",""
ball,2,19.4,Zimbabwe,TL Chatara,T Panyangara,Asghar Stanikzai,0,0,caught,TL Chatara
