version,1
info,team,Bangladesh
info,team,Zimbabwe
info,gender,male
info,season,2015/16
info,date,2016/01/20
info,series,Walton T20 Cricket Series
info,match_number,3
info,venue,Sheikh Abu Naser Stadium
info,city,Khulna
info,toss_winner,Zimbabwe
info,toss_decision,bat
info,player_of_match,MN Waller
info,umpire,Anisur Rahman
info,umpire,Enamul Haque
info,reserve_umpire,Masudur Rahman
info,tv_umpire,Sharfuddoula
info,match_referee,BC Broad
info,winner,Zimbabwe
info,winner_runs,31
ball,1,0.1,Zimbabwe,H Masakadza,V Sibanda,Abu Hider,0,0,"",""
ball,1,0.2,Zimbabwe,H Masakadza,V Sibanda,Abu Hider,0,1,"",""
ball,1,0.3,Zimbabwe,V Sibanda,H Masakadza,Abu Hider,4,0,"",""
ball,1,0.4,Zimbabwe,V Sibanda,H Masakadza,Abu Hider,2,0,"",""
ball,1,0.5,Zimbabwe,V Sibanda,H Masakadza,Abu Hider,0,0,"",""
ball,1,0.6,Zimbabwe,V Sibanda,H Masakadza,Abu Hider,0,0,"",""
ball,1,1.1,Zimbabwe,H Masakadza,V Sibanda,Mohammad Shahid,0,0,"",""
ball,1,1.2,Zimbabwe,H Masakadza,V Sibanda,Mohammad Shahid,0,0,"",""
ball,1,1.3,Zimbabwe,H Masakadza,V Sibanda,Mohammad Shahid,0,0,"",""
ball,1,1.4,Zimbabwe,H Masakadza,V Sibanda,Mohammad Shahid,4,0,"",""
ball,1,1.5,Zimbabwe,H Masakadza,V Sibanda,Mohammad Shahid,0,0,"",""
ball,1,1.6,Zimbabwe,H Masakadza,V Sibanda,Mohammad Shahid,0,0,"",""
ball,1,2.1,Zimbabwe,V Sibanda,H Masakadza,Abu Hider,0,0,"",""
ball,1,2.2,Zimbabwe,V Sibanda,H Masakadza,Abu Hider,4,0,"",""
ball,1,2.3,Zimbabwe,V Sibanda,H Masakadza,Abu Hider,6,0,"",""
ball,1,2.4,Zimbabwe,V Sibanda,H Masakadza,Abu Hider,4,0,"",""
ball,1,2.5,Zimbabwe,V Sibanda,H Masakadza,Abu Hider,4,0,"",""
ball,1,2.6,Zimbabwe,V Sibanda,H Masakadza,Abu Hider,0,0,"",""
ball,1,3.1,Zimbabwe,H Masakadza,V Sibanda,Mohammad Shahid,0,0,"",""
ball,1,3.2,Zimbabwe,H Masakadza,V Sibanda,Mohammad Shahid,4,0,"",""
ball,1,3.3,Zimbabwe,H Masakadza,V Sibanda,Mohammad Shahid,4,0,"",""
ball,1,3.4,Zimbabwe,H Masakadza,V Sibanda,Mohammad Shahid,4,0,"",""
ball,1,3.5,Zimbabwe,H Masakadza,V Sibanda,Mohammad Shahid,4,0,"",""
ball,1,3.6,Zimbabwe,H Masakadza,V Sibanda,Mohammad Shahid,0,0,caught,H Masakadza
ball,1,4.1,Zimbabwe,V Sibanda,R Mutumbami,Muktar Ali,4,0,"",""
ball,1,4.2,Zimbabwe,V Sibanda,R Mutumbami,Muktar Ali,0,0,"",""
ball,1,4.3,Zimbabwe,V Sibanda,R Mutumbami,Muktar Ali,1,0,"",""
ball,1,4.4,Zimbabwe,R Mutumbami,V Sibanda,Muktar Ali,0,0,"",""
ball,1,4.5,Zimbabwe,R Mutumbami,V Sibanda,Muktar Ali,1,0,"",""
ball,1,4.6,Zimbabwe,V Sibanda,R Mutumbami,Muktar Ali,1,0,"",""
ball,1,5.1,Zimbabwe,V Sibanda,R Mutumbami,Mashrafe Mortaza,1,0,"",""
ball,1,5.2,Zimbabwe,R Mutumbami,V Sibanda,Mashrafe Mortaza,0,0,"",""
ball,1,5.3,Zimbabwe,R Mutumbami,V Sibanda,Mashrafe Mortaza,1,0,"",""
ball,1,5.4,Zimbabwe,V Sibanda,R Mutumbami,Mashrafe Mortaza,4,0,"",""
ball,1,5.5,Zimbabwe,V Sibanda,R Mutumbami,Mashrafe Mortaza,1,0,"",""
ball,1,5.6,Zimbabwe,R Mutumbami,V Sibanda,Mashrafe Mortaza,0,0,"",""
ball,1,6.1,Zimbabwe,V Sibanda,R Mutumbami,Shakib Al Hasan,0,0,"",""
ball,1,6.2,Zimbabwe,V Sibanda,R Mutumbami,Shakib Al Hasan,1,0,"",""
ball,1,6.3,Zimbabwe,R Mutumbami,V Sibanda,Shakib Al Hasan,4,0,"",""
ball,1,6.4,Zimbabwe,R Mutumbami,V Sibanda,Shakib Al Hasan,1,0,"",""
ball,1,6.5,Zimbabwe,V Sibanda,R Mutumbami,Shakib Al Hasan,1,0,"",""
ball,1,6.6,Zimbabwe,R Mutumbami,V Sibanda,Shakib Al Hasan,6,0,"",""
ball,1,7.1,Zimbabwe,V Sibanda,R Mutumbami,Mashrafe Mortaza,0,0,"",""
ball,1,7.2,Zimbabwe,V Sibanda,R Mutumbami,Mashrafe Mortaza,1,0,"",""
ball,1,7.3,Zimbabwe,R Mutumbami,V Sibanda,Mashrafe Mortaza,6,0,"",""
ball,1,7.4,Zimbabwe,R Mutumbami,V Sibanda,Mashrafe Mortaza,0,0,"",""
ball,1,7.5,Zimbabwe,R Mutumbami,V Sibanda,Mashrafe Mortaza,0,0,"",""
ball,1,7.6,Zimbabwe,R Mutumbami,V Sibanda,Mashrafe Mortaza,1,0,"",""
ball,1,8.1,Zimbabwe,R Mutumbami,V Sibanda,Shakib Al Hasan,0,0,"",""
ball,1,8.2,Zimbabwe,R Mutumbami,V Sibanda,Shakib Al Hasan,0,0,caught,R Mutumbami
ball,1,8.3,Zimbabwe,SC Williams,V Sibanda,Shakib Al Hasan,1,0,"",""
ball,1,8.4,Zimbabwe,V Sibanda,SC Williams,Shakib Al Hasan,0,0,"",""
ball,1,8.5,Zimbabwe,V Sibanda,SC Williams,Shakib Al Hasan,0,0,"",""
ball,1,8.6,Zimbabwe,V Sibanda,SC Williams,Shakib Al Hasan,1,0,"",""
ball,1,9.1,Zimbabwe,V Sibanda,SC Williams,Mosaddek Hossain,1,0,"",""
ball,1,9.2,Zimbabwe,SC Williams,V Sibanda,Mosaddek Hossain,1,0,"",""
ball,1,9.3,Zimbabwe,V Sibanda,SC Williams,Mosaddek Hossain,1,0,"",""
ball,1,9.4,Zimbabwe,SC Williams,V Sibanda,Mosaddek Hossain,1,0,"",""
ball,1,9.5,Zimbabwe,V Sibanda,SC Williams,Mosaddek Hossain,0,0,"",""
ball,1,9.6,Zimbabwe,V Sibanda,SC Williams,Mosaddek Hossain,1,0,"",""
ball,1,10.1,Zimbabwe,V Sibanda,SC Williams,Shakib Al Hasan,0,0,"",""
ball,1,10.2,Zimbabwe,V Sibanda,SC Williams,Shakib Al Hasan,0,0,"",""
ball,1,10.3,Zimbabwe,V Sibanda,SC Williams,Shakib Al Hasan,1,0,"",""
ball,1,10.4,Zimbabwe,SC Williams,V Sibanda,Shakib Al Hasan,1,0,"",""
ball,1,10.5,Zimbabwe,V Sibanda,SC Williams,Shakib Al Hasan,0,0,caught,V Sibanda
ball,1,10.6,Zimbabwe,MN Waller,SC Williams,Shakib Al Hasan,1,0,"",""
ball,1,11.1,Zimbabwe,MN Waller,SC Williams,Mosaddek Hossain,1,0,"",""
ball,1,11.2,Zimbabwe,SC Williams,MN Waller,Mosaddek Hossain,1,0,"",""
ball,1,11.3,Zimbabwe,MN Waller,SC Williams,Mosaddek Hossain,1,0,"",""
ball,1,11.4,Zimbabwe,SC Williams,MN Waller,Mosaddek Hossain,0,0,"",""
ball,1,11.5,Zimbabwe,SC Williams,MN Waller,Mosaddek Hossain,0,1,"",""
ball,1,11.6,Zimbabwe,MN Waller,SC Williams,Mosaddek Hossain,2,0,"",""
ball,1,12.1,Zimbabwe,SC Williams,MN Waller,Abu Hider,0,0,"",""
ball,1,12.2,Zimbabwe,SC Williams,MN Waller,Abu Hider,1,0,"",""
ball,1,12.3,Zimbabwe,MN Waller,SC Williams,Abu Hider,4,0,"",""
ball,1,12.4,Zimbabwe,MN Waller,SC Williams,Abu Hider,0,0,"",""
ball,1,12.5,Zimbabwe,MN Waller,SC Williams,Abu Hider,1,0,"",""
ball,1,12.6,Zimbabwe,SC Williams,MN Waller,Abu Hider,0,0,"",""
ball,1,13.1,Zimbabwe,MN Waller,SC Williams,Muktar Ali,4,0,"",""
ball,1,13.2,Zimbabwe,MN Waller,SC Williams,Muktar Ali,1,0,"",""
ball,1,13.3,Zimbabwe,SC Williams,MN Waller,Muktar Ali,0,0,"",""
ball,1,13.4,Zimbabwe,SC Williams,MN Waller,Muktar Ali,2,0,"",""
ball,1,13.5,Zimbabwe,SC Williams,MN Waller,Muktar Ali,2,0,"",""
ball,1,13.6,Zimbabwe,SC Williams,MN Waller,Muktar Ali,1,0,"",""
ball,1,14.1,Zimbabwe,SC Williams,MN Waller,Mahmudullah,1,0,"",""
ball,1,14.2,Zimbabwe,MN Waller,SC Williams,Mahmudullah,0,3,"",""
ball,1,14.3,Zimbabwe,MN Waller,SC Williams,Mahmudullah,6,0,"",""
ball,1,14.4,Zimbabwe,MN Waller,SC Williams,Mahmudullah,1,0,"",""
ball,1,14.5,Zimbabwe,SC Williams,MN Waller,Mahmudullah,1,0,"",""
ball,1,14.6,Zimbabwe,MN Waller,SC Williams,Mahmudullah,1,0,"",""
ball,1,14.7,Zimbabwe,SC Williams,MN Waller,Mahmudullah,4,0,"",""
ball,1,15.1,Zimbabwe,MN Waller,SC Williams,Mohammad Shahid,6,0,"",""
ball,1,15.2,Zimbabwe,MN Waller,SC Williams,Mohammad Shahid,2,0,"",""
ball,1,15.3,Zimbabwe,MN Waller,SC Williams,Mohammad Shahid,2,0,"",""
ball,1,15.4,Zimbabwe,MN Waller,SC Williams,Mohammad Shahid,1,0,"",""
ball,1,15.5,Zimbabwe,SC Williams,MN Waller,Mohammad Shahid,1,0,"",""
ball,1,15.6,Zimbabwe,MN Waller,SC Williams,Mohammad Shahid,0,0,"",""
ball,1,16.1,Zimbabwe,SC Williams,MN Waller,Mashrafe Mortaza,1,0,"",""
ball,1,16.2,Zimbabwe,MN Waller,SC Williams,Mashrafe Mortaza,1,0,"",""
ball,1,16.3,Zimbabwe,SC Williams,MN Waller,Mashrafe Mortaza,4,0,"",""
ball,1,16.4,Zimbabwe,SC Williams,MN Waller,Mashrafe Mortaza,1,0,"",""
ball,1,16.5,Zimbabwe,MN Waller,SC Williams,Mashrafe Mortaza,6,0,"",""
ball,1,16.6,Zimbabwe,MN Waller,SC Williams,Mashrafe Mortaza,1,0,"",""
ball,1,17.1,Zimbabwe,MN Waller,SC Williams,Shakib Al Hasan,1,0,"",""
ball,1,17.2,Zimbabwe,SC Williams,MN Waller,Shakib Al Hasan,0,0,"",""
ball,1,17.3,Zimbabwe,SC Williams,MN Waller,Shakib Al Hasan,1,0,"",""
ball,1,17.4,Zimbabwe,MN Waller,SC Williams,Shakib Al Hasan,6,0,"",""
ball,1,17.5,Zimbabwe,MN Waller,SC Williams,Shakib Al Hasan,0,0,caught,MN Waller
ball,1,17.6,Zimbabwe,SC Williams,Sikandar Raza,Shakib Al Hasan,6,0,"",""
ball,1,18.1,Zimbabwe,Sikandar Raza,SC Williams,Mashrafe Mortaza,0,0,"",""
ball,1,18.2,Zimbabwe,Sikandar Raza,SC Williams,Mashrafe Mortaza,4,0,"",""
ball,1,18.3,Zimbabwe,Sikandar Raza,SC Williams,Mashrafe Mortaza,0,0,"",""
ball,1,18.4,Zimbabwe,Sikandar Raza,SC Williams,Mashrafe Mortaza,1,0,"",""
ball,1,18.5,Zimbabwe,SC Williams,Sikandar Raza,Mashrafe Mortaza,1,0,"",""
ball,1,18.6,Zimbabwe,Sikandar Raza,SC Williams,Mashrafe Mortaza,2,0,"",""
ball,1,19.1,Zimbabwe,SC Williams,Sikandar Raza,Abu Hider,0,0,lbw,SC Williams
ball,1,19.2,Zimbabwe,PJ Moor,Sikandar Raza,Abu Hider,2,0,"",""
ball,1,19.3,Zimbabwe,PJ Moor,Sikandar Raza,Abu Hider,6,0,"",""
ball,1,19.4,Zimbabwe,PJ Moor,Sikandar Raza,Abu Hider,1,0,"",""
ball,1,19.5,Zimbabwe,Sikandar Raza,PJ Moor,Abu Hider,0,0,caught,Sikandar Raza
ball,1,19.6,Zimbabwe,PJ Moor,AG Cremer,Abu Hider,1,0,"",""
ball,2,0.1,Bangladesh,Imrul Kayes,Soumya Sarkar,TS Chisoro,1,0,"",""
ball,2,0.2,Bangladesh,Soumya Sarkar,Imrul Kayes,TS Chisoro,0,0,"",""
ball,2,0.3,Bangladesh,Soumya Sarkar,Imrul Kayes,TS Chisoro,0,0,"",""
ball,2,0.4,Bangladesh,Soumya Sarkar,Imrul Kayes,TS Chisoro,1,0,"",""
ball,2,0.5,Bangladesh,Imrul Kayes,Soumya Sarkar,TS Chisoro,0,0,"",""
ball,2,0.6,Bangladesh,Imrul Kayes,Soumya Sarkar,TS Chisoro,0,0,bowled,Imrul Kayes
ball,2,1.1,Bangladesh,Soumya Sarkar,Sabbir Rahman,BV Vitori,4,0,"",""
ball,2,1.2,Bangladesh,Soumya Sarkar,Sabbir Rahman,BV Vitori,3,0,"",""
ball,2,1.3,Bangladesh,Sabbir Rahman,Soumya Sarkar,BV Vitori,0,0,"",""
ball,2,1.4,Bangladesh,Sabbir Rahman,Soumya Sarkar,BV Vitori,0,1,"",""
ball,2,1.5,Bangladesh,Sabbir Rahman,Soumya Sarkar,BV Vitori,0,0,"",""
ball,2,1.6,Bangladesh,Sabbir Rahman,Soumya Sarkar,BV Vitori,1,0,"",""
ball,2,1.7,Bangladesh,Soumya Sarkar,Sabbir Rahman,BV Vitori,4,0,"",""
ball,2,2.1,Bangladesh,Sabbir Rahman,Soumya Sarkar,TS Chisoro,1,0,"",""
ball,2,2.2,Bangladesh,Soumya Sarkar,Sabbir Rahman,TS Chisoro,0,0,"",""
ball,2,2.3,Bangladesh,Soumya Sarkar,Sabbir Rahman,TS Chisoro,1,0,"",""
ball,2,2.4,Bangladesh,Sabbir Rahman,Soumya Sarkar,TS Chisoro,0,1,"",""
ball,2,2.5,Bangladesh,Soumya Sarkar,Sabbir Rahman,TS Chisoro,4,0,"",""
ball,2,2.6,Bangladesh,Soumya Sarkar,Sabbir Rahman,TS Chisoro,0,0,"",""
ball,2,3.1,Bangladesh,Sabbir Rahman,Soumya Sarkar,T Muzarabani,4,0,"",""
ball,2,3.2,Bangladesh,Sabbir Rahman,Soumya Sarkar,T Muzarabani,4,0,"",""
ball,2,3.3,Bangladesh,Sabbir Rahman,Soumya Sarkar,T Muzarabani,2,0,"",""
ball,2,3.4,Bangladesh,Sabbir Rahman,Soumya Sarkar,T Muzarabani,1,0,"",""
ball,2,3.5,Bangladesh,Soumya Sarkar,Sabbir Rahman,T Muzarabani,0,0,"",""
ball,2,3.6,Bangladesh,Soumya Sarkar,Sabbir Rahman,T Muzarabani,0,0,"",""
ball,2,4.1,Bangladesh,Sabbir Rahman,Soumya Sarkar,BV Vitori,0,0,"",""
ball,2,4.2,Bangladesh,Sabbir Rahman,Soumya Sarkar,BV Vitori,0,0,"",""
ball,2,4.3,Bangladesh,Sabbir Rahman,Soumya Sarkar,BV Vitori,4,0,"",""
ball,2,4.4,Bangladesh,Sabbir Rahman,Soumya Sarkar,BV Vitori,4,0,"",""
ball,2,4.5,Bangladesh,Sabbir Rahman,Soumya Sarkar,BV Vitori,0,0,"",""
ball,2,4.6,Bangladesh,Sabbir Rahman,Soumya Sarkar,BV Vitori,1,0,"",""
ball,2,5.1,Bangladesh,Sabbir Rahman,Soumya Sarkar,T Muzarabani,4,0,"",""
ball,2,5.2,Bangladesh,Sabbir Rahman,Soumya Sarkar,T Muzarabani,4,0,"",""
ball,2,5.3,Bangladesh,Sabbir Rahman,Soumya Sarkar,T Muzarabani,4,0,"",""
ball,2,5.4,Bangladesh,Sabbir Rahman,Soumya Sarkar,T Muzarabani,0,0,"",""
ball,2,5.5,Bangladesh,Sabbir Rahman,Soumya Sarkar,T Muzarabani,0,0,"",""
ball,2,5.6,Bangladesh,Sabbir Rahman,Soumya Sarkar,T Muzarabani,0,0,"",""
ball,2,6.1,Bangladesh,Soumya Sarkar,Sabbir Rahman,SC Williams,0,1,"",""
ball,2,6.2,Bangladesh,Sabbir Rahman,Soumya Sarkar,SC Williams,1,0,"",""
ball,2,6.3,Bangladesh,Soumya Sarkar,Sabbir Rahman,SC Williams,0,0,"",""
ball,2,6.4,Bangladesh,Soumya Sarkar,Sabbir Rahman,SC Williams,6,0,"",""
ball,2,6.5,Bangladesh,Soumya Sarkar,Sabbir Rahman,SC Williams,1,0,"",""
ball,2,6.6,Bangladesh,Sabbir Rahman,Soumya Sarkar,SC Williams,4,0,"",""
ball,2,7.1,Bangladesh,Soumya Sarkar,Sabbir Rahman,AG Cremer,0,0,"",""
ball,2,7.2,Bangladesh,Soumya Sarkar,Sabbir Rahman,AG Cremer,0,0,"",""
ball,2,7.3,Bangladesh,Soumya Sarkar,Sabbir Rahman,AG Cremer,0,0,"",""
ball,2,7.4,Bangladesh,Soumya Sarkar,Sabbir Rahman,AG Cremer,1,0,"",""
ball,2,7.5,Bangladesh,Sabbir Rahman,Soumya Sarkar,AG Cremer,1,0,"",""
ball,2,7.6,Bangladesh,Soumya Sarkar,Sabbir Rahman,AG Cremer,0,0,caught,Soumya Sarkar
ball,2,8.1,Bangladesh,Mosaddek Hossain,Sabbir Rahman,SC Williams,1,0,"",""
ball,2,8.2,Bangladesh,Sabbir Rahman,Mosaddek Hossain,SC Williams,1,0,"",""
ball,2,8.3,Bangladesh,Mosaddek Hossain,Sabbir Rahman,SC Williams,1,0,"",""
ball,2,8.4,Bangladesh,Sabbir Rahman,Mosaddek Hossain,SC Williams,0,0,"",""
ball,2,8.5,Bangladesh,Sabbir Rahman,Mosaddek Hossain,SC Williams,1,0,"",""
ball,2,8.6,Bangladesh,Mosaddek Hossain,Sabbir Rahman,SC Williams,1,0,"",""
ball,2,9.1,Bangladesh,Mosaddek Hossain,Sabbir Rahman,AG Cremer,1,0,"",""
ball,2,9.2,Bangladesh,Sabbir Rahman,Mosaddek Hossain,AG Cremer,1,0,"",""
ball,2,9.3,Bangladesh,Mosaddek Hossain,Sabbir Rahman,AG Cremer,0,0,"",""
ball,2,9.4,Bangladesh,Mosaddek Hossain,Sabbir Rahman,AG Cremer,0,0,"",""
ball,2,9.5,Bangladesh,Mosaddek Hossain,Sabbir Rahman,AG Cremer,4,0,"",""
ball,2,9.6,Bangladesh,Mosaddek Hossain,Sabbir Rahman,AG Cremer,1,0,"",""
ball,2,10.1,Bangladesh,Mosaddek Hossain,Sabbir Rahman,SC Williams,0,0,"",""
ball,2,10.2,Bangladesh,Mosaddek Hossain,Sabbir Rahman,SC Williams,1,1,"",""
ball,2,10.3,Bangladesh,Sabbir Rahman,Mosaddek Hossain,SC Williams,1,0,"",""
ball,2,10.4,Bangladesh,Mosaddek Hossain,Sabbir Rahman,SC Williams,0,0,"",""
ball,2,10.5,Bangladesh,Mosaddek Hossain,Sabbir Rahman,SC Williams,1,0,"",""
ball,2,10.6,Bangladesh,Sabbir Rahman,Mosaddek Hossain,SC Williams,2,0,"",""
ball,2,10.7,Bangladesh,Sabbir Rahman,Mosaddek Hossain,SC Williams,4,0,"",""
ball,2,11.1,Bangladesh,Mosaddek Hossain,Sabbir Rahman,Sikandar Raza,1,0,"",""
ball,2,11.2,Bangladesh,Sabbir Rahman,Mosaddek Hossain,Sikandar Raza,0,0,caught,Sabbir Rahman
ball,2,11.3,Bangladesh,Shakib Al Hasan,Mosaddek Hossain,Sikandar Raza,0,0,"",""
ball,2,11.4,Bangladesh,Shakib Al Hasan,Mosaddek Hossain,Sikandar Raza,0,0,"",""
ball,2,11.5,Bangladesh,Shakib Al Hasan,Mosaddek Hossain,Sikandar Raza,1,0,"",""
ball,2,11.6,Bangladesh,Mosaddek Hossain,Shakib Al Hasan,Sikandar Raza,0,1,"",""
ball,2,11.7,Bangladesh,Mosaddek Hossain,Shakib Al Hasan,Sikandar Raza,0,1,"",""
ball,2,12.1,Bangladesh,Mosaddek Hossain,Shakib Al Hasan,TS Chisoro,1,0,"",""
ball,2,12.2,Bangladesh,Shakib Al Hasan,Mosaddek Hossain,TS Chisoro,0,0,"",""
ball,2,12.3,Bangladesh,Shakib Al Hasan,Mosaddek Hossain,TS Chisoro,1,0,"",""
ball,2,12.4,Bangladesh,Mosaddek Hossain,Shakib Al Hasan,TS Chisoro,0,0,"",""
ball,2,12.5,Bangladesh,Mosaddek Hossain,Shakib Al Hasan,TS Chisoro,1,0,"",""
ball,2,12.6,Bangladesh,Shakib Al Hasan,Mosaddek Hossain,TS Chisoro,0,0,"",""
ball,2,13.1,Bangladesh,Mosaddek Hossain,Shakib Al Hasan,Sikandar Raza,1,0,"",""
ball,2,13.2,Bangladesh,Shakib Al Hasan,Mosaddek Hossain,Sikandar Raza,0,0,"",""
ball,2,13.3,Bangladesh,Shakib Al Hasan,Mosaddek Hossain,Sikandar Raza,0,0,"",""
ball,2,13.4,Bangladesh,Shakib Al Hasan,Mosaddek Hossain,Sikandar Raza,1,0,"",""
ball,2,13.5,Bangladesh,Mosaddek Hossain,Shakib Al Hasan,Sikandar Raza,0,0,bowled,Mosaddek Hossain
ball,2,13.6,Bangladesh,Mahmudullah,Shakib Al Hasan,Sikandar Raza,2,0,"",""
ball,2,14.1,Bangladesh,Shakib Al Hasan,Mahmudullah,AG Cremer,0,0,caught,Shakib Al Hasan
ball,2,14.2,Bangladesh,Muktar Ali,Mahmudullah,AG Cremer,1,0,"",""
ball,2,14.3,Bangladesh,Mahmudullah,Muktar Ali,AG Cremer,2,0,"",""
ball,2,14.4,Bangladesh,Mahmudullah,Muktar Ali,AG Cremer,2,0,"",""
ball,2,14.5,Bangladesh,Mahmudullah,Muktar Ali,AG Cremer,0,0,caught,Mahmudullah
ball,2,14.6,Bangladesh,Muktar Ali,Nurul Hasan,AG Cremer,2,0,"",""
ball,2,15.1,Bangladesh,Nurul Hasan,Muktar Ali,TS Chisoro,1,0,"",""
ball,2,15.2,Bangladesh,Muktar Ali,Nurul Hasan,TS Chisoro,0,0,"",""
ball,2,15.3,Bangladesh,Muktar Ali,Nurul Hasan,TS Chisoro,1,0,"",""
ball,2,15.4,Bangladesh,Nurul Hasan,Muktar Ali,TS Chisoro,1,0,"",""
ball,2,15.5,Bangladesh,Muktar Ali,Nurul Hasan,TS Chisoro,0,0,"",""
ball,2,15.6,Bangladesh,Muktar Ali,Nurul Hasan,TS Chisoro,1,0,"",""
ball,2,16.1,Bangladesh,Muktar Ali,Nurul Hasan,AG Cremer,0,0,"",""
ball,2,16.2,Bangladesh,Muktar Ali,Nurul Hasan,AG Cremer,1,0,"",""
ball,2,16.3,Bangladesh,Nurul Hasan,Muktar Ali,AG Cremer,0,0,"",""
ball,2,16.4,Bangladesh,Nurul Hasan,Muktar Ali,AG Cremer,0,0,"",""
ball,2,16.5,Bangladesh,Nurul Hasan,Muktar Ali,AG Cremer,0,0,"",""
ball,2,16.6,Bangladesh,Nurul Hasan,Muktar Ali,AG Cremer,1,0,"",""
ball,2,17.1,Bangladesh,Nurul Hasan,Muktar Ali,BV Vitori,4,0,"",""
ball,2,17.2,Bangladesh,Nurul Hasan,Muktar Ali,BV Vitori,1,0,"",""
ball,2,17.3,Bangladesh,Muktar Ali,Nurul Hasan,BV Vitori,1,0,"",""
ball,2,17.4,Bangladesh,Nurul Hasan,Muktar Ali,BV Vitori,4,0,"",""
ball,2,17.5,Bangladesh,Nurul Hasan,Muktar Ali,BV Vitori,1,0,"",""
ball,2,17.6,Bangladesh,Muktar Ali,Nurul Hasan,BV Vitori,0,0,"",""
ball,2,18.1,Bangladesh,Nurul Hasan,Muktar Ali,T Muzarabani,4,0,"",""
ball,2,18.2,Bangladesh,Nurul Hasan,Muktar Ali,T Muzarabani,4,0,"",""
ball,2,18.3,Bangladesh,Nurul Hasan,Muktar Ali,T Muzarabani,0,1,"",""
ball,2,18.4,Bangladesh,Nurul Hasan,Muktar Ali,T Muzarabani,1,0,"",""
ball,2,18.5,Bangladesh,Muktar Ali,Nurul Hasan,T Muzarabani,1,0,"",""
ball,2,18.6,Bangladesh,Nurul Hasan,Muktar Ali,T Muzarabani,1,0,"",""
ball,2,18.7,Bangladesh,Muktar Ali,Nurul Hasan,T Muzarabani,6,0,"",""
ball,2,19.1,Bangladesh,Nurul Hasan,Muktar Ali,BV Vitori,2,0,"",""
ball,2,19.2,Bangladesh,Nurul Hasan,Muktar Ali,BV Vitori,4,0,"",""
ball,2,19.3,Bangladesh,Nurul Hasan,Muktar Ali,BV Vitori,1,0,"",""
ball,2,19.4,Bangladesh,Muktar Ali,Nurul Hasan,BV Vitori,0,0,"",""
ball,2,19.5,Bangladesh,Muktar Ali,Nurul Hasan,BV Vitori,4,0,"",""
ball,2,19.6,Bangladesh,Muktar Ali,Nurul Hasan,BV Vitori,1,0,"",""
